[2025-07-14T15:59:12.869+0000] {manager.py:483} INFO - Processing files using up to 2 processes at a time 
[2025-07-14T15:59:12.870+0000] {manager.py:484} INFO - Process each file at most once every 30 seconds
[2025-07-14T15:59:12.871+0000] {manager.py:486} INFO - Checking for new files in /opt/airflow/dags every 300 seconds
[2025-07-14T15:59:12.872+0000] {manager.py:724} INFO - Searching for files in /opt/airflow/dags
[2025-07-14T15:59:12.883+0000] {manager.py:727} INFO - There are 36 files in /opt/airflow/dags
[2025-07-14T15:59:12.972+0000] {manager.py:846} INFO - 
================================================================================
DAG File Processing Stats

File Path                                                                                                           PID  Runtime      # DAGs    # Errors  Last Runtime    Last Run
----------------------------------------------------------------------------------------------------------------  -----  ---------  --------  ----------  --------------  ----------
/home/airflow/.local/lib/python3.7/site-packages/airflow/example_dags/example_short_circuit_decorator.py             46  0.04s             0           0
/home/airflow/.local/lib/python3.7/site-packages/airflow/example_dags/example_bash_operator.py                       47  0.03s             0           0
/home/airflow/.local/lib/python3.7/site-packages/airflow/example_dags/tutorial_taskflow_api.py                                             0           0
/home/airflow/.local/lib/python3.7/site-packages/airflow/example_dags/example_latest_only_with_trigger.py                                  0           0
/home/airflow/.local/lib/python3.7/site-packages/airflow/example_dags/tutorial.py                                                          0           0
/home/airflow/.local/lib/python3.7/site-packages/airflow/example_dags/example_branch_operator_decorator.py                                 0           0
/home/airflow/.local/lib/python3.7/site-packages/airflow/example_dags/example_complex.py                                                   0           0
/home/airflow/.local/lib/python3.7/site-packages/airflow/example_dags/example_branch_operator.py                                           0           0
/home/airflow/.local/lib/python3.7/site-packages/airflow/example_dags/example_python_operator.py                                           0           0
/home/airflow/.local/lib/python3.7/site-packages/airflow/example_dags/example_branch_labels.py                                             0           0
/home/airflow/.local/lib/python3.7/site-packages/airflow/example_dags/example_latest_only.py                                               0           0
/home/airflow/.local/lib/python3.7/site-packages/airflow/example_dags/example_subdag_operator.py                                           0           0
/home/airflow/.local/lib/python3.7/site-packages/airflow/example_dags/example_kubernetes_executor.py                                       0           0
/home/airflow/.local/lib/python3.7/site-packages/airflow/example_dags/example_external_task_marker_dag.py                                  0           0
/home/airflow/.local/lib/python3.7/site-packages/airflow/example_dags/example_short_circuit_operator.py                                    0           0
/home/airflow/.local/lib/python3.7/site-packages/airflow/example_dags/example_dag_decorator.py                                             0           0
/home/airflow/.local/lib/python3.7/site-packages/airflow/example_dags/example_datasets.py                                                  0           0
/home/airflow/.local/lib/python3.7/site-packages/airflow/example_dags/example_trigger_target_dag.py                                        0           0
/home/airflow/.local/lib/python3.7/site-packages/airflow/example_dags/example_xcom.py                                                      0           0
/home/airflow/.local/lib/python3.7/site-packages/airflow/example_dags/example_local_kubernetes_executor.py                                 0           0
/home/airflow/.local/lib/python3.7/site-packages/airflow/example_dags/example_branch_day_of_week_operator.py                               0           0
/home/airflow/.local/lib/python3.7/site-packages/airflow/example_dags/example_time_delta_sensor_async.py                                   0           0
/home/airflow/.local/lib/python3.7/site-packages/airflow/example_dags/example_trigger_controller_dag.py                                    0           0
/home/airflow/.local/lib/python3.7/site-packages/airflow/example_dags/tutorial_dag.py                                                      0           0
/home/airflow/.local/lib/python3.7/site-packages/airflow/example_dags/tutorial_taskflow_api_virtualenv.py                                  0           0
/home/airflow/.local/lib/python3.7/site-packages/airflow/example_dags/example_branch_datetime_operator.py                                  0           0
/home/airflow/.local/lib/python3.7/site-packages/airflow/example_dags/example_passing_params_via_test_command.py                           0           0
/home/airflow/.local/lib/python3.7/site-packages/airflow/example_dags/example_task_group_decorator.py                                      0           0
/home/airflow/.local/lib/python3.7/site-packages/airflow/example_dags/example_branch_python_dop_operator_3.py                              0           0
/home/airflow/.local/lib/python3.7/site-packages/airflow/example_dags/example_xcomargs.py                                                  0           0
/home/airflow/.local/lib/python3.7/site-packages/airflow/example_dags/example_sla_dag.py                                                   0           0
/home/airflow/.local/lib/python3.7/site-packages/airflow/example_dags/example_nested_branch_dag.py                                         0           0
/home/airflow/.local/lib/python3.7/site-packages/airflow/example_dags/example_task_group.py                                                0           0
/home/airflow/.local/lib/python3.7/site-packages/airflow/example_dags/example_skip_dag.py                                                  0           0
/home/airflow/.local/lib/python3.7/site-packages/airflow/example_dags/plugins/workday.py                                                   0           0
/home/airflow/.local/lib/python3.7/site-packages/airflow/example_dags/subdags/subdag.py                                                    0           0
================================================================================
[2025-07-14T15:59:43.157+0000] {manager.py:846} INFO - 
================================================================================
DAG File Processing Stats

File Path                                                                                                         PID    Runtime      # DAGs    # Errors  Last Runtime    Last Run
----------------------------------------------------------------------------------------------------------------  -----  ---------  --------  ----------  --------------  -------------------
/home/airflow/.local/lib/python3.7/site-packages/airflow/example_dags/plugins/workday.py                                                   0           0  0.07s           2025-07-14T15:59:20
/home/airflow/.local/lib/python3.7/site-packages/airflow/example_dags/subdags/subdag.py                                                    0           0  0.06s           2025-07-14T15:59:21
/home/airflow/.local/lib/python3.7/site-packages/airflow/example_dags/example_short_circuit_decorator.py                                   1           0  0.51s           2025-07-14T15:59:13
/home/airflow/.local/lib/python3.7/site-packages/airflow/example_dags/example_bash_operator.py                                             1           0  0.54s           2025-07-14T15:59:13
/home/airflow/.local/lib/python3.7/site-packages/airflow/example_dags/tutorial_taskflow_api.py                                             1           0  0.40s           2025-07-14T15:59:13
/home/airflow/.local/lib/python3.7/site-packages/airflow/example_dags/example_latest_only_with_trigger.py                                  1           0  0.40s           2025-07-14T15:59:13
/home/airflow/.local/lib/python3.7/site-packages/airflow/example_dags/tutorial.py                                                          1           0  0.36s           2025-07-14T15:59:14
/home/airflow/.local/lib/python3.7/site-packages/airflow/example_dags/example_branch_operator_decorator.py                                 1           0  0.36s           2025-07-14T15:59:14
/home/airflow/.local/lib/python3.7/site-packages/airflow/example_dags/example_complex.py                                                   1           0  0.39s           2025-07-14T15:59:14
/home/airflow/.local/lib/python3.7/site-packages/airflow/example_dags/example_branch_operator.py                                           1           0  0.38s           2025-07-14T15:59:14
/home/airflow/.local/lib/python3.7/site-packages/airflow/example_dags/example_python_operator.py                                           1           0  0.35s           2025-07-14T15:59:14
/home/airflow/.local/lib/python3.7/site-packages/airflow/example_dags/example_branch_labels.py                                             1           0  0.34s           2025-07-14T15:59:14
/home/airflow/.local/lib/python3.7/site-packages/airflow/example_dags/example_latest_only.py                                               1           0  0.49s           2025-07-14T15:59:15
/home/airflow/.local/lib/python3.7/site-packages/airflow/example_dags/example_kubernetes_executor.py                                       1           0  0.40s           2025-07-14T15:59:15
/home/airflow/.local/lib/python3.7/site-packages/airflow/example_dags/example_short_circuit_operator.py                                    1           0  0.43s           2025-07-14T15:59:16
/home/airflow/.local/lib/python3.7/site-packages/airflow/example_dags/example_dag_decorator.py                                             1           0  0.48s           2025-07-14T15:59:16
/home/airflow/.local/lib/python3.7/site-packages/airflow/example_dags/example_trigger_target_dag.py                                        1           0  0.31s           2025-07-14T15:59:17
/home/airflow/.local/lib/python3.7/site-packages/airflow/example_dags/example_xcom.py                                                      1           0  0.31s           2025-07-14T15:59:17
/home/airflow/.local/lib/python3.7/site-packages/airflow/example_dags/example_local_kubernetes_executor.py                                 1           0  0.29s           2025-07-14T15:59:17
/home/airflow/.local/lib/python3.7/site-packages/airflow/example_dags/example_branch_day_of_week_operator.py                               1           0  0.31s           2025-07-14T15:59:17
/home/airflow/.local/lib/python3.7/site-packages/airflow/example_dags/example_time_delta_sensor_async.py                                   1           0  0.48s           2025-07-14T15:59:17
/home/airflow/.local/lib/python3.7/site-packages/airflow/example_dags/example_trigger_controller_dag.py                                    1           0  0.34s           2025-07-14T15:59:18
/home/airflow/.local/lib/python3.7/site-packages/airflow/example_dags/tutorial_dag.py                                                      1           0  0.50s           2025-07-14T15:59:18
/home/airflow/.local/lib/python3.7/site-packages/airflow/example_dags/tutorial_taskflow_api_virtualenv.py                                  1           0  0.65s           2025-07-14T15:59:18
/home/airflow/.local/lib/python3.7/site-packages/airflow/example_dags/example_passing_params_via_test_command.py                           1           0  0.73s           2025-07-14T15:59:19
/home/airflow/.local/lib/python3.7/site-packages/airflow/example_dags/example_task_group_decorator.py                                      1           0  0.75s           2025-07-14T15:59:19
/home/airflow/.local/lib/python3.7/site-packages/airflow/example_dags/example_branch_python_dop_operator_3.py                              1           0  0.54s           2025-07-14T15:59:20
/home/airflow/.local/lib/python3.7/site-packages/airflow/example_dags/example_sla_dag.py                                                   1           0  0.44s           2025-07-14T15:59:20
/home/airflow/.local/lib/python3.7/site-packages/airflow/example_dags/example_nested_branch_dag.py                                         1           0  0.43s           2025-07-14T15:59:20
/home/airflow/.local/lib/python3.7/site-packages/airflow/example_dags/example_task_group.py                                                1           0  0.42s           2025-07-14T15:59:20
/home/airflow/.local/lib/python3.7/site-packages/airflow/example_dags/example_skip_dag.py                                                  1           0  0.38s           2025-07-14T15:59:21
/home/airflow/.local/lib/python3.7/site-packages/airflow/example_dags/example_external_task_marker_dag.py                                  2           0  0.85s           2025-07-14T15:59:16
/home/airflow/.local/lib/python3.7/site-packages/airflow/example_dags/example_xcomargs.py                                                  2           0  0.50s           2025-07-14T15:59:20
/home/airflow/.local/lib/python3.7/site-packages/airflow/example_dags/example_subdag_operator.py                                           3           0  0.71s           2025-07-14T15:59:15
/home/airflow/.local/lib/python3.7/site-packages/airflow/example_dags/example_branch_datetime_operator.py                                  3           0  0.60s           2025-07-14T15:59:19
/home/airflow/.local/lib/python3.7/site-packages/airflow/example_dags/example_datasets.py                                                  6           0  0.60s           2025-07-14T15:59:17
================================================================================
[2025-07-14T16:00:13.550+0000] {manager.py:846} INFO - 
================================================================================
DAG File Processing Stats

File Path                                                                                                         PID    Runtime      # DAGs    # Errors  Last Runtime    Last Run
----------------------------------------------------------------------------------------------------------------  -----  ---------  --------  ----------  --------------  -------------------
/home/airflow/.local/lib/python3.7/site-packages/airflow/example_dags/plugins/workday.py                                                   0           0  0.04s           2025-07-14T15:59:51
/home/airflow/.local/lib/python3.7/site-packages/airflow/example_dags/subdags/subdag.py                                                    0           0  0.04s           2025-07-14T15:59:51
/home/airflow/.local/lib/python3.7/site-packages/airflow/example_dags/example_short_circuit_decorator.py                                   1           0  0.14s           2025-07-14T15:59:44
/home/airflow/.local/lib/python3.7/site-packages/airflow/example_dags/example_bash_operator.py                                             1           0  0.14s           2025-07-14T15:59:44
/home/airflow/.local/lib/python3.7/site-packages/airflow/example_dags/tutorial_taskflow_api.py                                             1           0  0.12s           2025-07-14T15:59:44
/home/airflow/.local/lib/python3.7/site-packages/airflow/example_dags/example_latest_only_with_trigger.py                                  1           0  0.11s           2025-07-14T15:59:44
/home/airflow/.local/lib/python3.7/site-packages/airflow/example_dags/tutorial.py                                                          1           0  0.14s           2025-07-14T15:59:44
/home/airflow/.local/lib/python3.7/site-packages/airflow/example_dags/example_branch_operator_decorator.py                                 1           0  0.14s           2025-07-14T15:59:44
/home/airflow/.local/lib/python3.7/site-packages/airflow/example_dags/example_complex.py                                                   1           0  0.13s           2025-07-14T15:59:44
/home/airflow/.local/lib/python3.7/site-packages/airflow/example_dags/example_branch_operator.py                                           1           0  0.12s           2025-07-14T15:59:44
/home/airflow/.local/lib/python3.7/site-packages/airflow/example_dags/example_python_operator.py                                           1           0  0.16s           2025-07-14T15:59:45
/home/airflow/.local/lib/python3.7/site-packages/airflow/example_dags/example_branch_labels.py                                             1           0  0.14s           2025-07-14T15:59:45
/home/airflow/.local/lib/python3.7/site-packages/airflow/example_dags/example_latest_only.py                                               1           0  0.13s           2025-07-14T15:59:46
/home/airflow/.local/lib/python3.7/site-packages/airflow/example_dags/example_kubernetes_executor.py                                       1           0  0.15s           2025-07-14T15:59:46
/home/airflow/.local/lib/python3.7/site-packages/airflow/example_dags/example_short_circuit_operator.py                                    1           0  0.25s           2025-07-14T15:59:47
/home/airflow/.local/lib/python3.7/site-packages/airflow/example_dags/example_dag_decorator.py                                             1           0  0.18s           2025-07-14T15:59:47
/home/airflow/.local/lib/python3.7/site-packages/airflow/example_dags/example_trigger_target_dag.py                                        1           0  0.14s           2025-07-14T15:59:47
/home/airflow/.local/lib/python3.7/site-packages/airflow/example_dags/example_xcom.py                                                      1           0  0.16s           2025-07-14T15:59:47
/home/airflow/.local/lib/python3.7/site-packages/airflow/example_dags/example_local_kubernetes_executor.py                                 1           0  0.15s           2025-07-14T15:59:48
/home/airflow/.local/lib/python3.7/site-packages/airflow/example_dags/example_branch_day_of_week_operator.py                               1           0  0.14s           2025-07-14T15:59:48
/home/airflow/.local/lib/python3.7/site-packages/airflow/example_dags/example_time_delta_sensor_async.py                                   1           0  0.28s           2025-07-14T15:59:48
/home/airflow/.local/lib/python3.7/site-packages/airflow/example_dags/example_trigger_controller_dag.py                                    1           0  0.14s           2025-07-14T15:59:48
/home/airflow/.local/lib/python3.7/site-packages/airflow/example_dags/tutorial_dag.py                                                      1           0  0.13s           2025-07-14T15:59:48
/home/airflow/.local/lib/python3.7/site-packages/airflow/example_dags/tutorial_taskflow_api_virtualenv.py                                  1           0  0.13s           2025-07-14T15:59:49
/home/airflow/.local/lib/python3.7/site-packages/airflow/example_dags/example_passing_params_via_test_command.py                           1           0  0.13s           2025-07-14T15:59:49
/home/airflow/.local/lib/python3.7/site-packages/airflow/example_dags/example_task_group_decorator.py                                      1           0  0.13s           2025-07-14T15:59:49
/home/airflow/.local/lib/python3.7/site-packages/airflow/example_dags/example_branch_python_dop_operator_3.py                              1           0  0.14s           2025-07-14T15:59:50
/home/airflow/.local/lib/python3.7/site-packages/airflow/example_dags/example_sla_dag.py                                                   1           0  0.14s           2025-07-14T15:59:51
/home/airflow/.local/lib/python3.7/site-packages/airflow/example_dags/example_nested_branch_dag.py                                         1           0  0.14s           2025-07-14T15:59:51
/home/airflow/.local/lib/python3.7/site-packages/airflow/example_dags/example_task_group.py                                                1           0  0.12s           2025-07-14T15:59:51
/home/airflow/.local/lib/python3.7/site-packages/airflow/example_dags/example_skip_dag.py                                                  1           0  0.13s           2025-07-14T15:59:51
/home/airflow/.local/lib/python3.7/site-packages/airflow/example_dags/example_external_task_marker_dag.py                                  2           0  0.41s           2025-07-14T15:59:47
/home/airflow/.local/lib/python3.7/site-packages/airflow/example_dags/example_xcomargs.py                                                  2           0  0.14s           2025-07-14T15:59:50
/home/airflow/.local/lib/python3.7/site-packages/airflow/example_dags/example_subdag_operator.py                                           3           0  0.31s           2025-07-14T15:59:46
/home/airflow/.local/lib/python3.7/site-packages/airflow/example_dags/example_branch_datetime_operator.py                                  3           0  0.14s           2025-07-14T15:59:49
/home/airflow/.local/lib/python3.7/site-packages/airflow/example_dags/example_datasets.py                                                  6           0  0.18s           2025-07-14T15:59:47
================================================================================
[2025-07-14T16:00:44.536+0000] {manager.py:846} INFO - 
================================================================================
DAG File Processing Stats

File Path                                                                                                         PID    Runtime      # DAGs    # Errors  Last Runtime    Last Run
----------------------------------------------------------------------------------------------------------------  -----  ---------  --------  ----------  --------------  -------------------
/home/airflow/.local/lib/python3.7/site-packages/airflow/example_dags/plugins/workday.py                                                   0           0  0.08s           2025-07-14T16:00:22
/home/airflow/.local/lib/python3.7/site-packages/airflow/example_dags/subdags/subdag.py                                                    0           0  0.09s           2025-07-14T16:00:22
/home/airflow/.local/lib/python3.7/site-packages/airflow/example_dags/example_short_circuit_decorator.py                                   1           0  0.33s           2025-07-14T16:00:14
/home/airflow/.local/lib/python3.7/site-packages/airflow/example_dags/example_bash_operator.py                                             1           0  0.31s           2025-07-14T16:00:14
/home/airflow/.local/lib/python3.7/site-packages/airflow/example_dags/tutorial_taskflow_api.py                                             1           0  0.15s           2025-07-14T16:00:15
/home/airflow/.local/lib/python3.7/site-packages/airflow/example_dags/example_latest_only_with_trigger.py                                  1           0  0.13s           2025-07-14T16:00:15
/home/airflow/.local/lib/python3.7/site-packages/airflow/example_dags/tutorial.py                                                          1           0  0.35s           2025-07-14T16:00:15
/home/airflow/.local/lib/python3.7/site-packages/airflow/example_dags/example_branch_operator_decorator.py                                 1           0  0.36s           2025-07-14T16:00:15
/home/airflow/.local/lib/python3.7/site-packages/airflow/example_dags/example_complex.py                                                   1           0  0.15s           2025-07-14T16:00:15
/home/airflow/.local/lib/python3.7/site-packages/airflow/example_dags/example_branch_operator.py                                           1           0  0.16s           2025-07-14T16:00:15
/home/airflow/.local/lib/python3.7/site-packages/airflow/example_dags/example_python_operator.py                                           1           0  0.14s           2025-07-14T16:00:16
/home/airflow/.local/lib/python3.7/site-packages/airflow/example_dags/example_branch_labels.py                                             1           0  0.13s           2025-07-14T16:00:16
/home/airflow/.local/lib/python3.7/site-packages/airflow/example_dags/example_latest_only.py                                               1           0  0.13s           2025-07-14T16:00:16
/home/airflow/.local/lib/python3.7/site-packages/airflow/example_dags/example_kubernetes_executor.py                                       1           0  0.16s           2025-07-14T16:00:17
/home/airflow/.local/lib/python3.7/site-packages/airflow/example_dags/example_short_circuit_operator.py                                    1           0  0.13s           2025-07-14T16:00:18
/home/airflow/.local/lib/python3.7/site-packages/airflow/example_dags/example_dag_decorator.py                                             1           0  0.18s           2025-07-14T16:00:18
/home/airflow/.local/lib/python3.7/site-packages/airflow/example_dags/example_trigger_target_dag.py                                        1           0  0.14s           2025-07-14T16:00:18
/home/airflow/.local/lib/python3.7/site-packages/airflow/example_dags/example_xcom.py                                                      1           0  0.15s           2025-07-14T16:00:18
/home/airflow/.local/lib/python3.7/site-packages/airflow/example_dags/example_local_kubernetes_executor.py                                 1           0  0.14s           2025-07-14T16:00:18
/home/airflow/.local/lib/python3.7/site-packages/airflow/example_dags/example_branch_day_of_week_operator.py                               1           0  0.14s           2025-07-14T16:00:18
/home/airflow/.local/lib/python3.7/site-packages/airflow/example_dags/example_time_delta_sensor_async.py                                   1           0  0.28s           2025-07-14T16:00:19
/home/airflow/.local/lib/python3.7/site-packages/airflow/example_dags/example_trigger_controller_dag.py                                    1           0  0.14s           2025-07-14T16:00:19
/home/airflow/.local/lib/python3.7/site-packages/airflow/example_dags/tutorial_dag.py                                                      1           0  0.12s           2025-07-14T16:00:19
/home/airflow/.local/lib/python3.7/site-packages/airflow/example_dags/tutorial_taskflow_api_virtualenv.py                                  1           0  0.32s           2025-07-14T16:00:20
/home/airflow/.local/lib/python3.7/site-packages/airflow/example_dags/example_passing_params_via_test_command.py                           1           0  0.44s           2025-07-14T16:00:20
/home/airflow/.local/lib/python3.7/site-packages/airflow/example_dags/example_task_group_decorator.py                                      1           0  0.49s           2025-07-14T16:00:21
/home/airflow/.local/lib/python3.7/site-packages/airflow/example_dags/example_branch_python_dop_operator_3.py                              1           0  0.45s           2025-07-14T16:00:21
/home/airflow/.local/lib/python3.7/site-packages/airflow/example_dags/example_sla_dag.py                                                   1           0  0.49s           2025-07-14T16:00:21
/home/airflow/.local/lib/python3.7/site-packages/airflow/example_dags/example_nested_branch_dag.py                                         1           0  0.50s           2025-07-14T16:00:22
/home/airflow/.local/lib/python3.7/site-packages/airflow/example_dags/example_task_group.py                                                1           0  0.31s           2025-07-14T16:00:22
/home/airflow/.local/lib/python3.7/site-packages/airflow/example_dags/example_skip_dag.py                                                  1           0  0.30s           2025-07-14T16:00:22
/home/airflow/.local/lib/python3.7/site-packages/airflow/example_dags/example_external_task_marker_dag.py                                  2           0  0.27s           2025-07-14T16:00:18
/home/airflow/.local/lib/python3.7/site-packages/airflow/example_dags/example_xcomargs.py                                                  2           0  0.48s           2025-07-14T16:00:21
/home/airflow/.local/lib/python3.7/site-packages/airflow/example_dags/example_subdag_operator.py                                           3           0  0.31s           2025-07-14T16:00:17
/home/airflow/.local/lib/python3.7/site-packages/airflow/example_dags/example_branch_datetime_operator.py                                  3           0  0.35s           2025-07-14T16:00:20
/home/airflow/.local/lib/python3.7/site-packages/airflow/example_dags/example_datasets.py                                                  6           0  0.17s           2025-07-14T16:00:18
================================================================================
[2025-07-14T16:01:14.990+0000] {manager.py:846} INFO - 
================================================================================
DAG File Processing Stats

File Path                                                                                                         PID    Runtime      # DAGs    # Errors  Last Runtime    Last Run
----------------------------------------------------------------------------------------------------------------  -----  ---------  --------  ----------  --------------  -------------------
/home/airflow/.local/lib/python3.7/site-packages/airflow/example_dags/plugins/workday.py                                                   0           0  0.07s           2025-07-14T16:00:52
/home/airflow/.local/lib/python3.7/site-packages/airflow/example_dags/subdags/subdag.py                                                    0           0  0.07s           2025-07-14T16:00:52
/home/airflow/.local/lib/python3.7/site-packages/airflow/example_dags/example_short_circuit_decorator.py                                   1           0  0.55s           2025-07-14T16:00:46
/home/airflow/.local/lib/python3.7/site-packages/airflow/example_dags/example_bash_operator.py                                             1           0  0.56s           2025-07-14T16:00:46
/home/airflow/.local/lib/python3.7/site-packages/airflow/example_dags/tutorial_taskflow_api.py                                             1           0  0.46s           2025-07-14T16:00:46
/home/airflow/.local/lib/python3.7/site-packages/airflow/example_dags/example_latest_only_with_trigger.py                                  1           0  0.39s           2025-07-14T16:00:46
/home/airflow/.local/lib/python3.7/site-packages/airflow/example_dags/tutorial.py                                                          1           0  0.40s           2025-07-14T16:00:46
/home/airflow/.local/lib/python3.7/site-packages/airflow/example_dags/example_branch_operator_decorator.py                                 1           0  0.37s           2025-07-14T16:00:47
/home/airflow/.local/lib/python3.7/site-packages/airflow/example_dags/example_complex.py                                                   1           0  0.35s           2025-07-14T16:00:47
/home/airflow/.local/lib/python3.7/site-packages/airflow/example_dags/example_branch_operator.py                                           1           0  0.32s           2025-07-14T16:00:47
/home/airflow/.local/lib/python3.7/site-packages/airflow/example_dags/example_python_operator.py                                           1           0  0.31s           2025-07-14T16:00:47
/home/airflow/.local/lib/python3.7/site-packages/airflow/example_dags/example_branch_labels.py                                             1           0  0.27s           2025-07-14T16:00:47
/home/airflow/.local/lib/python3.7/site-packages/airflow/example_dags/example_latest_only.py                                               1           0  0.31s           2025-07-14T16:00:48
/home/airflow/.local/lib/python3.7/site-packages/airflow/example_dags/example_kubernetes_executor.py                                       1           0  0.40s           2025-07-14T16:00:48
/home/airflow/.local/lib/python3.7/site-packages/airflow/example_dags/example_short_circuit_operator.py                                    1           0  0.31s           2025-07-14T16:00:49
/home/airflow/.local/lib/python3.7/site-packages/airflow/example_dags/example_dag_decorator.py                                             1           0  0.54s           2025-07-14T16:00:49
/home/airflow/.local/lib/python3.7/site-packages/airflow/example_dags/example_trigger_target_dag.py                                        1           0  0.42s           2025-07-14T16:00:50
/home/airflow/.local/lib/python3.7/site-packages/airflow/example_dags/example_xcom.py                                                      1           0  0.40s           2025-07-14T16:00:50
/home/airflow/.local/lib/python3.7/site-packages/airflow/example_dags/example_local_kubernetes_executor.py                                 1           0  0.40s           2025-07-14T16:00:50
/home/airflow/.local/lib/python3.7/site-packages/airflow/example_dags/example_branch_day_of_week_operator.py                               1           0  0.51s           2025-07-14T16:00:50
/home/airflow/.local/lib/python3.7/site-packages/airflow/example_dags/example_time_delta_sensor_async.py                                   1           0  0.89s           2025-07-14T16:00:51
/home/airflow/.local/lib/python3.7/site-packages/airflow/example_dags/example_trigger_controller_dag.py                                    1           0  0.33s           2025-07-14T16:00:51
/home/airflow/.local/lib/python3.7/site-packages/airflow/example_dags/tutorial_dag.py                                                      1           0  0.29s           2025-07-14T16:00:51
/home/airflow/.local/lib/python3.7/site-packages/airflow/example_dags/tutorial_taskflow_api_virtualenv.py                                  1           0  0.32s           2025-07-14T16:00:51
/home/airflow/.local/lib/python3.7/site-packages/airflow/example_dags/example_passing_params_via_test_command.py                           1           0  0.28s           2025-07-14T16:00:52
/home/airflow/.local/lib/python3.7/site-packages/airflow/example_dags/example_task_group_decorator.py                                      1           0  0.26s           2025-07-14T16:00:52
/home/airflow/.local/lib/python3.7/site-packages/airflow/example_dags/example_branch_python_dop_operator_3.py                              1           0  0.23s           2025-07-14T16:00:52
/home/airflow/.local/lib/python3.7/site-packages/airflow/example_dags/example_sla_dag.py                                                   1           0  0.23s           2025-07-14T16:00:52
/home/airflow/.local/lib/python3.7/site-packages/airflow/example_dags/example_nested_branch_dag.py                                         1           0  0.21s           2025-07-14T16:00:52
/home/airflow/.local/lib/python3.7/site-packages/airflow/example_dags/example_task_group.py                                                1           0  0.19s           2025-07-14T16:00:52
/home/airflow/.local/lib/python3.7/site-packages/airflow/example_dags/example_skip_dag.py                                                  1           0  0.20s           2025-07-14T16:00:52
/home/airflow/.local/lib/python3.7/site-packages/airflow/example_dags/example_external_task_marker_dag.py                                  2           0  0.80s           2025-07-14T16:00:49
/home/airflow/.local/lib/python3.7/site-packages/airflow/example_dags/example_xcomargs.py                                                  2           0  0.23s           2025-07-14T16:00:52
/home/airflow/.local/lib/python3.7/site-packages/airflow/example_dags/example_subdag_operator.py                                           3           0  0.80s           2025-07-14T16:00:48
/home/airflow/.local/lib/python3.7/site-packages/airflow/example_dags/example_branch_datetime_operator.py                                  3           0  0.29s           2025-07-14T16:00:51
/home/airflow/.local/lib/python3.7/site-packages/airflow/example_dags/example_datasets.py                                                  6           0  0.52s           2025-07-14T16:00:50
================================================================================
[2025-07-14T16:01:45.695+0000] {manager.py:846} INFO - 
================================================================================
DAG File Processing Stats

File Path                                                                                                         PID    Runtime      # DAGs    # Errors  Last Runtime    Last Run
----------------------------------------------------------------------------------------------------------------  -----  ---------  --------  ----------  --------------  -------------------
/home/airflow/.local/lib/python3.7/site-packages/airflow/example_dags/plugins/workday.py                                                   0           0  0.05s           2025-07-14T16:01:23
/home/airflow/.local/lib/python3.7/site-packages/airflow/example_dags/subdags/subdag.py                                                    0           0  0.05s           2025-07-14T16:01:23
/home/airflow/.local/lib/python3.7/site-packages/airflow/example_dags/example_short_circuit_decorator.py                                   1           0  0.19s           2025-07-14T16:01:17
/home/airflow/.local/lib/python3.7/site-packages/airflow/example_dags/example_bash_operator.py                                             1           0  0.19s           2025-07-14T16:01:17
/home/airflow/.local/lib/python3.7/site-packages/airflow/example_dags/tutorial_taskflow_api.py                                             1           0  0.15s           2025-07-14T16:01:17
/home/airflow/.local/lib/python3.7/site-packages/airflow/example_dags/example_latest_only_with_trigger.py                                  1           0  0.19s           2025-07-14T16:01:17
/home/airflow/.local/lib/python3.7/site-packages/airflow/example_dags/tutorial.py                                                          1           0  0.18s           2025-07-14T16:01:17
/home/airflow/.local/lib/python3.7/site-packages/airflow/example_dags/example_branch_operator_decorator.py                                 1           0  0.16s           2025-07-14T16:01:17
/home/airflow/.local/lib/python3.7/site-packages/airflow/example_dags/example_complex.py                                                   1           0  0.18s           2025-07-14T16:01:17
/home/airflow/.local/lib/python3.7/site-packages/airflow/example_dags/example_branch_operator.py                                           1           0  0.17s           2025-07-14T16:01:17
/home/airflow/.local/lib/python3.7/site-packages/airflow/example_dags/example_python_operator.py                                           1           0  0.16s           2025-07-14T16:01:18
/home/airflow/.local/lib/python3.7/site-packages/airflow/example_dags/example_branch_labels.py                                             1           0  0.14s           2025-07-14T16:01:18
/home/airflow/.local/lib/python3.7/site-packages/airflow/example_dags/example_latest_only.py                                               1           0  0.13s           2025-07-14T16:01:19
/home/airflow/.local/lib/python3.7/site-packages/airflow/example_dags/example_kubernetes_executor.py                                       1           0  0.15s           2025-07-14T16:01:19
/home/airflow/.local/lib/python3.7/site-packages/airflow/example_dags/example_short_circuit_operator.py                                    1           0  0.15s           2025-07-14T16:01:19
/home/airflow/.local/lib/python3.7/site-packages/airflow/example_dags/example_dag_decorator.py                                             1           0  0.20s           2025-07-14T16:01:20
/home/airflow/.local/lib/python3.7/site-packages/airflow/example_dags/example_trigger_target_dag.py                                        1           0  0.15s           2025-07-14T16:01:20
/home/airflow/.local/lib/python3.7/site-packages/airflow/example_dags/example_xcom.py                                                      1           0  0.15s           2025-07-14T16:01:20
/home/airflow/.local/lib/python3.7/site-packages/airflow/example_dags/example_local_kubernetes_executor.py                                 1           0  0.15s           2025-07-14T16:01:20
/home/airflow/.local/lib/python3.7/site-packages/airflow/example_dags/example_branch_day_of_week_operator.py                               1           0  0.14s           2025-07-14T16:01:22
/home/airflow/.local/lib/python3.7/site-packages/airflow/example_dags/example_time_delta_sensor_async.py                                   1           0  0.28s           2025-07-14T16:01:22
/home/airflow/.local/lib/python3.7/site-packages/airflow/example_dags/example_trigger_controller_dag.py                                    1           0  0.14s           2025-07-14T16:01:22
/home/airflow/.local/lib/python3.7/site-packages/airflow/example_dags/tutorial_dag.py                                                      1           0  0.14s           2025-07-14T16:01:22
/home/airflow/.local/lib/python3.7/site-packages/airflow/example_dags/tutorial_taskflow_api_virtualenv.py                                  1           0  0.16s           2025-07-14T16:01:22
/home/airflow/.local/lib/python3.7/site-packages/airflow/example_dags/example_passing_params_via_test_command.py                           1           0  0.18s           2025-07-14T16:01:22
/home/airflow/.local/lib/python3.7/site-packages/airflow/example_dags/example_task_group_decorator.py                                      1           0  0.19s           2025-07-14T16:01:22
/home/airflow/.local/lib/python3.7/site-packages/airflow/example_dags/example_branch_python_dop_operator_3.py                              1           0  0.16s           2025-07-14T16:01:23
/home/airflow/.local/lib/python3.7/site-packages/airflow/example_dags/example_sla_dag.py                                                   1           0  0.16s           2025-07-14T16:01:23
/home/airflow/.local/lib/python3.7/site-packages/airflow/example_dags/example_nested_branch_dag.py                                         1           0  0.17s           2025-07-14T16:01:23
/home/airflow/.local/lib/python3.7/site-packages/airflow/example_dags/example_task_group.py                                                1           0  0.16s           2025-07-14T16:01:23
/home/airflow/.local/lib/python3.7/site-packages/airflow/example_dags/example_skip_dag.py                                                  1           0  0.15s           2025-07-14T16:01:23
/home/airflow/.local/lib/python3.7/site-packages/airflow/example_dags/example_external_task_marker_dag.py                                  2           0  0.31s           2025-07-14T16:01:20
/home/airflow/.local/lib/python3.7/site-packages/airflow/example_dags/example_xcomargs.py                                                  2           0  0.17s           2025-07-14T16:01:23
/home/airflow/.local/lib/python3.7/site-packages/airflow/example_dags/example_subdag_operator.py                                           3           0  0.31s           2025-07-14T16:01:19
/home/airflow/.local/lib/python3.7/site-packages/airflow/example_dags/example_branch_datetime_operator.py                                  3           0  0.20s           2025-07-14T16:01:22
/home/airflow/.local/lib/python3.7/site-packages/airflow/example_dags/example_datasets.py                                                  6           0  0.18s           2025-07-14T16:01:20
================================================================================
[2025-07-14T16:02:16.190+0000] {manager.py:846} INFO - 
================================================================================
DAG File Processing Stats

File Path                                                                                                         PID    Runtime      # DAGs    # Errors  Last Runtime    Last Run
----------------------------------------------------------------------------------------------------------------  -----  ---------  --------  ----------  --------------  -------------------
/home/airflow/.local/lib/python3.7/site-packages/airflow/example_dags/plugins/workday.py                                                   0           0  0.05s           2025-07-14T16:01:54
/home/airflow/.local/lib/python3.7/site-packages/airflow/example_dags/subdags/subdag.py                                                    0           0  0.04s           2025-07-14T16:01:54
/home/airflow/.local/lib/python3.7/site-packages/airflow/example_dags/example_short_circuit_decorator.py                                   1           0  0.17s           2025-07-14T16:01:47
/home/airflow/.local/lib/python3.7/site-packages/airflow/example_dags/example_bash_operator.py                                             1           0  0.17s           2025-07-14T16:01:47
/home/airflow/.local/lib/python3.7/site-packages/airflow/example_dags/tutorial_taskflow_api.py                                             1           0  0.17s           2025-07-14T16:01:48
/home/airflow/.local/lib/python3.7/site-packages/airflow/example_dags/example_latest_only_with_trigger.py                                  1           0  0.17s           2025-07-14T16:01:48
/home/airflow/.local/lib/python3.7/site-packages/airflow/example_dags/tutorial.py                                                          1           0  0.20s           2025-07-14T16:01:48
/home/airflow/.local/lib/python3.7/site-packages/airflow/example_dags/example_branch_operator_decorator.py                                 1           0  0.15s           2025-07-14T16:01:48
/home/airflow/.local/lib/python3.7/site-packages/airflow/example_dags/example_complex.py                                                   1           0  0.18s           2025-07-14T16:01:48
/home/airflow/.local/lib/python3.7/site-packages/airflow/example_dags/example_branch_operator.py                                           1           0  0.16s           2025-07-14T16:01:48
/home/airflow/.local/lib/python3.7/site-packages/airflow/example_dags/example_python_operator.py                                           1           0  0.19s           2025-07-14T16:01:49
/home/airflow/.local/lib/python3.7/site-packages/airflow/example_dags/example_branch_labels.py                                             1           0  0.15s           2025-07-14T16:01:49
/home/airflow/.local/lib/python3.7/site-packages/airflow/example_dags/example_latest_only.py                                               1           0  0.15s           2025-07-14T16:01:49
/home/airflow/.local/lib/python3.7/site-packages/airflow/example_dags/example_kubernetes_executor.py                                       1           0  0.17s           2025-07-14T16:01:49
/home/airflow/.local/lib/python3.7/site-packages/airflow/example_dags/example_short_circuit_operator.py                                    1           0  0.25s           2025-07-14T16:01:50
/home/airflow/.local/lib/python3.7/site-packages/airflow/example_dags/example_dag_decorator.py                                             1           0  0.22s           2025-07-14T16:01:51
/home/airflow/.local/lib/python3.7/site-packages/airflow/example_dags/example_trigger_target_dag.py                                        1           0  0.16s           2025-07-14T16:01:51
/home/airflow/.local/lib/python3.7/site-packages/airflow/example_dags/example_xcom.py                                                      1           0  0.19s           2025-07-14T16:01:51
/home/airflow/.local/lib/python3.7/site-packages/airflow/example_dags/example_local_kubernetes_executor.py                                 1           0  0.19s           2025-07-14T16:01:51
/home/airflow/.local/lib/python3.7/site-packages/airflow/example_dags/example_branch_day_of_week_operator.py                               1           0  0.18s           2025-07-14T16:01:52
/home/airflow/.local/lib/python3.7/site-packages/airflow/example_dags/example_time_delta_sensor_async.py                                   1           0  0.34s           2025-07-14T16:01:53
/home/airflow/.local/lib/python3.7/site-packages/airflow/example_dags/example_trigger_controller_dag.py                                    1           0  0.15s           2025-07-14T16:01:53
/home/airflow/.local/lib/python3.7/site-packages/airflow/example_dags/tutorial_dag.py                                                      1           0  0.16s           2025-07-14T16:01:53
/home/airflow/.local/lib/python3.7/site-packages/airflow/example_dags/tutorial_taskflow_api_virtualenv.py                                  1           0  0.17s           2025-07-14T16:01:53
/home/airflow/.local/lib/python3.7/site-packages/airflow/example_dags/example_passing_params_via_test_command.py                           1           0  0.17s           2025-07-14T16:01:53
/home/airflow/.local/lib/python3.7/site-packages/airflow/example_dags/example_task_group_decorator.py                                      1           0  0.17s           2025-07-14T16:01:53
/home/airflow/.local/lib/python3.7/site-packages/airflow/example_dags/example_branch_python_dop_operator_3.py                              1           0  0.15s           2025-07-14T16:01:53
/home/airflow/.local/lib/python3.7/site-packages/airflow/example_dags/example_sla_dag.py                                                   1           0  0.14s           2025-07-14T16:01:53
/home/airflow/.local/lib/python3.7/site-packages/airflow/example_dags/example_nested_branch_dag.py                                         1           0  0.15s           2025-07-14T16:01:53
/home/airflow/.local/lib/python3.7/site-packages/airflow/example_dags/example_task_group.py                                                1           0  0.15s           2025-07-14T16:01:54
/home/airflow/.local/lib/python3.7/site-packages/airflow/example_dags/example_skip_dag.py                                                  1           0  0.14s           2025-07-14T16:01:54
/home/airflow/.local/lib/python3.7/site-packages/airflow/example_dags/example_external_task_marker_dag.py                                  2           0  0.34s           2025-07-14T16:01:51
/home/airflow/.local/lib/python3.7/site-packages/airflow/example_dags/example_xcomargs.py                                                  2           0  0.16s           2025-07-14T16:01:53
/home/airflow/.local/lib/python3.7/site-packages/airflow/example_dags/example_subdag_operator.py                                           3           0  0.42s           2025-07-14T16:01:50
/home/airflow/.local/lib/python3.7/site-packages/airflow/example_dags/example_branch_datetime_operator.py                                  3           0  0.18s           2025-07-14T16:01:53
/home/airflow/.local/lib/python3.7/site-packages/airflow/example_dags/example_datasets.py                                                  6           0  0.21s           2025-07-14T16:01:51
================================================================================
[2025-07-14T16:02:46.742+0000] {manager.py:846} INFO - 
================================================================================
DAG File Processing Stats

File Path                                                                                                         PID    Runtime      # DAGs    # Errors  Last Runtime    Last Run
----------------------------------------------------------------------------------------------------------------  -----  ---------  --------  ----------  --------------  -------------------
/home/airflow/.local/lib/python3.7/site-packages/airflow/example_dags/plugins/workday.py                                                   0           0  0.05s           2025-07-14T16:02:24
/home/airflow/.local/lib/python3.7/site-packages/airflow/example_dags/subdags/subdag.py                                                    0           0  0.07s           2025-07-14T16:02:24
/home/airflow/.local/lib/python3.7/site-packages/airflow/example_dags/example_short_circuit_decorator.py                                   1           0  0.34s           2025-07-14T16:02:18
/home/airflow/.local/lib/python3.7/site-packages/airflow/example_dags/example_bash_operator.py                                             1           0  0.33s           2025-07-14T16:02:18
/home/airflow/.local/lib/python3.7/site-packages/airflow/example_dags/tutorial_taskflow_api.py                                             1           0  0.14s           2025-07-14T16:02:18
/home/airflow/.local/lib/python3.7/site-packages/airflow/example_dags/example_latest_only_with_trigger.py                                  1           0  0.14s           2025-07-14T16:02:18
/home/airflow/.local/lib/python3.7/site-packages/airflow/example_dags/tutorial.py                                                          1           0  0.23s           2025-07-14T16:02:19
/home/airflow/.local/lib/python3.7/site-packages/airflow/example_dags/example_branch_operator_decorator.py                                 1           0  0.27s           2025-07-14T16:02:19
/home/airflow/.local/lib/python3.7/site-packages/airflow/example_dags/example_complex.py                                                   1           0  0.24s           2025-07-14T16:02:19
/home/airflow/.local/lib/python3.7/site-packages/airflow/example_dags/example_branch_operator.py                                           1           0  0.24s           2025-07-14T16:02:19
/home/airflow/.local/lib/python3.7/site-packages/airflow/example_dags/example_python_operator.py                                           1           0  0.16s           2025-07-14T16:02:20
/home/airflow/.local/lib/python3.7/site-packages/airflow/example_dags/example_branch_labels.py                                             1           0  0.14s           2025-07-14T16:02:20
/home/airflow/.local/lib/python3.7/site-packages/airflow/example_dags/example_latest_only.py                                               1           0  0.13s           2025-07-14T16:02:20
/home/airflow/.local/lib/python3.7/site-packages/airflow/example_dags/example_kubernetes_executor.py                                       1           0  0.14s           2025-07-14T16:02:20
/home/airflow/.local/lib/python3.7/site-packages/airflow/example_dags/example_short_circuit_operator.py                                    1           0  0.13s           2025-07-14T16:02:20
/home/airflow/.local/lib/python3.7/site-packages/airflow/example_dags/example_dag_decorator.py                                             1           0  0.15s           2025-07-14T16:02:21
/home/airflow/.local/lib/python3.7/site-packages/airflow/example_dags/example_trigger_target_dag.py                                        1           0  0.14s           2025-07-14T16:02:22
/home/airflow/.local/lib/python3.7/site-packages/airflow/example_dags/example_xcom.py                                                      1           0  0.15s           2025-07-14T16:02:22
/home/airflow/.local/lib/python3.7/site-packages/airflow/example_dags/example_local_kubernetes_executor.py                                 1           0  0.14s           2025-07-14T16:02:22
/home/airflow/.local/lib/python3.7/site-packages/airflow/example_dags/example_branch_day_of_week_operator.py                               1           0  0.13s           2025-07-14T16:02:23
/home/airflow/.local/lib/python3.7/site-packages/airflow/example_dags/example_time_delta_sensor_async.py                                   1           0  0.13s           2025-07-14T16:02:23
/home/airflow/.local/lib/python3.7/site-packages/airflow/example_dags/example_trigger_controller_dag.py                                    1           0  0.12s           2025-07-14T16:02:23
/home/airflow/.local/lib/python3.7/site-packages/airflow/example_dags/tutorial_dag.py                                                      1           0  0.13s           2025-07-14T16:02:23
/home/airflow/.local/lib/python3.7/site-packages/airflow/example_dags/tutorial_taskflow_api_virtualenv.py                                  1           0  0.13s           2025-07-14T16:02:23
/home/airflow/.local/lib/python3.7/site-packages/airflow/example_dags/example_passing_params_via_test_command.py                           1           0  0.15s           2025-07-14T16:02:23
/home/airflow/.local/lib/python3.7/site-packages/airflow/example_dags/example_task_group_decorator.py                                      1           0  0.13s           2025-07-14T16:02:23
/home/airflow/.local/lib/python3.7/site-packages/airflow/example_dags/example_branch_python_dop_operator_3.py                              1           0  0.14s           2025-07-14T16:02:24
/home/airflow/.local/lib/python3.7/site-packages/airflow/example_dags/example_sla_dag.py                                                   1           0  0.17s           2025-07-14T16:02:24
/home/airflow/.local/lib/python3.7/site-packages/airflow/example_dags/example_nested_branch_dag.py                                         1           0  0.14s           2025-07-14T16:02:24
/home/airflow/.local/lib/python3.7/site-packages/airflow/example_dags/example_task_group.py                                                1           0  0.13s           2025-07-14T16:02:24
/home/airflow/.local/lib/python3.7/site-packages/airflow/example_dags/example_skip_dag.py                                                  1           0  0.14s           2025-07-14T16:02:24
/home/airflow/.local/lib/python3.7/site-packages/airflow/example_dags/example_external_task_marker_dag.py                                  2           0  0.15s           2025-07-14T16:02:21
/home/airflow/.local/lib/python3.7/site-packages/airflow/example_dags/example_xcomargs.py                                                  2           0  0.19s           2025-07-14T16:02:24
/home/airflow/.local/lib/python3.7/site-packages/airflow/example_dags/example_subdag_operator.py                                           3           0  0.16s           2025-07-14T16:02:20
/home/airflow/.local/lib/python3.7/site-packages/airflow/example_dags/example_branch_datetime_operator.py                                  3           0  0.15s           2025-07-14T16:02:23
/home/airflow/.local/lib/python3.7/site-packages/airflow/example_dags/example_datasets.py                                                  6           0  0.17s           2025-07-14T16:02:22
================================================================================
[2025-07-14T16:03:17.102+0000] {manager.py:846} INFO - 
================================================================================
DAG File Processing Stats

File Path                                                                                                         PID    Runtime      # DAGs    # Errors  Last Runtime    Last Run
----------------------------------------------------------------------------------------------------------------  -----  ---------  --------  ----------  --------------  -------------------
/home/airflow/.local/lib/python3.7/site-packages/airflow/example_dags/plugins/workday.py                                                   0           0  0.05s           2025-07-14T16:02:54
/home/airflow/.local/lib/python3.7/site-packages/airflow/example_dags/subdags/subdag.py                                                    0           0  0.04s           2025-07-14T16:02:54
/home/airflow/.local/lib/python3.7/site-packages/airflow/example_dags/example_short_circuit_decorator.py                                   1           0  0.14s           2025-07-14T16:02:48
/home/airflow/.local/lib/python3.7/site-packages/airflow/example_dags/example_bash_operator.py                                             1           0  0.16s           2025-07-14T16:02:48
/home/airflow/.local/lib/python3.7/site-packages/airflow/example_dags/tutorial_taskflow_api.py                                             1           0  0.13s           2025-07-14T16:02:49
/home/airflow/.local/lib/python3.7/site-packages/airflow/example_dags/example_latest_only_with_trigger.py                                  1           0  0.12s           2025-07-14T16:02:49
/home/airflow/.local/lib/python3.7/site-packages/airflow/example_dags/tutorial.py                                                          1           0  0.16s           2025-07-14T16:02:50
/home/airflow/.local/lib/python3.7/site-packages/airflow/example_dags/example_branch_operator_decorator.py                                 1           0  0.15s           2025-07-14T16:02:50
/home/airflow/.local/lib/python3.7/site-packages/airflow/example_dags/example_complex.py                                                   1           0  0.15s           2025-07-14T16:02:50
/home/airflow/.local/lib/python3.7/site-packages/airflow/example_dags/example_branch_operator.py                                           1           0  0.15s           2025-07-14T16:02:50
/home/airflow/.local/lib/python3.7/site-packages/airflow/example_dags/example_python_operator.py                                           1           0  0.16s           2025-07-14T16:02:50
/home/airflow/.local/lib/python3.7/site-packages/airflow/example_dags/example_branch_labels.py                                             1           0  0.14s           2025-07-14T16:02:50
/home/airflow/.local/lib/python3.7/site-packages/airflow/example_dags/example_latest_only.py                                               1           0  0.15s           2025-07-14T16:02:50
/home/airflow/.local/lib/python3.7/site-packages/airflow/example_dags/example_kubernetes_executor.py                                       1           0  0.15s           2025-07-14T16:02:50
/home/airflow/.local/lib/python3.7/site-packages/airflow/example_dags/example_short_circuit_operator.py                                    1           0  0.14s           2025-07-14T16:02:51
/home/airflow/.local/lib/python3.7/site-packages/airflow/example_dags/example_dag_decorator.py                                             1           0  0.20s           2025-07-14T16:02:52
/home/airflow/.local/lib/python3.7/site-packages/airflow/example_dags/example_trigger_target_dag.py                                        1           0  0.15s           2025-07-14T16:02:52
/home/airflow/.local/lib/python3.7/site-packages/airflow/example_dags/example_xcom.py                                                      1           0  0.15s           2025-07-14T16:02:52
/home/airflow/.local/lib/python3.7/site-packages/airflow/example_dags/example_local_kubernetes_executor.py                                 1           0  0.15s           2025-07-14T16:02:52
/home/airflow/.local/lib/python3.7/site-packages/airflow/example_dags/example_branch_day_of_week_operator.py                               1           0  0.18s           2025-07-14T16:02:53
/home/airflow/.local/lib/python3.7/site-packages/airflow/example_dags/example_time_delta_sensor_async.py                                   1           0  0.40s           2025-07-14T16:02:54
/home/airflow/.local/lib/python3.7/site-packages/airflow/example_dags/example_trigger_controller_dag.py                                    1           0  0.18s           2025-07-14T16:02:53
/home/airflow/.local/lib/python3.7/site-packages/airflow/example_dags/tutorial_dag.py                                                      1           0  0.17s           2025-07-14T16:02:54
/home/airflow/.local/lib/python3.7/site-packages/airflow/example_dags/tutorial_taskflow_api_virtualenv.py                                  1           0  0.16s           2025-07-14T16:02:54
/home/airflow/.local/lib/python3.7/site-packages/airflow/example_dags/example_passing_params_via_test_command.py                           1           0  0.19s           2025-07-14T16:02:54
/home/airflow/.local/lib/python3.7/site-packages/airflow/example_dags/example_task_group_decorator.py                                      1           0  0.18s           2025-07-14T16:02:54
/home/airflow/.local/lib/python3.7/site-packages/airflow/example_dags/example_branch_python_dop_operator_3.py                              1           0  0.18s           2025-07-14T16:02:54
/home/airflow/.local/lib/python3.7/site-packages/airflow/example_dags/example_sla_dag.py                                                   1           0  0.15s           2025-07-14T16:02:54
/home/airflow/.local/lib/python3.7/site-packages/airflow/example_dags/example_nested_branch_dag.py                                         1           0  0.18s           2025-07-14T16:02:54
/home/airflow/.local/lib/python3.7/site-packages/airflow/example_dags/example_task_group.py                                                1           0  0.16s           2025-07-14T16:02:54
/home/airflow/.local/lib/python3.7/site-packages/airflow/example_dags/example_skip_dag.py                                                  1           0  0.14s           2025-07-14T16:02:55
/home/airflow/.local/lib/python3.7/site-packages/airflow/example_dags/example_external_task_marker_dag.py                                  2           0  0.30s           2025-07-14T16:02:52
/home/airflow/.local/lib/python3.7/site-packages/airflow/example_dags/example_xcomargs.py                                                  2           0  0.16s           2025-07-14T16:02:54
/home/airflow/.local/lib/python3.7/site-packages/airflow/example_dags/example_subdag_operator.py                                           3           0  0.33s           2025-07-14T16:02:50
/home/airflow/.local/lib/python3.7/site-packages/airflow/example_dags/example_branch_datetime_operator.py                                  3           0  0.18s           2025-07-14T16:02:54
/home/airflow/.local/lib/python3.7/site-packages/airflow/example_dags/example_datasets.py                                                  6           0  0.23s           2025-07-14T16:02:52
================================================================================
[2025-07-14T16:03:47.549+0000] {manager.py:846} INFO - 
================================================================================
DAG File Processing Stats

File Path                                                                                                         PID    Runtime      # DAGs    # Errors  Last Runtime    Last Run
----------------------------------------------------------------------------------------------------------------  -----  ---------  --------  ----------  --------------  -------------------
/home/airflow/.local/lib/python3.7/site-packages/airflow/example_dags/plugins/workday.py                                                   0           0  0.07s           2025-07-14T16:03:26
/home/airflow/.local/lib/python3.7/site-packages/airflow/example_dags/subdags/subdag.py                                                    0           0  0.07s           2025-07-14T16:03:26
/home/airflow/.local/lib/python3.7/site-packages/airflow/example_dags/example_short_circuit_decorator.py                                   1           0  0.17s           2025-07-14T16:03:19
/home/airflow/.local/lib/python3.7/site-packages/airflow/example_dags/example_bash_operator.py                                             1           0  0.18s           2025-07-14T16:03:19
/home/airflow/.local/lib/python3.7/site-packages/airflow/example_dags/tutorial_taskflow_api.py                                             1           0  0.19s           2025-07-14T16:03:19
/home/airflow/.local/lib/python3.7/site-packages/airflow/example_dags/example_latest_only_with_trigger.py                                  1           0  0.23s           2025-07-14T16:03:19
/home/airflow/.local/lib/python3.7/site-packages/airflow/example_dags/tutorial.py                                                          1           0  0.20s           2025-07-14T16:03:20
/home/airflow/.local/lib/python3.7/site-packages/airflow/example_dags/example_branch_operator_decorator.py                                 1           0  0.21s           2025-07-14T16:03:20
/home/airflow/.local/lib/python3.7/site-packages/airflow/example_dags/example_complex.py                                                   1           0  0.22s           2025-07-14T16:03:20
/home/airflow/.local/lib/python3.7/site-packages/airflow/example_dags/example_branch_operator.py                                           1           0  0.21s           2025-07-14T16:03:20
/home/airflow/.local/lib/python3.7/site-packages/airflow/example_dags/example_python_operator.py                                           1           0  0.26s           2025-07-14T16:03:21
/home/airflow/.local/lib/python3.7/site-packages/airflow/example_dags/example_branch_labels.py                                             1           0  0.22s           2025-07-14T16:03:21
/home/airflow/.local/lib/python3.7/site-packages/airflow/example_dags/example_latest_only.py                                               1           0  0.23s           2025-07-14T16:03:21
/home/airflow/.local/lib/python3.7/site-packages/airflow/example_dags/example_kubernetes_executor.py                                       1           0  0.26s           2025-07-14T16:03:21
/home/airflow/.local/lib/python3.7/site-packages/airflow/example_dags/example_short_circuit_operator.py                                    1           0  0.21s           2025-07-14T16:03:21
/home/airflow/.local/lib/python3.7/site-packages/airflow/example_dags/example_dag_decorator.py                                             1           0  0.23s           2025-07-14T16:03:22
/home/airflow/.local/lib/python3.7/site-packages/airflow/example_dags/example_trigger_target_dag.py                                        1           0  0.20s           2025-07-14T16:03:23
/home/airflow/.local/lib/python3.7/site-packages/airflow/example_dags/example_xcom.py                                                      1           0  0.20s           2025-07-14T16:03:23
/home/airflow/.local/lib/python3.7/site-packages/airflow/example_dags/example_local_kubernetes_executor.py                                 1           0  0.20s           2025-07-14T16:03:23
/home/airflow/.local/lib/python3.7/site-packages/airflow/example_dags/example_branch_day_of_week_operator.py                               1           0  0.18s           2025-07-14T16:03:24
/home/airflow/.local/lib/python3.7/site-packages/airflow/example_dags/example_time_delta_sensor_async.py                                   1           0  0.40s           2025-07-14T16:03:24
/home/airflow/.local/lib/python3.7/site-packages/airflow/example_dags/example_trigger_controller_dag.py                                    1           0  0.19s           2025-07-14T16:03:24
/home/airflow/.local/lib/python3.7/site-packages/airflow/example_dags/tutorial_dag.py                                                      1           0  0.19s           2025-07-14T16:03:25
/home/airflow/.local/lib/python3.7/site-packages/airflow/example_dags/tutorial_taskflow_api_virtualenv.py                                  1           0  0.20s           2025-07-14T16:03:25
/home/airflow/.local/lib/python3.7/site-packages/airflow/example_dags/example_passing_params_via_test_command.py                           1           0  0.24s           2025-07-14T16:03:25
/home/airflow/.local/lib/python3.7/site-packages/airflow/example_dags/example_task_group_decorator.py                                      1           0  0.39s           2025-07-14T16:03:25
/home/airflow/.local/lib/python3.7/site-packages/airflow/example_dags/example_branch_python_dop_operator_3.py                              1           0  0.45s           2025-07-14T16:03:25
/home/airflow/.local/lib/python3.7/site-packages/airflow/example_dags/example_sla_dag.py                                                   1           0  0.26s           2025-07-14T16:03:26
/home/airflow/.local/lib/python3.7/site-packages/airflow/example_dags/example_nested_branch_dag.py                                         1           0  0.28s           2025-07-14T16:03:26
/home/airflow/.local/lib/python3.7/site-packages/airflow/example_dags/example_task_group.py                                                1           0  0.28s           2025-07-14T16:03:26
/home/airflow/.local/lib/python3.7/site-packages/airflow/example_dags/example_skip_dag.py                                                  1           0  0.21s           2025-07-14T16:03:26
/home/airflow/.local/lib/python3.7/site-packages/airflow/example_dags/example_external_task_marker_dag.py                                  2           0  0.36s           2025-07-14T16:03:23
/home/airflow/.local/lib/python3.7/site-packages/airflow/example_dags/example_xcomargs.py                                                  2           0  0.32s           2025-07-14T16:03:25
/home/airflow/.local/lib/python3.7/site-packages/airflow/example_dags/example_subdag_operator.py                                           3           0  0.54s           2025-07-14T16:03:21
/home/airflow/.local/lib/python3.7/site-packages/airflow/example_dags/example_branch_datetime_operator.py                                  3           0  0.23s           2025-07-14T16:03:25
/home/airflow/.local/lib/python3.7/site-packages/airflow/example_dags/example_datasets.py                                                  6           0  0.23s           2025-07-14T16:03:23
================================================================================
[2025-07-14T16:04:13.713+0000] {manager.py:724} INFO - Searching for files in /opt/airflow/dags
[2025-07-14T16:04:13.723+0000] {manager.py:727} INFO - There are 36 files in /opt/airflow/dags
[2025-07-14T16:04:17.769+0000] {manager.py:846} INFO - 
================================================================================
DAG File Processing Stats

File Path                                                                                                         PID    Runtime      # DAGs    # Errors  Last Runtime    Last Run
----------------------------------------------------------------------------------------------------------------  -----  ---------  --------  ----------  --------------  -------------------
/home/airflow/.local/lib/python3.7/site-packages/airflow/example_dags/plugins/workday.py                                                   0           0  0.07s           2025-07-14T16:03:58
/home/airflow/.local/lib/python3.7/site-packages/airflow/example_dags/subdags/subdag.py                                                    0           0  0.07s           2025-07-14T16:03:58
/home/airflow/.local/lib/python3.7/site-packages/airflow/example_dags/example_short_circuit_decorator.py                                   1           0  0.17s           2025-07-14T16:03:49
/home/airflow/.local/lib/python3.7/site-packages/airflow/example_dags/example_bash_operator.py                                             1           0  0.17s           2025-07-14T16:03:49
/home/airflow/.local/lib/python3.7/site-packages/airflow/example_dags/tutorial_taskflow_api.py                                             1           0  0.19s           2025-07-14T16:03:49
/home/airflow/.local/lib/python3.7/site-packages/airflow/example_dags/example_latest_only_with_trigger.py                                  1           0  0.18s           2025-07-14T16:03:50
/home/airflow/.local/lib/python3.7/site-packages/airflow/example_dags/tutorial.py                                                          1           0  0.14s           2025-07-14T16:03:51
/home/airflow/.local/lib/python3.7/site-packages/airflow/example_dags/example_branch_operator_decorator.py                                 1           0  0.14s           2025-07-14T16:03:51
/home/airflow/.local/lib/python3.7/site-packages/airflow/example_dags/example_complex.py                                                   1           0  0.15s           2025-07-14T16:03:51
/home/airflow/.local/lib/python3.7/site-packages/airflow/example_dags/example_branch_operator.py                                           1           0  0.15s           2025-07-14T16:03:51
/home/airflow/.local/lib/python3.7/site-packages/airflow/example_dags/example_python_operator.py                                           1           0  0.19s           2025-07-14T16:03:51
/home/airflow/.local/lib/python3.7/site-packages/airflow/example_dags/example_branch_labels.py                                             1           0  0.19s           2025-07-14T16:03:51
/home/airflow/.local/lib/python3.7/site-packages/airflow/example_dags/example_latest_only.py                                               1           0  0.19s           2025-07-14T16:03:51
/home/airflow/.local/lib/python3.7/site-packages/airflow/example_dags/example_kubernetes_executor.py                                       1           0  0.21s           2025-07-14T16:03:52
/home/airflow/.local/lib/python3.7/site-packages/airflow/example_dags/example_short_circuit_operator.py                                    1           0  0.22s           2025-07-14T16:03:52
/home/airflow/.local/lib/python3.7/site-packages/airflow/example_dags/example_dag_decorator.py                                             1           0  0.64s           2025-07-14T16:03:53
/home/airflow/.local/lib/python3.7/site-packages/airflow/example_dags/example_trigger_target_dag.py                                        1           0  0.60s           2025-07-14T16:03:54
/home/airflow/.local/lib/python3.7/site-packages/airflow/example_dags/example_xcom.py                                                      1           0  0.55s           2025-07-14T16:03:55
/home/airflow/.local/lib/python3.7/site-packages/airflow/example_dags/example_local_kubernetes_executor.py                                 1           0  0.39s           2025-07-14T16:03:55
/home/airflow/.local/lib/python3.7/site-packages/airflow/example_dags/example_branch_day_of_week_operator.py                               1           0  0.52s           2025-07-14T16:03:55
/home/airflow/.local/lib/python3.7/site-packages/airflow/example_dags/example_time_delta_sensor_async.py                                   1           0  1.39s           2025-07-14T16:03:56
/home/airflow/.local/lib/python3.7/site-packages/airflow/example_dags/example_trigger_controller_dag.py                                    1           0  0.84s           2025-07-14T16:03:56
/home/airflow/.local/lib/python3.7/site-packages/airflow/example_dags/tutorial_dag.py                                                      1           0  0.37s           2025-07-14T16:03:56
/home/airflow/.local/lib/python3.7/site-packages/airflow/example_dags/tutorial_taskflow_api_virtualenv.py                                  1           0  0.37s           2025-07-14T16:03:57
/home/airflow/.local/lib/python3.7/site-packages/airflow/example_dags/example_passing_params_via_test_command.py                           1           0  0.46s           2025-07-14T16:03:57
/home/airflow/.local/lib/python3.7/site-packages/airflow/example_dags/example_task_group_decorator.py                                      1           0  0.44s           2025-07-14T16:03:57
/home/airflow/.local/lib/python3.7/site-packages/airflow/example_dags/example_branch_python_dop_operator_3.py                              1           0  0.36s           2025-07-14T16:03:57
/home/airflow/.local/lib/python3.7/site-packages/airflow/example_dags/example_sla_dag.py                                                   1           0  0.29s           2025-07-14T16:03:58
/home/airflow/.local/lib/python3.7/site-packages/airflow/example_dags/example_nested_branch_dag.py                                         1           0  0.29s           2025-07-14T16:03:58
/home/airflow/.local/lib/python3.7/site-packages/airflow/example_dags/example_task_group.py                                                1           0  0.31s           2025-07-14T16:03:58
/home/airflow/.local/lib/python3.7/site-packages/airflow/example_dags/example_skip_dag.py                                                  1           0  0.27s           2025-07-14T16:03:58
/home/airflow/.local/lib/python3.7/site-packages/airflow/example_dags/example_external_task_marker_dag.py                                  2           0  0.95s           2025-07-14T16:03:54
/home/airflow/.local/lib/python3.7/site-packages/airflow/example_dags/example_xcomargs.py                                                  2           0  0.35s           2025-07-14T16:03:58
/home/airflow/.local/lib/python3.7/site-packages/airflow/example_dags/example_subdag_operator.py                                           3           0  0.49s           2025-07-14T16:03:52
/home/airflow/.local/lib/python3.7/site-packages/airflow/example_dags/example_branch_datetime_operator.py                                  3           0  0.43s           2025-07-14T16:03:57
/home/airflow/.local/lib/python3.7/site-packages/airflow/example_dags/example_datasets.py                                                  6           0  0.52s           2025-07-14T16:03:54
================================================================================
[2025-07-14T16:04:47.964+0000] {manager.py:846} INFO - 
================================================================================
DAG File Processing Stats

File Path                                                                                                         PID    Runtime      # DAGs    # Errors  Last Runtime    Last Run
----------------------------------------------------------------------------------------------------------------  -----  ---------  --------  ----------  --------------  -------------------
/home/airflow/.local/lib/python3.7/site-packages/airflow/example_dags/plugins/workday.py                                                   0           0  0.06s           2025-07-14T16:04:28
/home/airflow/.local/lib/python3.7/site-packages/airflow/example_dags/subdags/subdag.py                                                    0           0  0.07s           2025-07-14T16:04:28
/home/airflow/.local/lib/python3.7/site-packages/airflow/example_dags/example_short_circuit_decorator.py                                   1           0  0.16s           2025-07-14T16:04:19
/home/airflow/.local/lib/python3.7/site-packages/airflow/example_dags/example_bash_operator.py                                             1           0  0.17s           2025-07-14T16:04:19
/home/airflow/.local/lib/python3.7/site-packages/airflow/example_dags/tutorial_taskflow_api.py                                             1           0  0.15s           2025-07-14T16:04:20
/home/airflow/.local/lib/python3.7/site-packages/airflow/example_dags/example_latest_only_with_trigger.py                                  1           0  0.20s           2025-07-14T16:04:21
/home/airflow/.local/lib/python3.7/site-packages/airflow/example_dags/tutorial.py                                                          1           0  0.18s           2025-07-14T16:04:21
/home/airflow/.local/lib/python3.7/site-packages/airflow/example_dags/example_branch_operator_decorator.py                                 1           0  0.20s           2025-07-14T16:04:21
/home/airflow/.local/lib/python3.7/site-packages/airflow/example_dags/example_complex.py                                                   1           0  0.24s           2025-07-14T16:04:21
/home/airflow/.local/lib/python3.7/site-packages/airflow/example_dags/example_branch_operator.py                                           1           0  0.27s           2025-07-14T16:04:21
/home/airflow/.local/lib/python3.7/site-packages/airflow/example_dags/example_python_operator.py                                           1           0  0.44s           2025-07-14T16:04:21
/home/airflow/.local/lib/python3.7/site-packages/airflow/example_dags/example_branch_labels.py                                             1           0  0.53s           2025-07-14T16:04:22
/home/airflow/.local/lib/python3.7/site-packages/airflow/example_dags/example_latest_only.py                                               1           0  0.41s           2025-07-14T16:04:22
/home/airflow/.local/lib/python3.7/site-packages/airflow/example_dags/example_kubernetes_executor.py                                       1           0  0.44s           2025-07-14T16:04:22
/home/airflow/.local/lib/python3.7/site-packages/airflow/example_dags/example_short_circuit_operator.py                                    1           0  0.25s           2025-07-14T16:04:22
/home/airflow/.local/lib/python3.7/site-packages/airflow/example_dags/example_dag_decorator.py                                             1           0  0.18s           2025-07-14T16:04:24
/home/airflow/.local/lib/python3.7/site-packages/airflow/example_dags/example_trigger_target_dag.py                                        1           0  0.22s           2025-07-14T16:04:25
/home/airflow/.local/lib/python3.7/site-packages/airflow/example_dags/example_xcom.py                                                      1           0  0.22s           2025-07-14T16:04:25
/home/airflow/.local/lib/python3.7/site-packages/airflow/example_dags/example_local_kubernetes_executor.py                                 1           0  0.23s           2025-07-14T16:04:26
/home/airflow/.local/lib/python3.7/site-packages/airflow/example_dags/example_branch_day_of_week_operator.py                               1           0  0.22s           2025-07-14T16:04:26
/home/airflow/.local/lib/python3.7/site-packages/airflow/example_dags/example_time_delta_sensor_async.py                                   1           0  0.43s           2025-07-14T16:04:27
/home/airflow/.local/lib/python3.7/site-packages/airflow/example_dags/example_trigger_controller_dag.py                                    1           0  0.18s           2025-07-14T16:04:27
/home/airflow/.local/lib/python3.7/site-packages/airflow/example_dags/tutorial_dag.py                                                      1           0  0.20s           2025-07-14T16:04:27
/home/airflow/.local/lib/python3.7/site-packages/airflow/example_dags/tutorial_taskflow_api_virtualenv.py                                  1           0  0.26s           2025-07-14T16:04:27
/home/airflow/.local/lib/python3.7/site-packages/airflow/example_dags/example_passing_params_via_test_command.py                           1           0  0.26s           2025-07-14T16:04:28
/home/airflow/.local/lib/python3.7/site-packages/airflow/example_dags/example_task_group_decorator.py                                      1           0  0.28s           2025-07-14T16:04:28
/home/airflow/.local/lib/python3.7/site-packages/airflow/example_dags/example_branch_python_dop_operator_3.py                              1           0  0.27s           2025-07-14T16:04:28
/home/airflow/.local/lib/python3.7/site-packages/airflow/example_dags/example_sla_dag.py                                                   1           0  0.26s           2025-07-14T16:04:28
/home/airflow/.local/lib/python3.7/site-packages/airflow/example_dags/example_nested_branch_dag.py                                         1           0  0.26s           2025-07-14T16:04:28
/home/airflow/.local/lib/python3.7/site-packages/airflow/example_dags/example_task_group.py                                                1           0  0.20s           2025-07-14T16:04:28
/home/airflow/.local/lib/python3.7/site-packages/airflow/example_dags/example_skip_dag.py                                                  1           0  0.19s           2025-07-14T16:04:28
/home/airflow/.local/lib/python3.7/site-packages/airflow/example_dags/example_external_task_marker_dag.py                                  2           0  0.31s           2025-07-14T16:04:24
/home/airflow/.local/lib/python3.7/site-packages/airflow/example_dags/example_xcomargs.py                                                  2           0  0.24s           2025-07-14T16:04:28
/home/airflow/.local/lib/python3.7/site-packages/airflow/example_dags/example_subdag_operator.py                                           3           0  0.66s           2025-07-14T16:04:23
/home/airflow/.local/lib/python3.7/site-packages/airflow/example_dags/example_branch_datetime_operator.py                                  3           0  0.30s           2025-07-14T16:04:27
/home/airflow/.local/lib/python3.7/site-packages/airflow/example_dags/example_datasets.py                                                  6           0  0.20s           2025-07-14T16:04:24
================================================================================
[2025-07-14T16:05:18.610+0000] {manager.py:846} INFO - 
================================================================================
DAG File Processing Stats

File Path                                                                                                         PID    Runtime      # DAGs    # Errors  Last Runtime    Last Run
----------------------------------------------------------------------------------------------------------------  -----  ---------  --------  ----------  --------------  -------------------
/home/airflow/.local/lib/python3.7/site-packages/airflow/example_dags/plugins/workday.py                                                   0           0  0.05s           2025-07-14T16:04:59
/home/airflow/.local/lib/python3.7/site-packages/airflow/example_dags/subdags/subdag.py                                                    0           0  0.06s           2025-07-14T16:04:59
/home/airflow/.local/lib/python3.7/site-packages/airflow/example_dags/example_short_circuit_decorator.py                                   1           0  0.16s           2025-07-14T16:04:50
/home/airflow/.local/lib/python3.7/site-packages/airflow/example_dags/example_bash_operator.py                                             1           0  0.17s           2025-07-14T16:04:50
/home/airflow/.local/lib/python3.7/site-packages/airflow/example_dags/tutorial_taskflow_api.py                                             1           0  0.15s           2025-07-14T16:04:50
/home/airflow/.local/lib/python3.7/site-packages/airflow/example_dags/example_latest_only_with_trigger.py                                  1           0  0.14s           2025-07-14T16:04:51
/home/airflow/.local/lib/python3.7/site-packages/airflow/example_dags/tutorial.py                                                          1           0  0.14s           2025-07-14T16:04:51
/home/airflow/.local/lib/python3.7/site-packages/airflow/example_dags/example_branch_operator_decorator.py                                 1           0  0.16s           2025-07-14T16:04:51
/home/airflow/.local/lib/python3.7/site-packages/airflow/example_dags/example_complex.py                                                   1           0  0.16s           2025-07-14T16:04:51
/home/airflow/.local/lib/python3.7/site-packages/airflow/example_dags/example_branch_operator.py                                           1           0  0.16s           2025-07-14T16:04:51
/home/airflow/.local/lib/python3.7/site-packages/airflow/example_dags/example_python_operator.py                                           1           0  0.18s           2025-07-14T16:04:52
/home/airflow/.local/lib/python3.7/site-packages/airflow/example_dags/example_branch_labels.py                                             1           0  0.16s           2025-07-14T16:04:52
/home/airflow/.local/lib/python3.7/site-packages/airflow/example_dags/example_latest_only.py                                               1           0  0.13s           2025-07-14T16:04:53
/home/airflow/.local/lib/python3.7/site-packages/airflow/example_dags/example_kubernetes_executor.py                                       1           0  0.15s           2025-07-14T16:04:53
/home/airflow/.local/lib/python3.7/site-packages/airflow/example_dags/example_short_circuit_operator.py                                    1           0  0.13s           2025-07-14T16:04:53
/home/airflow/.local/lib/python3.7/site-packages/airflow/example_dags/example_dag_decorator.py                                             1           0  0.20s           2025-07-14T16:04:54
/home/airflow/.local/lib/python3.7/site-packages/airflow/example_dags/example_trigger_target_dag.py                                        1           0  0.18s           2025-07-14T16:04:56
/home/airflow/.local/lib/python3.7/site-packages/airflow/example_dags/example_xcom.py                                                      1           0  0.16s           2025-07-14T16:04:56
/home/airflow/.local/lib/python3.7/site-packages/airflow/example_dags/example_local_kubernetes_executor.py                                 1           0  0.13s           2025-07-14T16:04:56
/home/airflow/.local/lib/python3.7/site-packages/airflow/example_dags/example_branch_day_of_week_operator.py                               1           0  0.12s           2025-07-14T16:04:57
/home/airflow/.local/lib/python3.7/site-packages/airflow/example_dags/example_time_delta_sensor_async.py                                   1           0  0.29s           2025-07-14T16:04:58
/home/airflow/.local/lib/python3.7/site-packages/airflow/example_dags/example_trigger_controller_dag.py                                    1           0  0.15s           2025-07-14T16:04:58
/home/airflow/.local/lib/python3.7/site-packages/airflow/example_dags/tutorial_dag.py                                                      1           0  0.13s           2025-07-14T16:04:58
/home/airflow/.local/lib/python3.7/site-packages/airflow/example_dags/tutorial_taskflow_api_virtualenv.py                                  1           0  0.14s           2025-07-14T16:04:58
/home/airflow/.local/lib/python3.7/site-packages/airflow/example_dags/example_passing_params_via_test_command.py                           1           0  0.15s           2025-07-14T16:04:58
/home/airflow/.local/lib/python3.7/site-packages/airflow/example_dags/example_task_group_decorator.py                                      1           0  0.14s           2025-07-14T16:04:58
/home/airflow/.local/lib/python3.7/site-packages/airflow/example_dags/example_branch_python_dop_operator_3.py                              1           0  0.15s           2025-07-14T16:04:59
/home/airflow/.local/lib/python3.7/site-packages/airflow/example_dags/example_sla_dag.py                                                   1           0  0.13s           2025-07-14T16:04:59
/home/airflow/.local/lib/python3.7/site-packages/airflow/example_dags/example_nested_branch_dag.py                                         1           0  0.14s           2025-07-14T16:04:59
/home/airflow/.local/lib/python3.7/site-packages/airflow/example_dags/example_task_group.py                                                1           0  0.13s           2025-07-14T16:04:59
/home/airflow/.local/lib/python3.7/site-packages/airflow/example_dags/example_skip_dag.py                                                  1           0  0.12s           2025-07-14T16:04:59
/home/airflow/.local/lib/python3.7/site-packages/airflow/example_dags/example_external_task_marker_dag.py                                  2           0  0.30s           2025-07-14T16:04:54
/home/airflow/.local/lib/python3.7/site-packages/airflow/example_dags/example_xcomargs.py                                                  2           0  0.15s           2025-07-14T16:04:59
/home/airflow/.local/lib/python3.7/site-packages/airflow/example_dags/example_subdag_operator.py                                           3           0  0.29s           2025-07-14T16:04:53
/home/airflow/.local/lib/python3.7/site-packages/airflow/example_dags/example_branch_datetime_operator.py                                  3           0  0.16s           2025-07-14T16:04:58
/home/airflow/.local/lib/python3.7/site-packages/airflow/example_dags/example_datasets.py                                                  6           0  0.19s           2025-07-14T16:04:55
================================================================================
[2025-07-14T16:05:48.777+0000] {manager.py:846} INFO - 
================================================================================
DAG File Processing Stats

File Path                                                                                                         PID    Runtime      # DAGs    # Errors  Last Runtime    Last Run
----------------------------------------------------------------------------------------------------------------  -----  ---------  --------  ----------  --------------  -------------------
/home/airflow/.local/lib/python3.7/site-packages/airflow/example_dags/plugins/workday.py                                                   0           0  0.05s           2025-07-14T16:05:29
/home/airflow/.local/lib/python3.7/site-packages/airflow/example_dags/subdags/subdag.py                                                    0           0  0.05s           2025-07-14T16:05:29
/home/airflow/.local/lib/python3.7/site-packages/airflow/example_dags/example_short_circuit_decorator.py                                   1           0  0.15s           2025-07-14T16:05:20
/home/airflow/.local/lib/python3.7/site-packages/airflow/example_dags/example_bash_operator.py                                             1           0  0.16s           2025-07-14T16:05:20
/home/airflow/.local/lib/python3.7/site-packages/airflow/example_dags/tutorial_taskflow_api.py                                             1           0  0.14s           2025-07-14T16:05:20
/home/airflow/.local/lib/python3.7/site-packages/airflow/example_dags/example_latest_only_with_trigger.py                                  1           0  0.14s           2025-07-14T16:05:21
/home/airflow/.local/lib/python3.7/site-packages/airflow/example_dags/tutorial.py                                                          1           0  0.14s           2025-07-14T16:05:21
/home/airflow/.local/lib/python3.7/site-packages/airflow/example_dags/example_branch_operator_decorator.py                                 1           0  0.18s           2025-07-14T16:05:22
/home/airflow/.local/lib/python3.7/site-packages/airflow/example_dags/example_complex.py                                                   1           0  0.16s           2025-07-14T16:05:22
/home/airflow/.local/lib/python3.7/site-packages/airflow/example_dags/example_branch_operator.py                                           1           0  0.15s           2025-07-14T16:05:22
/home/airflow/.local/lib/python3.7/site-packages/airflow/example_dags/example_python_operator.py                                           1           0  0.19s           2025-07-14T16:05:23
/home/airflow/.local/lib/python3.7/site-packages/airflow/example_dags/example_branch_labels.py                                             1           0  0.17s           2025-07-14T16:05:23
/home/airflow/.local/lib/python3.7/site-packages/airflow/example_dags/example_latest_only.py                                               1           0  0.17s           2025-07-14T16:05:23
/home/airflow/.local/lib/python3.7/site-packages/airflow/example_dags/example_kubernetes_executor.py                                       1           0  0.19s           2025-07-14T16:05:23
/home/airflow/.local/lib/python3.7/site-packages/airflow/example_dags/example_short_circuit_operator.py                                    1           0  0.16s           2025-07-14T16:05:23
/home/airflow/.local/lib/python3.7/site-packages/airflow/example_dags/example_dag_decorator.py                                             1           0  0.19s           2025-07-14T16:05:24
/home/airflow/.local/lib/python3.7/site-packages/airflow/example_dags/example_trigger_target_dag.py                                        1           0  0.17s           2025-07-14T16:05:27
/home/airflow/.local/lib/python3.7/site-packages/airflow/example_dags/example_xcom.py                                                      1           0  0.16s           2025-07-14T16:05:27
/home/airflow/.local/lib/python3.7/site-packages/airflow/example_dags/example_local_kubernetes_executor.py                                 1           0  0.15s           2025-07-14T16:05:27
/home/airflow/.local/lib/python3.7/site-packages/airflow/example_dags/example_branch_day_of_week_operator.py                               1           0  0.14s           2025-07-14T16:05:27
/home/airflow/.local/lib/python3.7/site-packages/airflow/example_dags/example_time_delta_sensor_async.py                                   1           0  0.31s           2025-07-14T16:05:28
/home/airflow/.local/lib/python3.7/site-packages/airflow/example_dags/example_trigger_controller_dag.py                                    1           0  0.16s           2025-07-14T16:05:28
/home/airflow/.local/lib/python3.7/site-packages/airflow/example_dags/tutorial_dag.py                                                      1           0  0.17s           2025-07-14T16:05:28
/home/airflow/.local/lib/python3.7/site-packages/airflow/example_dags/tutorial_taskflow_api_virtualenv.py                                  1           0  0.13s           2025-07-14T16:05:28
/home/airflow/.local/lib/python3.7/site-packages/airflow/example_dags/example_passing_params_via_test_command.py                           1           0  0.15s           2025-07-14T16:05:28
/home/airflow/.local/lib/python3.7/site-packages/airflow/example_dags/example_task_group_decorator.py                                      1           0  0.15s           2025-07-14T16:05:29
/home/airflow/.local/lib/python3.7/site-packages/airflow/example_dags/example_branch_python_dop_operator_3.py                              1           0  0.15s           2025-07-14T16:05:29
/home/airflow/.local/lib/python3.7/site-packages/airflow/example_dags/example_sla_dag.py                                                   1           0  0.14s           2025-07-14T16:05:29
/home/airflow/.local/lib/python3.7/site-packages/airflow/example_dags/example_nested_branch_dag.py                                         1           0  0.14s           2025-07-14T16:05:29
/home/airflow/.local/lib/python3.7/site-packages/airflow/example_dags/example_task_group.py                                                1           0  0.13s           2025-07-14T16:05:29
/home/airflow/.local/lib/python3.7/site-packages/airflow/example_dags/example_skip_dag.py                                                  1           0  0.14s           2025-07-14T16:05:29
/home/airflow/.local/lib/python3.7/site-packages/airflow/example_dags/example_external_task_marker_dag.py                                  2           0  0.54s           2025-07-14T16:05:25
/home/airflow/.local/lib/python3.7/site-packages/airflow/example_dags/example_xcomargs.py                                                  2           0  0.14s           2025-07-14T16:05:29
/home/airflow/.local/lib/python3.7/site-packages/airflow/example_dags/example_subdag_operator.py                                           3           0  0.32s           2025-07-14T16:05:23
/home/airflow/.local/lib/python3.7/site-packages/airflow/example_dags/example_branch_datetime_operator.py                                  3           0  0.15s           2025-07-14T16:05:28
/home/airflow/.local/lib/python3.7/site-packages/airflow/example_dags/example_datasets.py                                                  6           0  0.47s           2025-07-14T16:05:26
================================================================================
[2025-07-14T16:06:19.453+0000] {manager.py:846} INFO - 
================================================================================
DAG File Processing Stats

File Path                                                                                                         PID    Runtime      # DAGs    # Errors  Last Runtime    Last Run
----------------------------------------------------------------------------------------------------------------  -----  ---------  --------  ----------  --------------  -------------------
/home/airflow/.local/lib/python3.7/site-packages/airflow/example_dags/plugins/workday.py                                                   0           0  0.04s           2025-07-14T16:06:00
/home/airflow/.local/lib/python3.7/site-packages/airflow/example_dags/subdags/subdag.py                                                    0           0  0.04s           2025-07-14T16:06:00
/home/airflow/.local/lib/python3.7/site-packages/airflow/example_dags/example_short_circuit_decorator.py                                   1           0  0.14s           2025-07-14T16:05:50
/home/airflow/.local/lib/python3.7/site-packages/airflow/example_dags/example_bash_operator.py                                             1           0  0.15s           2025-07-14T16:05:50
/home/airflow/.local/lib/python3.7/site-packages/airflow/example_dags/tutorial_taskflow_api.py                                             1           0  0.14s           2025-07-14T16:05:51
/home/airflow/.local/lib/python3.7/site-packages/airflow/example_dags/example_latest_only_with_trigger.py                                  1           0  0.13s           2025-07-14T16:05:52
/home/airflow/.local/lib/python3.7/site-packages/airflow/example_dags/tutorial.py                                                          1           0  0.12s           2025-07-14T16:05:52
/home/airflow/.local/lib/python3.7/site-packages/airflow/example_dags/example_branch_operator_decorator.py                                 1           0  0.17s           2025-07-14T16:05:53
/home/airflow/.local/lib/python3.7/site-packages/airflow/example_dags/example_complex.py                                                   1           0  0.16s           2025-07-14T16:05:53
/home/airflow/.local/lib/python3.7/site-packages/airflow/example_dags/example_branch_operator.py                                           1           0  0.15s           2025-07-14T16:05:53
/home/airflow/.local/lib/python3.7/site-packages/airflow/example_dags/example_python_operator.py                                           1           0  0.16s           2025-07-14T16:05:54
/home/airflow/.local/lib/python3.7/site-packages/airflow/example_dags/example_branch_labels.py                                             1           0  0.13s           2025-07-14T16:05:54
/home/airflow/.local/lib/python3.7/site-packages/airflow/example_dags/example_latest_only.py                                               1           0  0.13s           2025-07-14T16:05:54
/home/airflow/.local/lib/python3.7/site-packages/airflow/example_dags/example_kubernetes_executor.py                                       1           0  0.15s           2025-07-14T16:05:54
/home/airflow/.local/lib/python3.7/site-packages/airflow/example_dags/example_short_circuit_operator.py                                    1           0  0.13s           2025-07-14T16:05:54
/home/airflow/.local/lib/python3.7/site-packages/airflow/example_dags/example_dag_decorator.py                                             1           0  0.20s           2025-07-14T16:05:55
/home/airflow/.local/lib/python3.7/site-packages/airflow/example_dags/example_trigger_target_dag.py                                        1           0  0.15s           2025-07-14T16:05:58
/home/airflow/.local/lib/python3.7/site-packages/airflow/example_dags/example_xcom.py                                                      1           0  0.14s           2025-07-14T16:05:58
/home/airflow/.local/lib/python3.7/site-packages/airflow/example_dags/example_local_kubernetes_executor.py                                 1           0  0.20s           2025-07-14T16:05:58
/home/airflow/.local/lib/python3.7/site-packages/airflow/example_dags/example_branch_day_of_week_operator.py                               1           0  0.20s           2025-07-14T16:05:58
/home/airflow/.local/lib/python3.7/site-packages/airflow/example_dags/example_time_delta_sensor_async.py                                   1           0  0.35s           2025-07-14T16:05:59
/home/airflow/.local/lib/python3.7/site-packages/airflow/example_dags/example_trigger_controller_dag.py                                    1           0  0.16s           2025-07-14T16:05:59
/home/airflow/.local/lib/python3.7/site-packages/airflow/example_dags/tutorial_dag.py                                                      1           0  0.16s           2025-07-14T16:05:59
/home/airflow/.local/lib/python3.7/site-packages/airflow/example_dags/tutorial_taskflow_api_virtualenv.py                                  1           0  0.17s           2025-07-14T16:05:59
/home/airflow/.local/lib/python3.7/site-packages/airflow/example_dags/example_passing_params_via_test_command.py                           1           0  0.17s           2025-07-14T16:05:59
/home/airflow/.local/lib/python3.7/site-packages/airflow/example_dags/example_task_group_decorator.py                                      1           0  0.17s           2025-07-14T16:05:59
/home/airflow/.local/lib/python3.7/site-packages/airflow/example_dags/example_branch_python_dop_operator_3.py                              1           0  0.17s           2025-07-14T16:05:59
/home/airflow/.local/lib/python3.7/site-packages/airflow/example_dags/example_sla_dag.py                                                   1           0  0.17s           2025-07-14T16:06:00
/home/airflow/.local/lib/python3.7/site-packages/airflow/example_dags/example_nested_branch_dag.py                                         1           0  0.16s           2025-07-14T16:06:00
/home/airflow/.local/lib/python3.7/site-packages/airflow/example_dags/example_task_group.py                                                1           0  0.14s           2025-07-14T16:06:00
/home/airflow/.local/lib/python3.7/site-packages/airflow/example_dags/example_skip_dag.py                                                  1           0  0.14s           2025-07-14T16:06:00
/home/airflow/.local/lib/python3.7/site-packages/airflow/example_dags/example_external_task_marker_dag.py                                  2           0  0.30s           2025-07-14T16:05:55
/home/airflow/.local/lib/python3.7/site-packages/airflow/example_dags/example_xcomargs.py                                                  2           0  0.17s           2025-07-14T16:06:00
/home/airflow/.local/lib/python3.7/site-packages/airflow/example_dags/example_subdag_operator.py                                           3           0  0.32s           2025-07-14T16:05:54
/home/airflow/.local/lib/python3.7/site-packages/airflow/example_dags/example_branch_datetime_operator.py                                  3           0  0.18s           2025-07-14T16:05:59
/home/airflow/.local/lib/python3.7/site-packages/airflow/example_dags/example_datasets.py                                                  6           0  0.18s           2025-07-14T16:05:57
================================================================================
[2025-07-14T16:06:50.061+0000] {manager.py:846} INFO - 
================================================================================
DAG File Processing Stats

File Path                                                                                                         PID    Runtime      # DAGs    # Errors  Last Runtime    Last Run
----------------------------------------------------------------------------------------------------------------  -----  ---------  --------  ----------  --------------  -------------------
/home/airflow/.local/lib/python3.7/site-packages/airflow/example_dags/plugins/workday.py                                                   0           0  0.04s           2025-07-14T16:06:30
/home/airflow/.local/lib/python3.7/site-packages/airflow/example_dags/subdags/subdag.py                                                    0           0  0.04s           2025-07-14T16:06:30
/home/airflow/.local/lib/python3.7/site-packages/airflow/example_dags/example_short_circuit_decorator.py                                   1           0  0.17s           2025-07-14T16:06:21
/home/airflow/.local/lib/python3.7/site-packages/airflow/example_dags/example_bash_operator.py                                             1           0  0.16s           2025-07-14T16:06:21
/home/airflow/.local/lib/python3.7/site-packages/airflow/example_dags/tutorial_taskflow_api.py                                             1           0  0.15s           2025-07-14T16:06:21
/home/airflow/.local/lib/python3.7/site-packages/airflow/example_dags/example_latest_only_with_trigger.py                                  1           0  0.15s           2025-07-14T16:06:22
/home/airflow/.local/lib/python3.7/site-packages/airflow/example_dags/tutorial.py                                                          1           0  0.14s           2025-07-14T16:06:22
/home/airflow/.local/lib/python3.7/site-packages/airflow/example_dags/example_branch_operator_decorator.py                                 1           0  0.16s           2025-07-14T16:06:23
/home/airflow/.local/lib/python3.7/site-packages/airflow/example_dags/example_complex.py                                                   1           0  0.14s           2025-07-14T16:06:23
/home/airflow/.local/lib/python3.7/site-packages/airflow/example_dags/example_branch_operator.py                                           1           0  0.14s           2025-07-14T16:06:23
/home/airflow/.local/lib/python3.7/site-packages/airflow/example_dags/example_python_operator.py                                           1           0  0.17s           2025-07-14T16:06:24
/home/airflow/.local/lib/python3.7/site-packages/airflow/example_dags/example_branch_labels.py                                             1           0  0.15s           2025-07-14T16:06:24
/home/airflow/.local/lib/python3.7/site-packages/airflow/example_dags/example_latest_only.py                                               1           0  0.13s           2025-07-14T16:06:25
/home/airflow/.local/lib/python3.7/site-packages/airflow/example_dags/example_kubernetes_executor.py                                       1           0  0.16s           2025-07-14T16:06:25
/home/airflow/.local/lib/python3.7/site-packages/airflow/example_dags/example_short_circuit_operator.py                                    1           0  0.13s           2025-07-14T16:06:25
/home/airflow/.local/lib/python3.7/site-packages/airflow/example_dags/example_dag_decorator.py                                             1           0  0.22s           2025-07-14T16:06:26
/home/airflow/.local/lib/python3.7/site-packages/airflow/example_dags/example_trigger_target_dag.py                                        1           0  0.14s           2025-07-14T16:06:28
/home/airflow/.local/lib/python3.7/site-packages/airflow/example_dags/example_xcom.py                                                      1           0  0.13s           2025-07-14T16:06:28
/home/airflow/.local/lib/python3.7/site-packages/airflow/example_dags/example_local_kubernetes_executor.py                                 1           0  0.13s           2025-07-14T16:06:28
/home/airflow/.local/lib/python3.7/site-packages/airflow/example_dags/example_branch_day_of_week_operator.py                               1           0  0.13s           2025-07-14T16:06:29
/home/airflow/.local/lib/python3.7/site-packages/airflow/example_dags/example_time_delta_sensor_async.py                                   1           0  0.29s           2025-07-14T16:06:30
/home/airflow/.local/lib/python3.7/site-packages/airflow/example_dags/example_trigger_controller_dag.py                                    1           0  0.13s           2025-07-14T16:06:30
/home/airflow/.local/lib/python3.7/site-packages/airflow/example_dags/tutorial_dag.py                                                      1           0  0.13s           2025-07-14T16:06:30
/home/airflow/.local/lib/python3.7/site-packages/airflow/example_dags/tutorial_taskflow_api_virtualenv.py                                  1           0  0.13s           2025-07-14T16:06:30
/home/airflow/.local/lib/python3.7/site-packages/airflow/example_dags/example_passing_params_via_test_command.py                           1           0  0.15s           2025-07-14T16:06:30
/home/airflow/.local/lib/python3.7/site-packages/airflow/example_dags/example_task_group_decorator.py                                      1           0  0.15s           2025-07-14T16:06:30
/home/airflow/.local/lib/python3.7/site-packages/airflow/example_dags/example_branch_python_dop_operator_3.py                              1           0  0.13s           2025-07-14T16:06:30
/home/airflow/.local/lib/python3.7/site-packages/airflow/example_dags/example_sla_dag.py                                                   1           0  0.13s           2025-07-14T16:06:30
/home/airflow/.local/lib/python3.7/site-packages/airflow/example_dags/example_nested_branch_dag.py                                         1           0  0.13s           2025-07-14T16:06:30
/home/airflow/.local/lib/python3.7/site-packages/airflow/example_dags/example_task_group.py                                                1           0  0.13s           2025-07-14T16:06:30
/home/airflow/.local/lib/python3.7/site-packages/airflow/example_dags/example_skip_dag.py                                                  1           0  0.13s           2025-07-14T16:06:30
/home/airflow/.local/lib/python3.7/site-packages/airflow/example_dags/example_external_task_marker_dag.py                                  2           0  0.32s           2025-07-14T16:06:26
/home/airflow/.local/lib/python3.7/site-packages/airflow/example_dags/example_xcomargs.py                                                  2           0  0.13s           2025-07-14T16:06:30
/home/airflow/.local/lib/python3.7/site-packages/airflow/example_dags/example_subdag_operator.py                                           3           0  0.31s           2025-07-14T16:06:25
/home/airflow/.local/lib/python3.7/site-packages/airflow/example_dags/example_branch_datetime_operator.py                                  3           0  0.15s           2025-07-14T16:06:30
/home/airflow/.local/lib/python3.7/site-packages/airflow/example_dags/example_datasets.py                                                  6           0  0.18s           2025-07-14T16:06:27
================================================================================
[2025-07-14T16:07:20.849+0000] {manager.py:846} INFO - 
================================================================================
DAG File Processing Stats

File Path                                                                                                         PID    Runtime      # DAGs    # Errors  Last Runtime    Last Run
----------------------------------------------------------------------------------------------------------------  -----  ---------  --------  ----------  --------------  -------------------
/home/airflow/.local/lib/python3.7/site-packages/airflow/example_dags/plugins/workday.py                                                   0           0  0.04s           2025-07-14T16:07:01
/home/airflow/.local/lib/python3.7/site-packages/airflow/example_dags/subdags/subdag.py                                                    0           0  0.05s           2025-07-14T16:07:01
/home/airflow/.local/lib/python3.7/site-packages/airflow/example_dags/example_short_circuit_decorator.py                                   1           0  0.15s           2025-07-14T16:06:52
/home/airflow/.local/lib/python3.7/site-packages/airflow/example_dags/example_bash_operator.py                                             1           0  0.14s           2025-07-14T16:06:52
/home/airflow/.local/lib/python3.7/site-packages/airflow/example_dags/tutorial_taskflow_api.py                                             1           0  0.15s           2025-07-14T16:06:52
/home/airflow/.local/lib/python3.7/site-packages/airflow/example_dags/example_latest_only_with_trigger.py                                  1           0  0.13s           2025-07-14T16:06:53
/home/airflow/.local/lib/python3.7/site-packages/airflow/example_dags/tutorial.py                                                          1           0  0.12s           2025-07-14T16:06:53
/home/airflow/.local/lib/python3.7/site-packages/airflow/example_dags/example_branch_operator_decorator.py                                 1           0  0.15s           2025-07-14T16:06:54
/home/airflow/.local/lib/python3.7/site-packages/airflow/example_dags/example_complex.py                                                   1           0  0.14s           2025-07-14T16:06:54
/home/airflow/.local/lib/python3.7/site-packages/airflow/example_dags/example_branch_operator.py                                           1           0  0.15s           2025-07-14T16:06:54
/home/airflow/.local/lib/python3.7/site-packages/airflow/example_dags/example_python_operator.py                                           1           0  0.28s           2025-07-14T16:06:55
/home/airflow/.local/lib/python3.7/site-packages/airflow/example_dags/example_branch_labels.py                                             1           0  0.24s           2025-07-14T16:06:55
/home/airflow/.local/lib/python3.7/site-packages/airflow/example_dags/example_latest_only.py                                               1           0  0.18s           2025-07-14T16:06:55
/home/airflow/.local/lib/python3.7/site-packages/airflow/example_dags/example_kubernetes_executor.py                                       1           0  0.15s           2025-07-14T16:06:56
/home/airflow/.local/lib/python3.7/site-packages/airflow/example_dags/example_short_circuit_operator.py                                    1           0  0.12s           2025-07-14T16:06:56
/home/airflow/.local/lib/python3.7/site-packages/airflow/example_dags/example_dag_decorator.py                                             1           0  0.18s           2025-07-14T16:06:57
/home/airflow/.local/lib/python3.7/site-packages/airflow/example_dags/example_trigger_target_dag.py                                        1           0  0.14s           2025-07-14T16:06:59
/home/airflow/.local/lib/python3.7/site-packages/airflow/example_dags/example_xcom.py                                                      1           0  0.15s           2025-07-14T16:06:59
/home/airflow/.local/lib/python3.7/site-packages/airflow/example_dags/example_local_kubernetes_executor.py                                 1           0  0.15s           2025-07-14T16:06:59
/home/airflow/.local/lib/python3.7/site-packages/airflow/example_dags/example_branch_day_of_week_operator.py                               1           0  0.14s           2025-07-14T16:06:59
/home/airflow/.local/lib/python3.7/site-packages/airflow/example_dags/example_time_delta_sensor_async.py                                   1           0  0.32s           2025-07-14T16:07:00
/home/airflow/.local/lib/python3.7/site-packages/airflow/example_dags/example_trigger_controller_dag.py                                    1           0  0.13s           2025-07-14T16:07:00
/home/airflow/.local/lib/python3.7/site-packages/airflow/example_dags/tutorial_dag.py                                                      1           0  0.15s           2025-07-14T16:07:00
/home/airflow/.local/lib/python3.7/site-packages/airflow/example_dags/tutorial_taskflow_api_virtualenv.py                                  1           0  0.16s           2025-07-14T16:07:01
/home/airflow/.local/lib/python3.7/site-packages/airflow/example_dags/example_passing_params_via_test_command.py                           1           0  0.17s           2025-07-14T16:07:01
/home/airflow/.local/lib/python3.7/site-packages/airflow/example_dags/example_task_group_decorator.py                                      1           0  0.16s           2025-07-14T16:07:01
/home/airflow/.local/lib/python3.7/site-packages/airflow/example_dags/example_branch_python_dop_operator_3.py                              1           0  0.15s           2025-07-14T16:07:01
/home/airflow/.local/lib/python3.7/site-packages/airflow/example_dags/example_sla_dag.py                                                   1           0  0.14s           2025-07-14T16:07:01
/home/airflow/.local/lib/python3.7/site-packages/airflow/example_dags/example_nested_branch_dag.py                                         1           0  0.14s           2025-07-14T16:07:01
/home/airflow/.local/lib/python3.7/site-packages/airflow/example_dags/example_task_group.py                                                1           0  0.14s           2025-07-14T16:07:01
/home/airflow/.local/lib/python3.7/site-packages/airflow/example_dags/example_skip_dag.py                                                  1           0  0.13s           2025-07-14T16:07:01
/home/airflow/.local/lib/python3.7/site-packages/airflow/example_dags/example_external_task_marker_dag.py                                  2           0  0.27s           2025-07-14T16:06:57
/home/airflow/.local/lib/python3.7/site-packages/airflow/example_dags/example_xcomargs.py                                                  2           0  0.14s           2025-07-14T16:07:01
/home/airflow/.local/lib/python3.7/site-packages/airflow/example_dags/example_subdag_operator.py                                           3           0  0.34s           2025-07-14T16:06:56
/home/airflow/.local/lib/python3.7/site-packages/airflow/example_dags/example_branch_datetime_operator.py                                  3           0  0.18s           2025-07-14T16:07:01
/home/airflow/.local/lib/python3.7/site-packages/airflow/example_dags/example_datasets.py                                                  6           0  0.19s           2025-07-14T16:06:58
================================================================================
[2025-07-14T16:07:51.326+0000] {manager.py:846} INFO - 
================================================================================
DAG File Processing Stats

File Path                                                                                                         PID    Runtime      # DAGs    # Errors  Last Runtime    Last Run
----------------------------------------------------------------------------------------------------------------  -----  ---------  --------  ----------  --------------  -------------------
/home/airflow/.local/lib/python3.7/site-packages/airflow/example_dags/plugins/workday.py                                                   0           0  0.06s           2025-07-14T16:07:33
/home/airflow/.local/lib/python3.7/site-packages/airflow/example_dags/subdags/subdag.py                                                    0           0  0.05s           2025-07-14T16:07:33
/home/airflow/.local/lib/python3.7/site-packages/airflow/example_dags/example_short_circuit_decorator.py                                   1           0  0.19s           2025-07-14T16:07:23
/home/airflow/.local/lib/python3.7/site-packages/airflow/example_dags/example_bash_operator.py                                             1           0  0.18s           2025-07-14T16:07:23
/home/airflow/.local/lib/python3.7/site-packages/airflow/example_dags/tutorial_taskflow_api.py                                             1           0  0.15s           2025-07-14T16:07:23
/home/airflow/.local/lib/python3.7/site-packages/airflow/example_dags/example_latest_only_with_trigger.py                                  1           0  0.14s           2025-07-14T16:07:24
/home/airflow/.local/lib/python3.7/site-packages/airflow/example_dags/tutorial.py                                                          1           0  0.13s           2025-07-14T16:07:24
/home/airflow/.local/lib/python3.7/site-packages/airflow/example_dags/example_branch_operator_decorator.py                                 1           0  0.17s           2025-07-14T16:07:25
/home/airflow/.local/lib/python3.7/site-packages/airflow/example_dags/example_complex.py                                                   1           0  0.17s           2025-07-14T16:07:25
/home/airflow/.local/lib/python3.7/site-packages/airflow/example_dags/example_branch_operator.py                                           1           0  0.16s           2025-07-14T16:07:25
/home/airflow/.local/lib/python3.7/site-packages/airflow/example_dags/example_python_operator.py                                           1           0  0.17s           2025-07-14T16:07:26
/home/airflow/.local/lib/python3.7/site-packages/airflow/example_dags/example_branch_labels.py                                             1           0  0.14s           2025-07-14T16:07:26
/home/airflow/.local/lib/python3.7/site-packages/airflow/example_dags/example_latest_only.py                                               1           0  0.13s           2025-07-14T16:07:26
/home/airflow/.local/lib/python3.7/site-packages/airflow/example_dags/example_kubernetes_executor.py                                       1           0  0.17s           2025-07-14T16:07:26
/home/airflow/.local/lib/python3.7/site-packages/airflow/example_dags/example_short_circuit_operator.py                                    1           0  0.13s           2025-07-14T16:07:26
/home/airflow/.local/lib/python3.7/site-packages/airflow/example_dags/example_dag_decorator.py                                             1           0  0.23s           2025-07-14T16:07:27
/home/airflow/.local/lib/python3.7/site-packages/airflow/example_dags/example_trigger_target_dag.py                                        1           0  0.16s           2025-07-14T16:07:30
/home/airflow/.local/lib/python3.7/site-packages/airflow/example_dags/example_xcom.py                                                      1           0  0.15s           2025-07-14T16:07:30
/home/airflow/.local/lib/python3.7/site-packages/airflow/example_dags/example_local_kubernetes_executor.py                                 1           0  0.15s           2025-07-14T16:07:30
/home/airflow/.local/lib/python3.7/site-packages/airflow/example_dags/example_branch_day_of_week_operator.py                               1           0  0.16s           2025-07-14T16:07:30
/home/airflow/.local/lib/python3.7/site-packages/airflow/example_dags/example_time_delta_sensor_async.py                                   1           0  0.57s           2025-07-14T16:07:32
/home/airflow/.local/lib/python3.7/site-packages/airflow/example_dags/example_trigger_controller_dag.py                                    1           0  0.27s           2025-07-14T16:07:31
/home/airflow/.local/lib/python3.7/site-packages/airflow/example_dags/tutorial_dag.py                                                      1           0  0.23s           2025-07-14T16:07:32
/home/airflow/.local/lib/python3.7/site-packages/airflow/example_dags/tutorial_taskflow_api_virtualenv.py                                  1           0  0.19s           2025-07-14T16:07:32
/home/airflow/.local/lib/python3.7/site-packages/airflow/example_dags/example_passing_params_via_test_command.py                           1           0  0.20s           2025-07-14T16:07:32
/home/airflow/.local/lib/python3.7/site-packages/airflow/example_dags/example_task_group_decorator.py                                      1           0  0.20s           2025-07-14T16:07:32
/home/airflow/.local/lib/python3.7/site-packages/airflow/example_dags/example_branch_python_dop_operator_3.py                              1           0  0.21s           2025-07-14T16:07:32
/home/airflow/.local/lib/python3.7/site-packages/airflow/example_dags/example_sla_dag.py                                                   1           0  0.23s           2025-07-14T16:07:32
/home/airflow/.local/lib/python3.7/site-packages/airflow/example_dags/example_nested_branch_dag.py                                         1           0  0.22s           2025-07-14T16:07:32
/home/airflow/.local/lib/python3.7/site-packages/airflow/example_dags/example_task_group.py                                                1           0  0.22s           2025-07-14T16:07:33
/home/airflow/.local/lib/python3.7/site-packages/airflow/example_dags/example_skip_dag.py                                                  1           0  0.21s           2025-07-14T16:07:33
/home/airflow/.local/lib/python3.7/site-packages/airflow/example_dags/example_external_task_marker_dag.py                                  2           0  0.44s           2025-07-14T16:07:28
/home/airflow/.local/lib/python3.7/site-packages/airflow/example_dags/example_xcomargs.py                                                  2           0  0.21s           2025-07-14T16:07:32
/home/airflow/.local/lib/python3.7/site-packages/airflow/example_dags/example_subdag_operator.py                                           3           0  0.32s           2025-07-14T16:07:26
/home/airflow/.local/lib/python3.7/site-packages/airflow/example_dags/example_branch_datetime_operator.py                                  3           0  0.20s           2025-07-14T16:07:32
/home/airflow/.local/lib/python3.7/site-packages/airflow/example_dags/example_datasets.py                                                  6           0  0.24s           2025-07-14T16:07:29
================================================================================
[2025-07-14T16:08:21.342+0000] {manager.py:846} INFO - 
================================================================================
DAG File Processing Stats

File Path                                                                                                         PID    Runtime      # DAGs    # Errors  Last Runtime    Last Run
----------------------------------------------------------------------------------------------------------------  -----  ---------  --------  ----------  --------------  -------------------
/home/airflow/.local/lib/python3.7/site-packages/airflow/example_dags/plugins/workday.py                                                   0           0  0.07s           2025-07-14T16:08:04
/home/airflow/.local/lib/python3.7/site-packages/airflow/example_dags/subdags/subdag.py                                                    0           0  0.06s           2025-07-14T16:08:04
/home/airflow/.local/lib/python3.7/site-packages/airflow/example_dags/example_short_circuit_decorator.py                                   1           0  0.36s           2025-07-14T16:07:53
/home/airflow/.local/lib/python3.7/site-packages/airflow/example_dags/example_bash_operator.py                                             1           0  0.40s           2025-07-14T16:07:53
/home/airflow/.local/lib/python3.7/site-packages/airflow/example_dags/tutorial_taskflow_api.py                                             1           0  0.43s           2025-07-14T16:07:54
/home/airflow/.local/lib/python3.7/site-packages/airflow/example_dags/example_latest_only_with_trigger.py                                  1           0  0.22s           2025-07-14T16:07:55
/home/airflow/.local/lib/python3.7/site-packages/airflow/example_dags/tutorial.py                                                          1           0  0.20s           2025-07-14T16:07:54
/home/airflow/.local/lib/python3.7/site-packages/airflow/example_dags/example_branch_operator_decorator.py                                 1           0  0.16s           2025-07-14T16:07:55
/home/airflow/.local/lib/python3.7/site-packages/airflow/example_dags/example_complex.py                                                   1           0  0.15s           2025-07-14T16:07:55
/home/airflow/.local/lib/python3.7/site-packages/airflow/example_dags/example_branch_operator.py                                           1           0  0.18s           2025-07-14T16:07:56
/home/airflow/.local/lib/python3.7/site-packages/airflow/example_dags/example_python_operator.py                                           1           0  0.15s           2025-07-14T16:07:57
/home/airflow/.local/lib/python3.7/site-packages/airflow/example_dags/example_branch_labels.py                                             1           0  0.13s           2025-07-14T16:07:57
/home/airflow/.local/lib/python3.7/site-packages/airflow/example_dags/example_latest_only.py                                               1           0  0.14s           2025-07-14T16:07:57
/home/airflow/.local/lib/python3.7/site-packages/airflow/example_dags/example_kubernetes_executor.py                                       1           0  0.22s           2025-07-14T16:07:57
/home/airflow/.local/lib/python3.7/site-packages/airflow/example_dags/example_short_circuit_operator.py                                    1           0  0.26s           2025-07-14T16:07:57
/home/airflow/.local/lib/python3.7/site-packages/airflow/example_dags/example_dag_decorator.py                                             1           0  0.46s           2025-07-14T16:07:59
/home/airflow/.local/lib/python3.7/site-packages/airflow/example_dags/example_trigger_target_dag.py                                        1           0  0.19s           2025-07-14T16:08:00
/home/airflow/.local/lib/python3.7/site-packages/airflow/example_dags/example_xcom.py                                                      1           0  0.20s           2025-07-14T16:08:00
/home/airflow/.local/lib/python3.7/site-packages/airflow/example_dags/example_local_kubernetes_executor.py                                 1           0  0.25s           2025-07-14T16:08:01
/home/airflow/.local/lib/python3.7/site-packages/airflow/example_dags/example_branch_day_of_week_operator.py                               1           0  0.25s           2025-07-14T16:08:01
/home/airflow/.local/lib/python3.7/site-packages/airflow/example_dags/example_time_delta_sensor_async.py                                   1           0  0.44s           2025-07-14T16:08:02
/home/airflow/.local/lib/python3.7/site-packages/airflow/example_dags/example_trigger_controller_dag.py                                    1           0  0.21s           2025-07-14T16:08:02
/home/airflow/.local/lib/python3.7/site-packages/airflow/example_dags/tutorial_dag.py                                                      1           0  0.22s           2025-07-14T16:08:02
/home/airflow/.local/lib/python3.7/site-packages/airflow/example_dags/tutorial_taskflow_api_virtualenv.py                                  1           0  0.25s           2025-07-14T16:08:02
/home/airflow/.local/lib/python3.7/site-packages/airflow/example_dags/example_passing_params_via_test_command.py                           1           0  0.27s           2025-07-14T16:08:03
/home/airflow/.local/lib/python3.7/site-packages/airflow/example_dags/example_task_group_decorator.py                                      1           0  0.23s           2025-07-14T16:08:03
/home/airflow/.local/lib/python3.7/site-packages/airflow/example_dags/example_branch_python_dop_operator_3.py                              1           0  0.20s           2025-07-14T16:08:03
/home/airflow/.local/lib/python3.7/site-packages/airflow/example_dags/example_sla_dag.py                                                   1           0  0.19s           2025-07-14T16:08:03
/home/airflow/.local/lib/python3.7/site-packages/airflow/example_dags/example_nested_branch_dag.py                                         1           0  0.18s           2025-07-14T16:08:03
/home/airflow/.local/lib/python3.7/site-packages/airflow/example_dags/example_task_group.py                                                1           0  0.16s           2025-07-14T16:08:04
/home/airflow/.local/lib/python3.7/site-packages/airflow/example_dags/example_skip_dag.py                                                  1           0  0.21s           2025-07-14T16:08:04
/home/airflow/.local/lib/python3.7/site-packages/airflow/example_dags/example_external_task_marker_dag.py                                  2           0  0.66s           2025-07-14T16:07:59
/home/airflow/.local/lib/python3.7/site-packages/airflow/example_dags/example_xcomargs.py                                                  2           0  0.20s           2025-07-14T16:08:03
/home/airflow/.local/lib/python3.7/site-packages/airflow/example_dags/example_subdag_operator.py                                           3           0  0.44s           2025-07-14T16:07:57
/home/airflow/.local/lib/python3.7/site-packages/airflow/example_dags/example_branch_datetime_operator.py                                  3           0  0.27s           2025-07-14T16:08:03
/home/airflow/.local/lib/python3.7/site-packages/airflow/example_dags/example_datasets.py                                                  6           0  0.32s           2025-07-14T16:07:59
================================================================================
[2025-07-14T16:08:51.668+0000] {manager.py:846} INFO - 
================================================================================
DAG File Processing Stats

File Path                                                                                                         PID    Runtime      # DAGs    # Errors  Last Runtime    Last Run
----------------------------------------------------------------------------------------------------------------  -----  ---------  --------  ----------  --------------  -------------------
/home/airflow/.local/lib/python3.7/site-packages/airflow/example_dags/plugins/workday.py                                                   0           0  0.06s           2025-07-14T16:08:34
/home/airflow/.local/lib/python3.7/site-packages/airflow/example_dags/subdags/subdag.py                                                    0           0  0.04s           2025-07-14T16:08:34
/home/airflow/.local/lib/python3.7/site-packages/airflow/example_dags/example_short_circuit_decorator.py                                   1           0  0.25s           2025-07-14T16:08:24
/home/airflow/.local/lib/python3.7/site-packages/airflow/example_dags/example_bash_operator.py                                             1           0  0.25s           2025-07-14T16:08:24
/home/airflow/.local/lib/python3.7/site-packages/airflow/example_dags/tutorial_taskflow_api.py                                             1           0  0.20s           2025-07-14T16:08:24
/home/airflow/.local/lib/python3.7/site-packages/airflow/example_dags/example_latest_only_with_trigger.py                                  1           0  0.25s           2025-07-14T16:08:25
/home/airflow/.local/lib/python3.7/site-packages/airflow/example_dags/tutorial.py                                                          1           0  0.24s           2025-07-14T16:08:25
/home/airflow/.local/lib/python3.7/site-packages/airflow/example_dags/example_branch_operator_decorator.py                                 1           0  0.15s           2025-07-14T16:08:26
/home/airflow/.local/lib/python3.7/site-packages/airflow/example_dags/example_complex.py                                                   1           0  0.14s           2025-07-14T16:08:26
/home/airflow/.local/lib/python3.7/site-packages/airflow/example_dags/example_branch_operator.py                                           1           0  0.15s           2025-07-14T16:08:27
/home/airflow/.local/lib/python3.7/site-packages/airflow/example_dags/example_python_operator.py                                           1           0  0.25s           2025-07-14T16:08:28
/home/airflow/.local/lib/python3.7/site-packages/airflow/example_dags/example_branch_labels.py                                             1           0  0.23s           2025-07-14T16:08:28
/home/airflow/.local/lib/python3.7/site-packages/airflow/example_dags/example_latest_only.py                                               1           0  0.22s           2025-07-14T16:08:28
/home/airflow/.local/lib/python3.7/site-packages/airflow/example_dags/example_kubernetes_executor.py                                       1           0  0.23s           2025-07-14T16:08:28
/home/airflow/.local/lib/python3.7/site-packages/airflow/example_dags/example_short_circuit_operator.py                                    1           0  0.21s           2025-07-14T16:08:28
/home/airflow/.local/lib/python3.7/site-packages/airflow/example_dags/example_dag_decorator.py                                             1           0  0.19s           2025-07-14T16:08:29
/home/airflow/.local/lib/python3.7/site-packages/airflow/example_dags/example_trigger_target_dag.py                                        1           0  0.14s           2025-07-14T16:08:31
/home/airflow/.local/lib/python3.7/site-packages/airflow/example_dags/example_xcom.py                                                      1           0  0.14s           2025-07-14T16:08:31
/home/airflow/.local/lib/python3.7/site-packages/airflow/example_dags/example_local_kubernetes_executor.py                                 1           0  0.13s           2025-07-14T16:08:31
/home/airflow/.local/lib/python3.7/site-packages/airflow/example_dags/example_branch_day_of_week_operator.py                               1           0  0.14s           2025-07-14T16:08:31
/home/airflow/.local/lib/python3.7/site-packages/airflow/example_dags/example_time_delta_sensor_async.py                                   1           0  0.30s           2025-07-14T16:08:33
/home/airflow/.local/lib/python3.7/site-packages/airflow/example_dags/example_trigger_controller_dag.py                                    1           0  0.13s           2025-07-14T16:08:32
/home/airflow/.local/lib/python3.7/site-packages/airflow/example_dags/tutorial_dag.py                                                      1           0  0.12s           2025-07-14T16:08:32
/home/airflow/.local/lib/python3.7/site-packages/airflow/example_dags/tutorial_taskflow_api_virtualenv.py                                  1           0  0.14s           2025-07-14T16:08:33
/home/airflow/.local/lib/python3.7/site-packages/airflow/example_dags/example_passing_params_via_test_command.py                           1           0  0.16s           2025-07-14T16:08:33
/home/airflow/.local/lib/python3.7/site-packages/airflow/example_dags/example_task_group_decorator.py                                      1           0  0.15s           2025-07-14T16:08:33
/home/airflow/.local/lib/python3.7/site-packages/airflow/example_dags/example_branch_python_dop_operator_3.py                              1           0  0.16s           2025-07-14T16:08:33
/home/airflow/.local/lib/python3.7/site-packages/airflow/example_dags/example_sla_dag.py                                                   1           0  0.15s           2025-07-14T16:08:34
/home/airflow/.local/lib/python3.7/site-packages/airflow/example_dags/example_nested_branch_dag.py                                         1           0  0.15s           2025-07-14T16:08:34
/home/airflow/.local/lib/python3.7/site-packages/airflow/example_dags/example_task_group.py                                                1           0  0.14s           2025-07-14T16:08:34
/home/airflow/.local/lib/python3.7/site-packages/airflow/example_dags/example_skip_dag.py                                                  1           0  0.13s           2025-07-14T16:08:34
/home/airflow/.local/lib/python3.7/site-packages/airflow/example_dags/example_external_task_marker_dag.py                                  2           0  0.30s           2025-07-14T16:08:30
/home/airflow/.local/lib/python3.7/site-packages/airflow/example_dags/example_xcomargs.py                                                  2           0  0.17s           2025-07-14T16:08:34
/home/airflow/.local/lib/python3.7/site-packages/airflow/example_dags/example_subdag_operator.py                                           3           0  0.53s           2025-07-14T16:08:28
/home/airflow/.local/lib/python3.7/site-packages/airflow/example_dags/example_branch_datetime_operator.py                                  3           0  0.16s           2025-07-14T16:08:33
/home/airflow/.local/lib/python3.7/site-packages/airflow/example_dags/example_datasets.py                                                  6           0  0.17s           2025-07-14T16:08:30
================================================================================
[2025-07-14T16:09:13.744+0000] {manager.py:724} INFO - Searching for files in /opt/airflow/dags
[2025-07-14T16:09:13.766+0000] {manager.py:727} INFO - There are 37 files in /opt/airflow/dags
[2025-07-14T16:09:21.924+0000] {manager.py:846} INFO - 
================================================================================
DAG File Processing Stats

File Path                                                                                                         PID    Runtime      # DAGs    # Errors  Last Runtime    Last Run
----------------------------------------------------------------------------------------------------------------  -----  ---------  --------  ----------  --------------  -------------------
/opt/airflow/dags/ckan_sdmx_pipeline.py                                                                                                    0           1  0.10s           2025-07-14T16:09:13
/home/airflow/.local/lib/python3.7/site-packages/airflow/example_dags/plugins/workday.py                                                   0           0  0.04s           2025-07-14T16:09:04
/home/airflow/.local/lib/python3.7/site-packages/airflow/example_dags/subdags/subdag.py                                                    0           0  0.04s           2025-07-14T16:09:04
/home/airflow/.local/lib/python3.7/site-packages/airflow/example_dags/example_short_circuit_decorator.py                                   1           0  0.18s           2025-07-14T16:08:54
/home/airflow/.local/lib/python3.7/site-packages/airflow/example_dags/example_bash_operator.py                                             1           0  0.16s           2025-07-14T16:08:54
/home/airflow/.local/lib/python3.7/site-packages/airflow/example_dags/tutorial_taskflow_api.py                                             1           0  0.13s           2025-07-14T16:08:54
/home/airflow/.local/lib/python3.7/site-packages/airflow/example_dags/example_latest_only_with_trigger.py                                  1           0  0.15s           2025-07-14T16:08:56
/home/airflow/.local/lib/python3.7/site-packages/airflow/example_dags/tutorial.py                                                          1           0  0.14s           2025-07-14T16:08:56
/home/airflow/.local/lib/python3.7/site-packages/airflow/example_dags/example_branch_operator_decorator.py                                 1           0  0.16s           2025-07-14T16:08:57
/home/airflow/.local/lib/python3.7/site-packages/airflow/example_dags/example_complex.py                                                   1           0  0.14s           2025-07-14T16:08:57
/home/airflow/.local/lib/python3.7/site-packages/airflow/example_dags/example_branch_operator.py                                           1           0  0.14s           2025-07-14T16:08:57
/home/airflow/.local/lib/python3.7/site-packages/airflow/example_dags/example_python_operator.py                                           1           0  0.25s           2025-07-14T16:08:58
/home/airflow/.local/lib/python3.7/site-packages/airflow/example_dags/example_branch_labels.py                                             1           0  0.23s           2025-07-14T16:08:58
/home/airflow/.local/lib/python3.7/site-packages/airflow/example_dags/example_latest_only.py                                               1           0  0.14s           2025-07-14T16:08:58
/home/airflow/.local/lib/python3.7/site-packages/airflow/example_dags/example_kubernetes_executor.py                                       1           0  0.15s           2025-07-14T16:08:58
/home/airflow/.local/lib/python3.7/site-packages/airflow/example_dags/example_short_circuit_operator.py                                    1           0  0.17s           2025-07-14T16:08:59
/home/airflow/.local/lib/python3.7/site-packages/airflow/example_dags/example_dag_decorator.py                                             1           0  0.19s           2025-07-14T16:09:00
/home/airflow/.local/lib/python3.7/site-packages/airflow/example_dags/example_trigger_target_dag.py                                        1           0  0.16s           2025-07-14T16:09:01
/home/airflow/.local/lib/python3.7/site-packages/airflow/example_dags/example_xcom.py                                                      1           0  0.16s           2025-07-14T16:09:01
/home/airflow/.local/lib/python3.7/site-packages/airflow/example_dags/example_local_kubernetes_executor.py                                 1           0  0.15s           2025-07-14T16:09:01
/home/airflow/.local/lib/python3.7/site-packages/airflow/example_dags/example_branch_day_of_week_operator.py                               1           0  0.15s           2025-07-14T16:09:01
/home/airflow/.local/lib/python3.7/site-packages/airflow/example_dags/example_time_delta_sensor_async.py                                   1           0  0.28s           2025-07-14T16:09:04
/home/airflow/.local/lib/python3.7/site-packages/airflow/example_dags/example_trigger_controller_dag.py                                    1           0  0.12s           2025-07-14T16:09:02
/home/airflow/.local/lib/python3.7/site-packages/airflow/example_dags/tutorial_dag.py                                                      1           0  0.12s           2025-07-14T16:09:02
/home/airflow/.local/lib/python3.7/site-packages/airflow/example_dags/tutorial_taskflow_api_virtualenv.py                                  1           0  0.14s           2025-07-14T16:09:03
/home/airflow/.local/lib/python3.7/site-packages/airflow/example_dags/example_passing_params_via_test_command.py                           1           0  0.13s           2025-07-14T16:09:04
/home/airflow/.local/lib/python3.7/site-packages/airflow/example_dags/example_task_group_decorator.py                                      1           0  0.14s           2025-07-14T16:09:04
/home/airflow/.local/lib/python3.7/site-packages/airflow/example_dags/example_branch_python_dop_operator_3.py                              1           0  0.14s           2025-07-14T16:09:04
/home/airflow/.local/lib/python3.7/site-packages/airflow/example_dags/example_sla_dag.py                                                   1           0  0.15s           2025-07-14T16:09:04
/home/airflow/.local/lib/python3.7/site-packages/airflow/example_dags/example_nested_branch_dag.py                                         1           0  0.14s           2025-07-14T16:09:04
/home/airflow/.local/lib/python3.7/site-packages/airflow/example_dags/example_task_group.py                                                1           0  0.13s           2025-07-14T16:09:04
/home/airflow/.local/lib/python3.7/site-packages/airflow/example_dags/example_skip_dag.py                                                  1           0  0.12s           2025-07-14T16:09:04
/home/airflow/.local/lib/python3.7/site-packages/airflow/example_dags/example_external_task_marker_dag.py                                  2           0  0.28s           2025-07-14T16:09:00
/home/airflow/.local/lib/python3.7/site-packages/airflow/example_dags/example_xcomargs.py                                                  2           0  0.14s           2025-07-14T16:09:04
/home/airflow/.local/lib/python3.7/site-packages/airflow/example_dags/example_subdag_operator.py                                           3           0  0.35s           2025-07-14T16:08:59
/home/airflow/.local/lib/python3.7/site-packages/airflow/example_dags/example_branch_datetime_operator.py                                  3           0  0.15s           2025-07-14T16:09:04
/home/airflow/.local/lib/python3.7/site-packages/airflow/example_dags/example_datasets.py                                                  6           0  0.16s           2025-07-14T16:09:00
================================================================================
[2025-07-14T16:09:52.538+0000] {manager.py:846} INFO - 
================================================================================
DAG File Processing Stats

File Path                                                                                                         PID    Runtime      # DAGs    # Errors  Last Runtime    Last Run
----------------------------------------------------------------------------------------------------------------  -----  ---------  --------  ----------  --------------  -------------------
/opt/airflow/dags/ckan_sdmx_pipeline.py                                                                                                    0           1  0.09s           2025-07-14T16:09:44
/home/airflow/.local/lib/python3.7/site-packages/airflow/example_dags/plugins/workday.py                                                   0           0  0.13s           2025-07-14T16:09:37
/home/airflow/.local/lib/python3.7/site-packages/airflow/example_dags/subdags/subdag.py                                                    0           0  0.14s           2025-07-14T16:09:37
/home/airflow/.local/lib/python3.7/site-packages/airflow/example_dags/example_short_circuit_decorator.py                                   1           0  0.37s           2025-07-14T16:09:25
/home/airflow/.local/lib/python3.7/site-packages/airflow/example_dags/example_bash_operator.py                                             1           0  0.37s           2025-07-14T16:09:25
/home/airflow/.local/lib/python3.7/site-packages/airflow/example_dags/tutorial_taskflow_api.py                                             1           0  0.33s           2025-07-14T16:09:25
/home/airflow/.local/lib/python3.7/site-packages/airflow/example_dags/example_latest_only_with_trigger.py                                  1           0  0.23s           2025-07-14T16:09:26
/home/airflow/.local/lib/python3.7/site-packages/airflow/example_dags/tutorial.py                                                          1           0  0.22s           2025-07-14T16:09:26
/home/airflow/.local/lib/python3.7/site-packages/airflow/example_dags/example_branch_operator_decorator.py                                 1           0  0.16s           2025-07-14T16:09:27
/home/airflow/.local/lib/python3.7/site-packages/airflow/example_dags/example_complex.py                                                   1           0  0.17s           2025-07-14T16:09:27
/home/airflow/.local/lib/python3.7/site-packages/airflow/example_dags/example_branch_operator.py                                           1           0  0.16s           2025-07-14T16:09:27
/home/airflow/.local/lib/python3.7/site-packages/airflow/example_dags/example_python_operator.py                                           1           0  0.23s           2025-07-14T16:09:28
/home/airflow/.local/lib/python3.7/site-packages/airflow/example_dags/example_branch_labels.py                                             1           0  0.21s           2025-07-14T16:09:28
/home/airflow/.local/lib/python3.7/site-packages/airflow/example_dags/example_latest_only.py                                               1           0  0.17s           2025-07-14T16:09:28
/home/airflow/.local/lib/python3.7/site-packages/airflow/example_dags/example_kubernetes_executor.py                                       1           0  0.22s           2025-07-14T16:09:29
/home/airflow/.local/lib/python3.7/site-packages/airflow/example_dags/example_short_circuit_operator.py                                    1           0  0.18s           2025-07-14T16:09:29
/home/airflow/.local/lib/python3.7/site-packages/airflow/example_dags/example_dag_decorator.py                                             1           0  0.20s           2025-07-14T16:09:30
/home/airflow/.local/lib/python3.7/site-packages/airflow/example_dags/example_trigger_target_dag.py                                        1           0  0.17s           2025-07-14T16:09:32
/home/airflow/.local/lib/python3.7/site-packages/airflow/example_dags/example_xcom.py                                                      1           0  0.17s           2025-07-14T16:09:32
/home/airflow/.local/lib/python3.7/site-packages/airflow/example_dags/example_local_kubernetes_executor.py                                 1           0  0.20s           2025-07-14T16:09:32
/home/airflow/.local/lib/python3.7/site-packages/airflow/example_dags/example_branch_day_of_week_operator.py                               1           0  0.22s           2025-07-14T16:09:32
/home/airflow/.local/lib/python3.7/site-packages/airflow/example_dags/example_time_delta_sensor_async.py                                   1           0  1.03s           2025-07-14T16:09:35
/home/airflow/.local/lib/python3.7/site-packages/airflow/example_dags/example_trigger_controller_dag.py                                    1           0  0.34s           2025-07-14T16:09:33
/home/airflow/.local/lib/python3.7/site-packages/airflow/example_dags/tutorial_dag.py                                                      1           0  0.34s           2025-07-14T16:09:33
/home/airflow/.local/lib/python3.7/site-packages/airflow/example_dags/tutorial_taskflow_api_virtualenv.py                                  1           0  0.44s           2025-07-14T16:09:35
/home/airflow/.local/lib/python3.7/site-packages/airflow/example_dags/example_passing_params_via_test_command.py                           1           0  0.54s           2025-07-14T16:09:36
/home/airflow/.local/lib/python3.7/site-packages/airflow/example_dags/example_task_group_decorator.py                                      1           0  0.64s           2025-07-14T16:09:36
/home/airflow/.local/lib/python3.7/site-packages/airflow/example_dags/example_branch_python_dop_operator_3.py                              1           0  0.41s           2025-07-14T16:09:36
/home/airflow/.local/lib/python3.7/site-packages/airflow/example_dags/example_sla_dag.py                                                   1           0  0.36s           2025-07-14T16:09:36
/home/airflow/.local/lib/python3.7/site-packages/airflow/example_dags/example_nested_branch_dag.py                                         1           0  0.36s           2025-07-14T16:09:37
/home/airflow/.local/lib/python3.7/site-packages/airflow/example_dags/example_task_group.py                                                1           0  0.33s           2025-07-14T16:09:37
/home/airflow/.local/lib/python3.7/site-packages/airflow/example_dags/example_skip_dag.py                                                  1           0  0.37s           2025-07-14T16:09:37
/home/airflow/.local/lib/python3.7/site-packages/airflow/example_dags/example_external_task_marker_dag.py                                  2           0  0.31s           2025-07-14T16:09:30
/home/airflow/.local/lib/python3.7/site-packages/airflow/example_dags/example_xcomargs.py                                                  2           0  0.36s           2025-07-14T16:09:36
/home/airflow/.local/lib/python3.7/site-packages/airflow/example_dags/example_subdag_operator.py                                           3           0  0.41s           2025-07-14T16:09:29
/home/airflow/.local/lib/python3.7/site-packages/airflow/example_dags/example_branch_datetime_operator.py                                  3           0  0.49s           2025-07-14T16:09:35
/home/airflow/.local/lib/python3.7/site-packages/airflow/example_dags/example_datasets.py                                                  6           0  0.19s           2025-07-14T16:09:31
================================================================================
[2025-07-14T16:10:22.984+0000] {manager.py:846} INFO - 
================================================================================
DAG File Processing Stats

File Path                                                                                                         PID    Runtime      # DAGs    # Errors  Last Runtime    Last Run
----------------------------------------------------------------------------------------------------------------  -----  ---------  --------  ----------  --------------  -------------------
/opt/airflow/dags/ckan_sdmx_pipeline.py                                                                                                    0           1  0.09s           2025-07-14T16:10:14
/home/airflow/.local/lib/python3.7/site-packages/airflow/example_dags/plugins/workday.py                                                   0           0  0.08s           2025-07-14T16:10:07
/home/airflow/.local/lib/python3.7/site-packages/airflow/example_dags/subdags/subdag.py                                                    0           0  0.09s           2025-07-14T16:10:07
/home/airflow/.local/lib/python3.7/site-packages/airflow/example_dags/example_short_circuit_decorator.py                                   1           0  0.25s           2025-07-14T16:09:55
/home/airflow/.local/lib/python3.7/site-packages/airflow/example_dags/example_bash_operator.py                                             1           0  0.28s           2025-07-14T16:09:55
/home/airflow/.local/lib/python3.7/site-packages/airflow/example_dags/tutorial_taskflow_api.py                                             1           0  0.27s           2025-07-14T16:09:56
/home/airflow/.local/lib/python3.7/site-packages/airflow/example_dags/example_latest_only_with_trigger.py                                  1           0  0.19s           2025-07-14T16:09:57
/home/airflow/.local/lib/python3.7/site-packages/airflow/example_dags/tutorial.py                                                          1           0  0.18s           2025-07-14T16:09:57
/home/airflow/.local/lib/python3.7/site-packages/airflow/example_dags/example_branch_operator_decorator.py                                 1           0  0.21s           2025-07-14T16:09:58
/home/airflow/.local/lib/python3.7/site-packages/airflow/example_dags/example_complex.py                                                   1           0  0.22s           2025-07-14T16:09:58
/home/airflow/.local/lib/python3.7/site-packages/airflow/example_dags/example_branch_operator.py                                           1           0  0.22s           2025-07-14T16:09:58
/home/airflow/.local/lib/python3.7/site-packages/airflow/example_dags/example_python_operator.py                                           1           0  0.29s           2025-07-14T16:09:59
/home/airflow/.local/lib/python3.7/site-packages/airflow/example_dags/example_branch_labels.py                                             1           0  0.26s           2025-07-14T16:09:59
/home/airflow/.local/lib/python3.7/site-packages/airflow/example_dags/example_latest_only.py                                               1           0  0.22s           2025-07-14T16:09:59
/home/airflow/.local/lib/python3.7/site-packages/airflow/example_dags/example_kubernetes_executor.py                                       1           0  0.24s           2025-07-14T16:09:59
/home/airflow/.local/lib/python3.7/site-packages/airflow/example_dags/example_short_circuit_operator.py                                    1           0  0.22s           2025-07-14T16:10:00
/home/airflow/.local/lib/python3.7/site-packages/airflow/example_dags/example_dag_decorator.py                                             1           0  0.24s           2025-07-14T16:10:01
/home/airflow/.local/lib/python3.7/site-packages/airflow/example_dags/example_trigger_target_dag.py                                        1           0  0.21s           2025-07-14T16:10:02
/home/airflow/.local/lib/python3.7/site-packages/airflow/example_dags/example_xcom.py                                                      1           0  0.19s           2025-07-14T16:10:02
/home/airflow/.local/lib/python3.7/site-packages/airflow/example_dags/example_local_kubernetes_executor.py                                 1           0  0.19s           2025-07-14T16:10:03
/home/airflow/.local/lib/python3.7/site-packages/airflow/example_dags/example_branch_day_of_week_operator.py                               1           0  0.18s           2025-07-14T16:10:03
/home/airflow/.local/lib/python3.7/site-packages/airflow/example_dags/example_time_delta_sensor_async.py                                   1           0  0.37s           2025-07-14T16:10:06
/home/airflow/.local/lib/python3.7/site-packages/airflow/example_dags/example_trigger_controller_dag.py                                    1           0  0.16s           2025-07-14T16:10:04
/home/airflow/.local/lib/python3.7/site-packages/airflow/example_dags/tutorial_dag.py                                                      1           0  0.14s           2025-07-14T16:10:04
/home/airflow/.local/lib/python3.7/site-packages/airflow/example_dags/tutorial_taskflow_api_virtualenv.py                                  1           0  0.17s           2025-07-14T16:10:05
/home/airflow/.local/lib/python3.7/site-packages/airflow/example_dags/example_passing_params_via_test_command.py                           1           0  0.19s           2025-07-14T16:10:06
/home/airflow/.local/lib/python3.7/site-packages/airflow/example_dags/example_task_group_decorator.py                                      1           0  0.24s           2025-07-14T16:10:06
/home/airflow/.local/lib/python3.7/site-packages/airflow/example_dags/example_branch_python_dop_operator_3.py                              1           0  0.21s           2025-07-14T16:10:06
/home/airflow/.local/lib/python3.7/site-packages/airflow/example_dags/example_sla_dag.py                                                   1           0  0.26s           2025-07-14T16:10:07
/home/airflow/.local/lib/python3.7/site-packages/airflow/example_dags/example_nested_branch_dag.py                                         1           0  0.23s           2025-07-14T16:10:07
/home/airflow/.local/lib/python3.7/site-packages/airflow/example_dags/example_task_group.py                                                1           0  0.26s           2025-07-14T16:10:07
/home/airflow/.local/lib/python3.7/site-packages/airflow/example_dags/example_skip_dag.py                                                  1           0  0.25s           2025-07-14T16:10:07
/home/airflow/.local/lib/python3.7/site-packages/airflow/example_dags/example_external_task_marker_dag.py                                  2           0  0.44s           2025-07-14T16:10:01
/home/airflow/.local/lib/python3.7/site-packages/airflow/example_dags/example_xcomargs.py                                                  2           0  0.22s           2025-07-14T16:10:07
/home/airflow/.local/lib/python3.7/site-packages/airflow/example_dags/example_subdag_operator.py                                           3           0  0.57s           2025-07-14T16:10:00
/home/airflow/.local/lib/python3.7/site-packages/airflow/example_dags/example_branch_datetime_operator.py                                  3           0  0.18s           2025-07-14T16:10:06
/home/airflow/.local/lib/python3.7/site-packages/airflow/example_dags/example_datasets.py                                                  6           0  0.28s           2025-07-14T16:10:01
================================================================================
[2025-07-14T16:10:53.281+0000] {manager.py:846} INFO - 
================================================================================
DAG File Processing Stats

File Path                                                                                                         PID    Runtime      # DAGs    # Errors  Last Runtime    Last Run
----------------------------------------------------------------------------------------------------------------  -----  ---------  --------  ----------  --------------  -------------------
/opt/airflow/dags/ckan_sdmx_pipeline.py                                                                                                    0           1  0.07s           2025-07-14T16:10:45
/home/airflow/.local/lib/python3.7/site-packages/airflow/example_dags/plugins/workday.py                                                   0           0  0.07s           2025-07-14T16:10:38
/home/airflow/.local/lib/python3.7/site-packages/airflow/example_dags/subdags/subdag.py                                                    0           0  0.06s           2025-07-14T16:10:38
/home/airflow/.local/lib/python3.7/site-packages/airflow/example_dags/example_short_circuit_decorator.py                                   1           0  0.26s           2025-07-14T16:10:26
/home/airflow/.local/lib/python3.7/site-packages/airflow/example_dags/example_bash_operator.py                                             1           0  0.27s           2025-07-14T16:10:26
/home/airflow/.local/lib/python3.7/site-packages/airflow/example_dags/tutorial_taskflow_api.py                                             1           0  0.27s           2025-07-14T16:10:26
/home/airflow/.local/lib/python3.7/site-packages/airflow/example_dags/example_latest_only_with_trigger.py                                  1           0  0.17s           2025-07-14T16:10:27
/home/airflow/.local/lib/python3.7/site-packages/airflow/example_dags/tutorial.py                                                          1           0  0.17s           2025-07-14T16:10:27
/home/airflow/.local/lib/python3.7/site-packages/airflow/example_dags/example_branch_operator_decorator.py                                 1           0  0.32s           2025-07-14T16:10:28
/home/airflow/.local/lib/python3.7/site-packages/airflow/example_dags/example_complex.py                                                   1           0  0.29s           2025-07-14T16:10:28
/home/airflow/.local/lib/python3.7/site-packages/airflow/example_dags/example_branch_operator.py                                           1           0  0.27s           2025-07-14T16:10:28
/home/airflow/.local/lib/python3.7/site-packages/airflow/example_dags/example_python_operator.py                                           1           0  0.24s           2025-07-14T16:10:29
/home/airflow/.local/lib/python3.7/site-packages/airflow/example_dags/example_branch_labels.py                                             1           0  0.22s           2025-07-14T16:10:29
/home/airflow/.local/lib/python3.7/site-packages/airflow/example_dags/example_latest_only.py                                               1           0  0.20s           2025-07-14T16:10:30
/home/airflow/.local/lib/python3.7/site-packages/airflow/example_dags/example_kubernetes_executor.py                                       1           0  0.23s           2025-07-14T16:10:30
/home/airflow/.local/lib/python3.7/site-packages/airflow/example_dags/example_short_circuit_operator.py                                    1           0  0.22s           2025-07-14T16:10:31
/home/airflow/.local/lib/python3.7/site-packages/airflow/example_dags/example_dag_decorator.py                                             1           0  0.45s           2025-07-14T16:10:32
/home/airflow/.local/lib/python3.7/site-packages/airflow/example_dags/example_trigger_target_dag.py                                        1           0  0.24s           2025-07-14T16:10:33
/home/airflow/.local/lib/python3.7/site-packages/airflow/example_dags/example_xcom.py                                                      1           0  0.27s           2025-07-14T16:10:33
/home/airflow/.local/lib/python3.7/site-packages/airflow/example_dags/example_local_kubernetes_executor.py                                 1           0  0.31s           2025-07-14T16:10:34
/home/airflow/.local/lib/python3.7/site-packages/airflow/example_dags/example_branch_day_of_week_operator.py                               1           0  0.31s           2025-07-14T16:10:34
/home/airflow/.local/lib/python3.7/site-packages/airflow/example_dags/example_time_delta_sensor_async.py                                   1           0  0.52s           2025-07-14T16:10:37
/home/airflow/.local/lib/python3.7/site-packages/airflow/example_dags/example_trigger_controller_dag.py                                    1           0  0.25s           2025-07-14T16:10:35
/home/airflow/.local/lib/python3.7/site-packages/airflow/example_dags/tutorial_dag.py                                                      1           0  0.27s           2025-07-14T16:10:35
/home/airflow/.local/lib/python3.7/site-packages/airflow/example_dags/tutorial_taskflow_api_virtualenv.py                                  1           0  0.32s           2025-07-14T16:10:35
/home/airflow/.local/lib/python3.7/site-packages/airflow/example_dags/example_passing_params_via_test_command.py                           1           0  0.29s           2025-07-14T16:10:37
/home/airflow/.local/lib/python3.7/site-packages/airflow/example_dags/example_task_group_decorator.py                                      1           0  0.27s           2025-07-14T16:10:37
/home/airflow/.local/lib/python3.7/site-packages/airflow/example_dags/example_branch_python_dop_operator_3.py                              1           0  0.26s           2025-07-14T16:10:37
/home/airflow/.local/lib/python3.7/site-packages/airflow/example_dags/example_sla_dag.py                                                   1           0  0.24s           2025-07-14T16:10:37
/home/airflow/.local/lib/python3.7/site-packages/airflow/example_dags/example_nested_branch_dag.py                                         1           0  0.21s           2025-07-14T16:10:37
/home/airflow/.local/lib/python3.7/site-packages/airflow/example_dags/example_task_group.py                                                1           0  0.20s           2025-07-14T16:10:37
/home/airflow/.local/lib/python3.7/site-packages/airflow/example_dags/example_skip_dag.py                                                  1           0  0.18s           2025-07-14T16:10:38
/home/airflow/.local/lib/python3.7/site-packages/airflow/example_dags/example_external_task_marker_dag.py                                  2           0  0.59s           2025-07-14T16:10:32
/home/airflow/.local/lib/python3.7/site-packages/airflow/example_dags/example_xcomargs.py                                                  2           0  0.24s           2025-07-14T16:10:37
/home/airflow/.local/lib/python3.7/site-packages/airflow/example_dags/example_subdag_operator.py                                           3           0  0.56s           2025-07-14T16:10:31
/home/airflow/.local/lib/python3.7/site-packages/airflow/example_dags/example_branch_datetime_operator.py                                  3           0  0.24s           2025-07-14T16:10:36
/home/airflow/.local/lib/python3.7/site-packages/airflow/example_dags/example_datasets.py                                                  6           0  0.36s           2025-07-14T16:10:32
================================================================================
[2025-07-14T16:11:24.051+0000] {manager.py:846} INFO - 
================================================================================
DAG File Processing Stats

File Path                                                                                                         PID    Runtime      # DAGs    # Errors  Last Runtime    Last Run
----------------------------------------------------------------------------------------------------------------  -----  ---------  --------  ----------  --------------  -------------------
/opt/airflow/dags/ckan_sdmx_pipeline.py                                                                                                    0           1  0.06s           2025-07-14T16:11:16
/home/airflow/.local/lib/python3.7/site-packages/airflow/example_dags/plugins/workday.py                                                   0           0  0.09s           2025-07-14T16:11:08
/home/airflow/.local/lib/python3.7/site-packages/airflow/example_dags/subdags/subdag.py                                                    0           0  0.09s           2025-07-14T16:11:08
/home/airflow/.local/lib/python3.7/site-packages/airflow/example_dags/example_short_circuit_decorator.py                                   1           0  0.19s           2025-07-14T16:10:56
/home/airflow/.local/lib/python3.7/site-packages/airflow/example_dags/example_bash_operator.py                                             1           0  0.20s           2025-07-14T16:10:56
/home/airflow/.local/lib/python3.7/site-packages/airflow/example_dags/tutorial_taskflow_api.py                                             1           0  0.20s           2025-07-14T16:10:57
/home/airflow/.local/lib/python3.7/site-packages/airflow/example_dags/example_latest_only_with_trigger.py                                  1           0  0.18s           2025-07-14T16:10:57
/home/airflow/.local/lib/python3.7/site-packages/airflow/example_dags/tutorial.py                                                          1           0  0.20s           2025-07-14T16:10:57
/home/airflow/.local/lib/python3.7/site-packages/airflow/example_dags/example_branch_operator_decorator.py                                 1           0  0.40s           2025-07-14T16:10:59
/home/airflow/.local/lib/python3.7/site-packages/airflow/example_dags/example_complex.py                                                   1           0  0.37s           2025-07-14T16:10:59
/home/airflow/.local/lib/python3.7/site-packages/airflow/example_dags/example_branch_operator.py                                           1           0  0.34s           2025-07-14T16:10:59
/home/airflow/.local/lib/python3.7/site-packages/airflow/example_dags/example_python_operator.py                                           1           0  0.29s           2025-07-14T16:11:00
/home/airflow/.local/lib/python3.7/site-packages/airflow/example_dags/example_branch_labels.py                                             1           0  0.25s           2025-07-14T16:11:00
/home/airflow/.local/lib/python3.7/site-packages/airflow/example_dags/example_latest_only.py                                               1           0  0.29s           2025-07-14T16:11:00
/home/airflow/.local/lib/python3.7/site-packages/airflow/example_dags/example_kubernetes_executor.py                                       1           0  0.32s           2025-07-14T16:11:00
/home/airflow/.local/lib/python3.7/site-packages/airflow/example_dags/example_short_circuit_operator.py                                    1           0  0.24s           2025-07-14T16:11:01
/home/airflow/.local/lib/python3.7/site-packages/airflow/example_dags/example_dag_decorator.py                                             1           0  0.38s           2025-07-14T16:11:02
/home/airflow/.local/lib/python3.7/site-packages/airflow/example_dags/example_trigger_target_dag.py                                        1           0  0.30s           2025-07-14T16:11:04
/home/airflow/.local/lib/python3.7/site-packages/airflow/example_dags/example_xcom.py                                                      1           0  0.31s           2025-07-14T16:11:04
/home/airflow/.local/lib/python3.7/site-packages/airflow/example_dags/example_local_kubernetes_executor.py                                 1           0  0.30s           2025-07-14T16:11:04
/home/airflow/.local/lib/python3.7/site-packages/airflow/example_dags/example_branch_day_of_week_operator.py                               1           0  0.25s           2025-07-14T16:11:05
/home/airflow/.local/lib/python3.7/site-packages/airflow/example_dags/example_time_delta_sensor_async.py                                   1           0  0.48s           2025-07-14T16:11:07
/home/airflow/.local/lib/python3.7/site-packages/airflow/example_dags/example_trigger_controller_dag.py                                    1           0  0.51s           2025-07-14T16:11:06
/home/airflow/.local/lib/python3.7/site-packages/airflow/example_dags/tutorial_dag.py                                                      1           0  0.51s           2025-07-14T16:11:06
/home/airflow/.local/lib/python3.7/site-packages/airflow/example_dags/tutorial_taskflow_api_virtualenv.py                                  1           0  0.33s           2025-07-14T16:11:06
/home/airflow/.local/lib/python3.7/site-packages/airflow/example_dags/example_passing_params_via_test_command.py                           1           0  0.28s           2025-07-14T16:11:07
/home/airflow/.local/lib/python3.7/site-packages/airflow/example_dags/example_task_group_decorator.py                                      1           0  0.23s           2025-07-14T16:11:08
/home/airflow/.local/lib/python3.7/site-packages/airflow/example_dags/example_branch_python_dop_operator_3.py                              1           0  0.26s           2025-07-14T16:11:08
/home/airflow/.local/lib/python3.7/site-packages/airflow/example_dags/example_sla_dag.py                                                   1           0  0.26s           2025-07-14T16:11:08
/home/airflow/.local/lib/python3.7/site-packages/airflow/example_dags/example_nested_branch_dag.py                                         1           0  0.24s           2025-07-14T16:11:08
/home/airflow/.local/lib/python3.7/site-packages/airflow/example_dags/example_task_group.py                                                1           0  0.27s           2025-07-14T16:11:08
/home/airflow/.local/lib/python3.7/site-packages/airflow/example_dags/example_skip_dag.py                                                  1           0  0.28s           2025-07-14T16:11:08
/home/airflow/.local/lib/python3.7/site-packages/airflow/example_dags/example_external_task_marker_dag.py                                  2           0  0.73s           2025-07-14T16:11:03
/home/airflow/.local/lib/python3.7/site-packages/airflow/example_dags/example_xcomargs.py                                                  2           0  0.30s           2025-07-14T16:11:08
/home/airflow/.local/lib/python3.7/site-packages/airflow/example_dags/example_subdag_operator.py                                           3           0  0.62s           2025-07-14T16:11:02
/home/airflow/.local/lib/python3.7/site-packages/airflow/example_dags/example_branch_datetime_operator.py                                  3           0  0.22s           2025-07-14T16:11:07
/home/airflow/.local/lib/python3.7/site-packages/airflow/example_dags/example_datasets.py                                                  6           0  0.40s           2025-07-14T16:11:03
================================================================================
[2025-07-14T16:11:54.639+0000] {manager.py:846} INFO - 
================================================================================
DAG File Processing Stats

File Path                                                                                                         PID    Runtime      # DAGs    # Errors  Last Runtime    Last Run
----------------------------------------------------------------------------------------------------------------  -----  ---------  --------  ----------  --------------  -------------------
/opt/airflow/dags/ckan_sdmx_pipeline.py                                                                                                    0           1  0.17s           2025-07-14T16:11:46
/home/airflow/.local/lib/python3.7/site-packages/airflow/example_dags/plugins/workday.py                                                   0           0  0.10s           2025-07-14T16:11:40
/home/airflow/.local/lib/python3.7/site-packages/airflow/example_dags/subdags/subdag.py                                                    0           0  0.10s           2025-07-14T16:11:40
/home/airflow/.local/lib/python3.7/site-packages/airflow/example_dags/example_short_circuit_decorator.py                                   1           0  0.17s           2025-07-14T16:11:27
/home/airflow/.local/lib/python3.7/site-packages/airflow/example_dags/example_bash_operator.py                                             1           0  0.15s           2025-07-14T16:11:27
/home/airflow/.local/lib/python3.7/site-packages/airflow/example_dags/tutorial_taskflow_api.py                                             1           0  0.15s           2025-07-14T16:11:28
/home/airflow/.local/lib/python3.7/site-packages/airflow/example_dags/example_latest_only_with_trigger.py                                  1           0  0.14s           2025-07-14T16:11:28
/home/airflow/.local/lib/python3.7/site-packages/airflow/example_dags/tutorial.py                                                          1           0  0.17s           2025-07-14T16:11:28
/home/airflow/.local/lib/python3.7/site-packages/airflow/example_dags/example_branch_operator_decorator.py                                 1           0  0.16s           2025-07-14T16:11:29
/home/airflow/.local/lib/python3.7/site-packages/airflow/example_dags/example_complex.py                                                   1           0  0.16s           2025-07-14T16:11:29
/home/airflow/.local/lib/python3.7/site-packages/airflow/example_dags/example_branch_operator.py                                           1           0  0.14s           2025-07-14T16:11:30
/home/airflow/.local/lib/python3.7/site-packages/airflow/example_dags/example_python_operator.py                                           1           0  0.15s           2025-07-14T16:11:30
/home/airflow/.local/lib/python3.7/site-packages/airflow/example_dags/example_branch_labels.py                                             1           0  0.13s           2025-07-14T16:11:30
/home/airflow/.local/lib/python3.7/site-packages/airflow/example_dags/example_latest_only.py                                               1           0  0.13s           2025-07-14T16:11:30
/home/airflow/.local/lib/python3.7/site-packages/airflow/example_dags/example_kubernetes_executor.py                                       1           0  0.15s           2025-07-14T16:11:31
/home/airflow/.local/lib/python3.7/site-packages/airflow/example_dags/example_short_circuit_operator.py                                    1           0  0.13s           2025-07-14T16:11:32
/home/airflow/.local/lib/python3.7/site-packages/airflow/example_dags/example_dag_decorator.py                                             1           0  0.21s           2025-07-14T16:11:33
/home/airflow/.local/lib/python3.7/site-packages/airflow/example_dags/example_trigger_target_dag.py                                        1           0  0.40s           2025-07-14T16:11:34
/home/airflow/.local/lib/python3.7/site-packages/airflow/example_dags/example_xcom.py                                                      1           0  0.35s           2025-07-14T16:11:34
/home/airflow/.local/lib/python3.7/site-packages/airflow/example_dags/example_local_kubernetes_executor.py                                 1           0  0.56s           2025-07-14T16:11:35
/home/airflow/.local/lib/python3.7/site-packages/airflow/example_dags/example_branch_day_of_week_operator.py                               1           0  0.57s           2025-07-14T16:11:36
/home/airflow/.local/lib/python3.7/site-packages/airflow/example_dags/example_time_delta_sensor_async.py                                   1           0  0.63s           2025-07-14T16:11:38
/home/airflow/.local/lib/python3.7/site-packages/airflow/example_dags/example_trigger_controller_dag.py                                    1           0  0.27s           2025-07-14T16:11:37
/home/airflow/.local/lib/python3.7/site-packages/airflow/example_dags/tutorial_dag.py                                                      1           0  0.27s           2025-07-14T16:11:37
/home/airflow/.local/lib/python3.7/site-packages/airflow/example_dags/tutorial_taskflow_api_virtualenv.py                                  1           0  0.25s           2025-07-14T16:11:37
/home/airflow/.local/lib/python3.7/site-packages/airflow/example_dags/example_passing_params_via_test_command.py                           1           0  0.31s           2025-07-14T16:11:38
/home/airflow/.local/lib/python3.7/site-packages/airflow/example_dags/example_task_group_decorator.py                                      1           0  0.32s           2025-07-14T16:11:39
/home/airflow/.local/lib/python3.7/site-packages/airflow/example_dags/example_branch_python_dop_operator_3.py                              1           0  0.28s           2025-07-14T16:11:39
/home/airflow/.local/lib/python3.7/site-packages/airflow/example_dags/example_sla_dag.py                                                   1           0  0.31s           2025-07-14T16:11:39
/home/airflow/.local/lib/python3.7/site-packages/airflow/example_dags/example_nested_branch_dag.py                                         1           0  0.33s           2025-07-14T16:11:40
/home/airflow/.local/lib/python3.7/site-packages/airflow/example_dags/example_task_group.py                                                1           0  0.30s           2025-07-14T16:11:40
/home/airflow/.local/lib/python3.7/site-packages/airflow/example_dags/example_skip_dag.py                                                  1           0  0.26s           2025-07-14T16:11:40
/home/airflow/.local/lib/python3.7/site-packages/airflow/example_dags/example_external_task_marker_dag.py                                  2           0  0.44s           2025-07-14T16:11:33
/home/airflow/.local/lib/python3.7/site-packages/airflow/example_dags/example_xcomargs.py                                                  2           0  0.31s           2025-07-14T16:11:39
/home/airflow/.local/lib/python3.7/site-packages/airflow/example_dags/example_subdag_operator.py                                           3           0  0.37s           2025-07-14T16:11:33
/home/airflow/.local/lib/python3.7/site-packages/airflow/example_dags/example_branch_datetime_operator.py                                  3           0  0.30s           2025-07-14T16:11:38
/home/airflow/.local/lib/python3.7/site-packages/airflow/example_dags/example_datasets.py                                                  6           0  0.25s           2025-07-14T16:11:33
================================================================================
[2025-07-14T16:12:25.361+0000] {manager.py:846} INFO - 
================================================================================
DAG File Processing Stats

File Path                                                                                                         PID    Runtime      # DAGs    # Errors  Last Runtime    Last Run
----------------------------------------------------------------------------------------------------------------  -----  ---------  --------  ----------  --------------  -------------------
/opt/airflow/dags/ckan_sdmx_pipeline.py                                                                                                    0           1  0.09s           2025-07-14T16:12:17
/home/airflow/.local/lib/python3.7/site-packages/airflow/example_dags/plugins/workday.py                                                   0           0  0.07s           2025-07-14T16:12:11
/home/airflow/.local/lib/python3.7/site-packages/airflow/example_dags/subdags/subdag.py                                                    0           0  0.07s           2025-07-14T16:12:11
/home/airflow/.local/lib/python3.7/site-packages/airflow/example_dags/example_short_circuit_decorator.py                                   1           0  0.23s           2025-07-14T16:11:57
/home/airflow/.local/lib/python3.7/site-packages/airflow/example_dags/example_bash_operator.py                                             1           0  0.24s           2025-07-14T16:11:57
/home/airflow/.local/lib/python3.7/site-packages/airflow/example_dags/tutorial_taskflow_api.py                                             1           0  0.18s           2025-07-14T16:11:59
/home/airflow/.local/lib/python3.7/site-packages/airflow/example_dags/example_latest_only_with_trigger.py                                  1           0  0.16s           2025-07-14T16:11:59
/home/airflow/.local/lib/python3.7/site-packages/airflow/example_dags/tutorial.py                                                          1           0  0.17s           2025-07-14T16:11:59
/home/airflow/.local/lib/python3.7/site-packages/airflow/example_dags/example_branch_operator_decorator.py                                 1           0  0.21s           2025-07-14T16:12:00
/home/airflow/.local/lib/python3.7/site-packages/airflow/example_dags/example_complex.py                                                   1           0  0.20s           2025-07-14T16:12:00
/home/airflow/.local/lib/python3.7/site-packages/airflow/example_dags/example_branch_operator.py                                           1           0  0.29s           2025-07-14T16:12:01
/home/airflow/.local/lib/python3.7/site-packages/airflow/example_dags/example_python_operator.py                                           1           0  0.30s           2025-07-14T16:12:01
/home/airflow/.local/lib/python3.7/site-packages/airflow/example_dags/example_branch_labels.py                                             1           0  0.33s           2025-07-14T16:12:01
/home/airflow/.local/lib/python3.7/site-packages/airflow/example_dags/example_latest_only.py                                               1           0  0.31s           2025-07-14T16:12:01
/home/airflow/.local/lib/python3.7/site-packages/airflow/example_dags/example_kubernetes_executor.py                                       1           0  0.25s           2025-07-14T16:12:02
/home/airflow/.local/lib/python3.7/site-packages/airflow/example_dags/example_short_circuit_operator.py                                    1           0  0.23s           2025-07-14T16:12:02
/home/airflow/.local/lib/python3.7/site-packages/airflow/example_dags/example_dag_decorator.py                                             1           0  0.26s           2025-07-14T16:12:03
/home/airflow/.local/lib/python3.7/site-packages/airflow/example_dags/example_trigger_target_dag.py                                        1           0  0.18s           2025-07-14T16:12:05
/home/airflow/.local/lib/python3.7/site-packages/airflow/example_dags/example_xcom.py                                                      1           0  0.19s           2025-07-14T16:12:05
/home/airflow/.local/lib/python3.7/site-packages/airflow/example_dags/example_local_kubernetes_executor.py                                 1           0  0.24s           2025-07-14T16:12:05
/home/airflow/.local/lib/python3.7/site-packages/airflow/example_dags/example_branch_day_of_week_operator.py                               1           0  0.19s           2025-07-14T16:12:06
/home/airflow/.local/lib/python3.7/site-packages/airflow/example_dags/example_time_delta_sensor_async.py                                   1           0  0.45s           2025-07-14T16:12:09
/home/airflow/.local/lib/python3.7/site-packages/airflow/example_dags/example_trigger_controller_dag.py                                    1           0  0.14s           2025-07-14T16:12:07
/home/airflow/.local/lib/python3.7/site-packages/airflow/example_dags/tutorial_dag.py                                                      1           0  0.14s           2025-07-14T16:12:07
/home/airflow/.local/lib/python3.7/site-packages/airflow/example_dags/tutorial_taskflow_api_virtualenv.py                                  1           0  0.16s           2025-07-14T16:12:07
/home/airflow/.local/lib/python3.7/site-packages/airflow/example_dags/example_passing_params_via_test_command.py                           1           0  0.22s           2025-07-14T16:12:09
/home/airflow/.local/lib/python3.7/site-packages/airflow/example_dags/example_task_group_decorator.py                                      1           0  0.26s           2025-07-14T16:12:09
/home/airflow/.local/lib/python3.7/site-packages/airflow/example_dags/example_branch_python_dop_operator_3.py                              1           0  0.27s           2025-07-14T16:12:09
/home/airflow/.local/lib/python3.7/site-packages/airflow/example_dags/example_sla_dag.py                                                   1           0  0.15s           2025-07-14T16:12:10
/home/airflow/.local/lib/python3.7/site-packages/airflow/example_dags/example_nested_branch_dag.py                                         1           0  0.18s           2025-07-14T16:12:10
/home/airflow/.local/lib/python3.7/site-packages/airflow/example_dags/example_task_group.py                                                1           0  0.25s           2025-07-14T16:12:11
/home/airflow/.local/lib/python3.7/site-packages/airflow/example_dags/example_skip_dag.py                                                  1           0  0.23s           2025-07-14T16:12:11
/home/airflow/.local/lib/python3.7/site-packages/airflow/example_dags/example_external_task_marker_dag.py                                  2           0  0.65s           2025-07-14T16:12:04
/home/airflow/.local/lib/python3.7/site-packages/airflow/example_dags/example_xcomargs.py                                                  2           0  0.17s           2025-07-14T16:12:10
/home/airflow/.local/lib/python3.7/site-packages/airflow/example_dags/example_subdag_operator.py                                           3           0  0.70s           2025-07-14T16:12:04
/home/airflow/.local/lib/python3.7/site-packages/airflow/example_dags/example_branch_datetime_operator.py                                  3           0  0.23s           2025-07-14T16:12:09
/home/airflow/.local/lib/python3.7/site-packages/airflow/example_dags/example_datasets.py                                                  6           0  0.30s           2025-07-14T16:12:03
================================================================================
[2025-07-14T16:12:56.072+0000] {manager.py:846} INFO - 
================================================================================
DAG File Processing Stats

File Path                                                                                                         PID    Runtime      # DAGs    # Errors  Last Runtime    Last Run
----------------------------------------------------------------------------------------------------------------  -----  ---------  --------  ----------  --------------  -------------------
/opt/airflow/dags/ckan_sdmx_pipeline.py                                                                                                    0           1  0.12s           2025-07-14T16:12:48
/home/airflow/.local/lib/python3.7/site-packages/airflow/example_dags/plugins/workday.py                                                   0           0  0.08s           2025-07-14T16:12:41
/home/airflow/.local/lib/python3.7/site-packages/airflow/example_dags/subdags/subdag.py                                                    0           0  0.10s           2025-07-14T16:12:41
/home/airflow/.local/lib/python3.7/site-packages/airflow/example_dags/example_short_circuit_decorator.py                                   1           0  0.21s           2025-07-14T16:12:28
/home/airflow/.local/lib/python3.7/site-packages/airflow/example_dags/example_bash_operator.py                                             1           0  0.22s           2025-07-14T16:12:28
/home/airflow/.local/lib/python3.7/site-packages/airflow/example_dags/tutorial_taskflow_api.py                                             1           0  0.15s           2025-07-14T16:12:29
/home/airflow/.local/lib/python3.7/site-packages/airflow/example_dags/example_latest_only_with_trigger.py                                  1           0  0.14s           2025-07-14T16:12:29
/home/airflow/.local/lib/python3.7/site-packages/airflow/example_dags/tutorial.py                                                          1           0  0.15s           2025-07-14T16:12:29
/home/airflow/.local/lib/python3.7/site-packages/airflow/example_dags/example_branch_operator_decorator.py                                 1           0  0.15s           2025-07-14T16:12:30
/home/airflow/.local/lib/python3.7/site-packages/airflow/example_dags/example_complex.py                                                   1           0  0.15s           2025-07-14T16:12:30
/home/airflow/.local/lib/python3.7/site-packages/airflow/example_dags/example_branch_operator.py                                           1           0  0.21s           2025-07-14T16:12:31
/home/airflow/.local/lib/python3.7/site-packages/airflow/example_dags/example_python_operator.py                                           1           0  0.23s           2025-07-14T16:12:32
/home/airflow/.local/lib/python3.7/site-packages/airflow/example_dags/example_branch_labels.py                                             1           0  0.26s           2025-07-14T16:12:32
/home/airflow/.local/lib/python3.7/site-packages/airflow/example_dags/example_latest_only.py                                               1           0  0.28s           2025-07-14T16:12:32
/home/airflow/.local/lib/python3.7/site-packages/airflow/example_dags/example_kubernetes_executor.py                                       1           0  0.28s           2025-07-14T16:12:32
/home/airflow/.local/lib/python3.7/site-packages/airflow/example_dags/example_short_circuit_operator.py                                    1           0  0.24s           2025-07-14T16:12:32
/home/airflow/.local/lib/python3.7/site-packages/airflow/example_dags/example_dag_decorator.py                                             1           0  0.29s           2025-07-14T16:12:34
/home/airflow/.local/lib/python3.7/site-packages/airflow/example_dags/example_trigger_target_dag.py                                        1           0  0.52s           2025-07-14T16:12:36
/home/airflow/.local/lib/python3.7/site-packages/airflow/example_dags/example_xcom.py                                                      1           0  0.49s           2025-07-14T16:12:36
/home/airflow/.local/lib/python3.7/site-packages/airflow/example_dags/example_local_kubernetes_executor.py                                 1           0  0.32s           2025-07-14T16:12:36
/home/airflow/.local/lib/python3.7/site-packages/airflow/example_dags/example_branch_day_of_week_operator.py                               1           0  0.21s           2025-07-14T16:12:37
/home/airflow/.local/lib/python3.7/site-packages/airflow/example_dags/example_time_delta_sensor_async.py                                   1           0  0.43s           2025-07-14T16:12:39
/home/airflow/.local/lib/python3.7/site-packages/airflow/example_dags/example_trigger_controller_dag.py                                    1           0  0.17s           2025-07-14T16:12:38
/home/airflow/.local/lib/python3.7/site-packages/airflow/example_dags/tutorial_dag.py                                                      1           0  0.17s           2025-07-14T16:12:38
/home/airflow/.local/lib/python3.7/site-packages/airflow/example_dags/tutorial_taskflow_api_virtualenv.py                                  1           0  0.19s           2025-07-14T16:12:38
/home/airflow/.local/lib/python3.7/site-packages/airflow/example_dags/example_passing_params_via_test_command.py                           1           0  0.22s           2025-07-14T16:12:39
/home/airflow/.local/lib/python3.7/site-packages/airflow/example_dags/example_task_group_decorator.py                                      1           0  0.23s           2025-07-14T16:12:40
/home/airflow/.local/lib/python3.7/site-packages/airflow/example_dags/example_branch_python_dop_operator_3.py                              1           0  0.24s           2025-07-14T16:12:40
/home/airflow/.local/lib/python3.7/site-packages/airflow/example_dags/example_sla_dag.py                                                   1           0  0.23s           2025-07-14T16:12:41
/home/airflow/.local/lib/python3.7/site-packages/airflow/example_dags/example_nested_branch_dag.py                                         1           0  0.23s           2025-07-14T16:12:41
/home/airflow/.local/lib/python3.7/site-packages/airflow/example_dags/example_task_group.py                                                1           0  0.21s           2025-07-14T16:12:41
/home/airflow/.local/lib/python3.7/site-packages/airflow/example_dags/example_skip_dag.py                                                  1           0  0.27s           2025-07-14T16:12:41
/home/airflow/.local/lib/python3.7/site-packages/airflow/example_dags/example_external_task_marker_dag.py                                  2           0  0.59s           2025-07-14T16:12:35
/home/airflow/.local/lib/python3.7/site-packages/airflow/example_dags/example_xcomargs.py                                                  2           0  0.25s           2025-07-14T16:12:41
/home/airflow/.local/lib/python3.7/site-packages/airflow/example_dags/example_subdag_operator.py                                           3           0  0.75s           2025-07-14T16:12:35
/home/airflow/.local/lib/python3.7/site-packages/airflow/example_dags/example_branch_datetime_operator.py                                  3           0  0.23s           2025-07-14T16:12:39
/home/airflow/.local/lib/python3.7/site-packages/airflow/example_dags/example_datasets.py                                                  6           0  0.32s           2025-07-14T16:12:34
================================================================================
[2025-07-14T16:13:26.573+0000] {manager.py:846} INFO - 
================================================================================
DAG File Processing Stats

File Path                                                                                                         PID    Runtime      # DAGs    # Errors  Last Runtime    Last Run
----------------------------------------------------------------------------------------------------------------  -----  ---------  --------  ----------  --------------  -------------------
/opt/airflow/dags/ckan_sdmx_pipeline.py                                                                                                    0           1  0.09s           2025-07-14T16:13:18
/home/airflow/.local/lib/python3.7/site-packages/airflow/example_dags/plugins/workday.py                                                   0           0  0.05s           2025-07-14T16:13:12
/home/airflow/.local/lib/python3.7/site-packages/airflow/example_dags/subdags/subdag.py                                                    0           0  0.06s           2025-07-14T16:13:12
/home/airflow/.local/lib/python3.7/site-packages/airflow/example_dags/example_short_circuit_decorator.py                                   1           0  0.21s           2025-07-14T16:12:59
/home/airflow/.local/lib/python3.7/site-packages/airflow/example_dags/example_bash_operator.py                                             1           0  0.21s           2025-07-14T16:12:59
/home/airflow/.local/lib/python3.7/site-packages/airflow/example_dags/tutorial_taskflow_api.py                                             1           0  0.16s           2025-07-14T16:13:00
/home/airflow/.local/lib/python3.7/site-packages/airflow/example_dags/example_latest_only_with_trigger.py                                  1           0  0.15s           2025-07-14T16:13:00
/home/airflow/.local/lib/python3.7/site-packages/airflow/example_dags/tutorial.py                                                          1           0  0.16s           2025-07-14T16:13:00
/home/airflow/.local/lib/python3.7/site-packages/airflow/example_dags/example_branch_operator_decorator.py                                 1           0  0.22s           2025-07-14T16:13:01
/home/airflow/.local/lib/python3.7/site-packages/airflow/example_dags/example_complex.py                                                   1           0  0.21s           2025-07-14T16:13:01
/home/airflow/.local/lib/python3.7/site-packages/airflow/example_dags/example_branch_operator.py                                           1           0  0.26s           2025-07-14T16:13:02
/home/airflow/.local/lib/python3.7/site-packages/airflow/example_dags/example_python_operator.py                                           1           0  0.27s           2025-07-14T16:13:02
/home/airflow/.local/lib/python3.7/site-packages/airflow/example_dags/example_branch_labels.py                                             1           0  0.25s           2025-07-14T16:13:03
/home/airflow/.local/lib/python3.7/site-packages/airflow/example_dags/example_latest_only.py                                               1           0  0.22s           2025-07-14T16:13:03
/home/airflow/.local/lib/python3.7/site-packages/airflow/example_dags/example_kubernetes_executor.py                                       1           0  0.24s           2025-07-14T16:13:03
/home/airflow/.local/lib/python3.7/site-packages/airflow/example_dags/example_short_circuit_operator.py                                    1           0  0.19s           2025-07-14T16:13:03
/home/airflow/.local/lib/python3.7/site-packages/airflow/example_dags/example_dag_decorator.py                                             1           0  0.23s           2025-07-14T16:13:04
/home/airflow/.local/lib/python3.7/site-packages/airflow/example_dags/example_trigger_target_dag.py                                        1           0  0.23s           2025-07-14T16:13:06
/home/airflow/.local/lib/python3.7/site-packages/airflow/example_dags/example_xcom.py                                                      1           0  0.22s           2025-07-14T16:13:06
/home/airflow/.local/lib/python3.7/site-packages/airflow/example_dags/example_local_kubernetes_executor.py                                 1           0  0.24s           2025-07-14T16:13:07
/home/airflow/.local/lib/python3.7/site-packages/airflow/example_dags/example_branch_day_of_week_operator.py                               1           0  0.21s           2025-07-14T16:13:08
/home/airflow/.local/lib/python3.7/site-packages/airflow/example_dags/example_time_delta_sensor_async.py                                   1           0  0.43s           2025-07-14T16:13:10
/home/airflow/.local/lib/python3.7/site-packages/airflow/example_dags/example_trigger_controller_dag.py                                    1           0  0.21s           2025-07-14T16:13:09
/home/airflow/.local/lib/python3.7/site-packages/airflow/example_dags/tutorial_dag.py                                                      1           0  0.21s           2025-07-14T16:13:09
/home/airflow/.local/lib/python3.7/site-packages/airflow/example_dags/tutorial_taskflow_api_virtualenv.py                                  1           0  0.25s           2025-07-14T16:13:09
/home/airflow/.local/lib/python3.7/site-packages/airflow/example_dags/example_passing_params_via_test_command.py                           1           0  0.24s           2025-07-14T16:13:10
/home/airflow/.local/lib/python3.7/site-packages/airflow/example_dags/example_task_group_decorator.py                                      1           0  0.25s           2025-07-14T16:13:10
/home/airflow/.local/lib/python3.7/site-packages/airflow/example_dags/example_branch_python_dop_operator_3.py                              1           0  0.24s           2025-07-14T16:13:10
/home/airflow/.local/lib/python3.7/site-packages/airflow/example_dags/example_sla_dag.py                                                   1           0  0.17s           2025-07-14T16:13:12
/home/airflow/.local/lib/python3.7/site-packages/airflow/example_dags/example_nested_branch_dag.py                                         1           0  0.18s           2025-07-14T16:13:12
/home/airflow/.local/lib/python3.7/site-packages/airflow/example_dags/example_task_group.py                                                1           0  0.19s           2025-07-14T16:13:12
/home/airflow/.local/lib/python3.7/site-packages/airflow/example_dags/example_skip_dag.py                                                  1           0  0.18s           2025-07-14T16:13:12
/home/airflow/.local/lib/python3.7/site-packages/airflow/example_dags/example_external_task_marker_dag.py                                  2           0  0.45s           2025-07-14T16:13:06
/home/airflow/.local/lib/python3.7/site-packages/airflow/example_dags/example_xcomargs.py                                                  2           0  0.18s           2025-07-14T16:13:12
/home/airflow/.local/lib/python3.7/site-packages/airflow/example_dags/example_subdag_operator.py                                           3           0  0.53s           2025-07-14T16:13:06
/home/airflow/.local/lib/python3.7/site-packages/airflow/example_dags/example_branch_datetime_operator.py                                  3           0  0.21s           2025-07-14T16:13:10
/home/airflow/.local/lib/python3.7/site-packages/airflow/example_dags/example_datasets.py                                                  6           0  0.22s           2025-07-14T16:13:04
================================================================================
[2025-07-14T16:13:57.456+0000] {manager.py:846} INFO - 
================================================================================
DAG File Processing Stats

File Path                                                                                                         PID    Runtime      # DAGs    # Errors  Last Runtime    Last Run
----------------------------------------------------------------------------------------------------------------  -----  ---------  --------  ----------  --------------  -------------------
/opt/airflow/dags/ckan_sdmx_pipeline.py                                                                                                    0           1  0.11s           2025-07-14T16:13:49
/home/airflow/.local/lib/python3.7/site-packages/airflow/example_dags/plugins/workday.py                                                   0           0  0.04s           2025-07-14T16:13:43
/home/airflow/.local/lib/python3.7/site-packages/airflow/example_dags/subdags/subdag.py                                                    0           0  0.06s           2025-07-14T16:13:43
/home/airflow/.local/lib/python3.7/site-packages/airflow/example_dags/example_short_circuit_decorator.py                                   1           0  0.13s           2025-07-14T16:13:29
/home/airflow/.local/lib/python3.7/site-packages/airflow/example_dags/example_bash_operator.py                                             1           0  0.13s           2025-07-14T16:13:29
/home/airflow/.local/lib/python3.7/site-packages/airflow/example_dags/tutorial_taskflow_api.py                                             1           0  0.15s           2025-07-14T16:13:30
/home/airflow/.local/lib/python3.7/site-packages/airflow/example_dags/example_latest_only_with_trigger.py                                  1           0  0.13s           2025-07-14T16:13:30
/home/airflow/.local/lib/python3.7/site-packages/airflow/example_dags/tutorial.py                                                          1           0  0.15s           2025-07-14T16:13:31
/home/airflow/.local/lib/python3.7/site-packages/airflow/example_dags/example_branch_operator_decorator.py                                 1           0  0.15s           2025-07-14T16:13:32
/home/airflow/.local/lib/python3.7/site-packages/airflow/example_dags/example_complex.py                                                   1           0  0.14s           2025-07-14T16:13:32
/home/airflow/.local/lib/python3.7/site-packages/airflow/example_dags/example_branch_operator.py                                           1           0  0.17s           2025-07-14T16:13:33
/home/airflow/.local/lib/python3.7/site-packages/airflow/example_dags/example_python_operator.py                                           1           0  0.17s           2025-07-14T16:13:33
/home/airflow/.local/lib/python3.7/site-packages/airflow/example_dags/example_branch_labels.py                                             1           0  0.13s           2025-07-14T16:13:33
/home/airflow/.local/lib/python3.7/site-packages/airflow/example_dags/example_latest_only.py                                               1           0  0.13s           2025-07-14T16:13:34
/home/airflow/.local/lib/python3.7/site-packages/airflow/example_dags/example_kubernetes_executor.py                                       1           0  0.15s           2025-07-14T16:13:34
/home/airflow/.local/lib/python3.7/site-packages/airflow/example_dags/example_short_circuit_operator.py                                    1           0  0.13s           2025-07-14T16:13:34
/home/airflow/.local/lib/python3.7/site-packages/airflow/example_dags/example_dag_decorator.py                                             1           0  0.21s           2025-07-14T16:13:35
/home/airflow/.local/lib/python3.7/site-packages/airflow/example_dags/example_trigger_target_dag.py                                        1           0  0.14s           2025-07-14T16:13:37
/home/airflow/.local/lib/python3.7/site-packages/airflow/example_dags/example_xcom.py                                                      1           0  0.14s           2025-07-14T16:13:37
/home/airflow/.local/lib/python3.7/site-packages/airflow/example_dags/example_local_kubernetes_executor.py                                 1           0  0.14s           2025-07-14T16:13:37
/home/airflow/.local/lib/python3.7/site-packages/airflow/example_dags/example_branch_day_of_week_operator.py                               1           0  0.14s           2025-07-14T16:13:38
/home/airflow/.local/lib/python3.7/site-packages/airflow/example_dags/example_time_delta_sensor_async.py                                   1           0  0.34s           2025-07-14T16:13:41
/home/airflow/.local/lib/python3.7/site-packages/airflow/example_dags/example_trigger_controller_dag.py                                    1           0  0.12s           2025-07-14T16:13:39
/home/airflow/.local/lib/python3.7/site-packages/airflow/example_dags/tutorial_dag.py                                                      1           0  0.12s           2025-07-14T16:13:39
/home/airflow/.local/lib/python3.7/site-packages/airflow/example_dags/tutorial_taskflow_api_virtualenv.py                                  1           0  0.13s           2025-07-14T16:13:40
/home/airflow/.local/lib/python3.7/site-packages/airflow/example_dags/example_passing_params_via_test_command.py                           1           0  0.16s           2025-07-14T16:13:41
/home/airflow/.local/lib/python3.7/site-packages/airflow/example_dags/example_task_group_decorator.py                                      1           0  0.19s           2025-07-14T16:13:41
/home/airflow/.local/lib/python3.7/site-packages/airflow/example_dags/example_branch_python_dop_operator_3.py                              1           0  0.20s           2025-07-14T16:13:41
/home/airflow/.local/lib/python3.7/site-packages/airflow/example_dags/example_sla_dag.py                                                   1           0  0.15s           2025-07-14T16:13:42
/home/airflow/.local/lib/python3.7/site-packages/airflow/example_dags/example_nested_branch_dag.py                                         1           0  0.15s           2025-07-14T16:13:43
/home/airflow/.local/lib/python3.7/site-packages/airflow/example_dags/example_task_group.py                                                1           0  0.14s           2025-07-14T16:13:43
/home/airflow/.local/lib/python3.7/site-packages/airflow/example_dags/example_skip_dag.py                                                  1           0  0.12s           2025-07-14T16:13:43
/home/airflow/.local/lib/python3.7/site-packages/airflow/example_dags/example_external_task_marker_dag.py                                  2           0  0.30s           2025-07-14T16:13:37
/home/airflow/.local/lib/python3.7/site-packages/airflow/example_dags/example_xcomargs.py                                                  2           0  0.16s           2025-07-14T16:13:42
/home/airflow/.local/lib/python3.7/site-packages/airflow/example_dags/example_subdag_operator.py                                           3           0  0.32s           2025-07-14T16:13:36
/home/airflow/.local/lib/python3.7/site-packages/airflow/example_dags/example_branch_datetime_operator.py                                  3           0  0.13s           2025-07-14T16:13:40
/home/airflow/.local/lib/python3.7/site-packages/airflow/example_dags/example_datasets.py                                                  6           0  0.19s           2025-07-14T16:13:35
================================================================================
[2025-07-14T16:14:13.747+0000] {manager.py:724} INFO - Searching for files in /opt/airflow/dags
[2025-07-14T16:14:13.783+0000] {manager.py:727} INFO - There are 37 files in /opt/airflow/dags
[2025-07-14T16:14:27.460+0000] {manager.py:846} INFO - 
================================================================================
DAG File Processing Stats

File Path                                                                                                         PID    Runtime      # DAGs    # Errors  Last Runtime    Last Run
----------------------------------------------------------------------------------------------------------------  -----  ---------  --------  ----------  --------------  -------------------
/opt/airflow/dags/ckan_sdmx_pipeline.py                                                                                                    0           1  0.07s           2025-07-14T16:14:20
/home/airflow/.local/lib/python3.7/site-packages/airflow/example_dags/plugins/workday.py                                                   0           0  0.08s           2025-07-14T16:14:14
/home/airflow/.local/lib/python3.7/site-packages/airflow/example_dags/subdags/subdag.py                                                    0           0  0.11s           2025-07-14T16:14:14
/home/airflow/.local/lib/python3.7/site-packages/airflow/example_dags/example_short_circuit_decorator.py                                   1           0  0.14s           2025-07-14T16:14:00
/home/airflow/.local/lib/python3.7/site-packages/airflow/example_dags/example_bash_operator.py                                             1           0  0.13s           2025-07-14T16:14:00
/home/airflow/.local/lib/python3.7/site-packages/airflow/example_dags/tutorial_taskflow_api.py                                             1           0  0.14s           2025-07-14T16:14:01
/home/airflow/.local/lib/python3.7/site-packages/airflow/example_dags/example_latest_only_with_trigger.py                                  1           0  0.12s           2025-07-14T16:14:01
/home/airflow/.local/lib/python3.7/site-packages/airflow/example_dags/tutorial.py                                                          1           0  0.12s           2025-07-14T16:14:01
/home/airflow/.local/lib/python3.7/site-packages/airflow/example_dags/example_branch_operator_decorator.py                                 1           0  0.16s           2025-07-14T16:14:02
/home/airflow/.local/lib/python3.7/site-packages/airflow/example_dags/example_complex.py                                                   1           0  0.16s           2025-07-14T16:14:02
/home/airflow/.local/lib/python3.7/site-packages/airflow/example_dags/example_branch_operator.py                                           1           0  0.14s           2025-07-14T16:14:03
/home/airflow/.local/lib/python3.7/site-packages/airflow/example_dags/example_python_operator.py                                           1           0  0.15s           2025-07-14T16:14:03
/home/airflow/.local/lib/python3.7/site-packages/airflow/example_dags/example_branch_labels.py                                             1           0  0.13s           2025-07-14T16:14:04
/home/airflow/.local/lib/python3.7/site-packages/airflow/example_dags/example_latest_only.py                                               1           0  0.14s           2025-07-14T16:14:05
/home/airflow/.local/lib/python3.7/site-packages/airflow/example_dags/example_kubernetes_executor.py                                       1           0  0.16s           2025-07-14T16:14:05
/home/airflow/.local/lib/python3.7/site-packages/airflow/example_dags/example_short_circuit_operator.py                                    1           0  0.13s           2025-07-14T16:14:05
/home/airflow/.local/lib/python3.7/site-packages/airflow/example_dags/example_dag_decorator.py                                             1           0  0.25s           2025-07-14T16:14:06
/home/airflow/.local/lib/python3.7/site-packages/airflow/example_dags/example_trigger_target_dag.py                                        1           0  0.28s           2025-07-14T16:14:08
/home/airflow/.local/lib/python3.7/site-packages/airflow/example_dags/example_xcom.py                                                      1           0  0.31s           2025-07-14T16:14:08
/home/airflow/.local/lib/python3.7/site-packages/airflow/example_dags/example_local_kubernetes_executor.py                                 1           0  0.49s           2025-07-14T16:14:08
/home/airflow/.local/lib/python3.7/site-packages/airflow/example_dags/example_branch_day_of_week_operator.py                               1           0  0.47s           2025-07-14T16:14:08
/home/airflow/.local/lib/python3.7/site-packages/airflow/example_dags/example_time_delta_sensor_async.py                                   1           0  0.33s           2025-07-14T16:14:12
/home/airflow/.local/lib/python3.7/site-packages/airflow/example_dags/example_trigger_controller_dag.py                                    1           0  0.22s           2025-07-14T16:14:10
/home/airflow/.local/lib/python3.7/site-packages/airflow/example_dags/tutorial_dag.py                                                      1           0  0.22s           2025-07-14T16:14:10
/home/airflow/.local/lib/python3.7/site-packages/airflow/example_dags/tutorial_taskflow_api_virtualenv.py                                  1           0  0.19s           2025-07-14T16:14:11
/home/airflow/.local/lib/python3.7/site-packages/airflow/example_dags/example_passing_params_via_test_command.py                           1           0  0.16s           2025-07-14T16:14:12
/home/airflow/.local/lib/python3.7/site-packages/airflow/example_dags/example_task_group_decorator.py                                      1           0  0.19s           2025-07-14T16:14:12
/home/airflow/.local/lib/python3.7/site-packages/airflow/example_dags/example_branch_python_dop_operator_3.py                              1           0  0.18s           2025-07-14T16:14:12
/home/airflow/.local/lib/python3.7/site-packages/airflow/example_dags/example_sla_dag.py                                                   1           0  0.16s           2025-07-14T16:14:13
/home/airflow/.local/lib/python3.7/site-packages/airflow/example_dags/example_nested_branch_dag.py                                         1           0  0.20s           2025-07-14T16:14:14
/home/airflow/.local/lib/python3.7/site-packages/airflow/example_dags/example_task_group.py                                                1           0  0.17s           2025-07-14T16:14:14
/home/airflow/.local/lib/python3.7/site-packages/airflow/example_dags/example_skip_dag.py                                                  1           0  0.18s           2025-07-14T16:14:14
/home/airflow/.local/lib/python3.7/site-packages/airflow/example_dags/example_external_task_marker_dag.py                                  2           0  0.73s           2025-07-14T16:14:08
/home/airflow/.local/lib/python3.7/site-packages/airflow/example_dags/example_xcomargs.py                                                  2           0  0.23s           2025-07-14T16:14:13
/home/airflow/.local/lib/python3.7/site-packages/airflow/example_dags/example_subdag_operator.py                                           3           0  0.78s           2025-07-14T16:14:08
/home/airflow/.local/lib/python3.7/site-packages/airflow/example_dags/example_branch_datetime_operator.py                                  3           0  0.20s           2025-07-14T16:14:11
/home/airflow/.local/lib/python3.7/site-packages/airflow/example_dags/example_datasets.py                                                  6           0  0.19s           2025-07-14T16:14:06
================================================================================
[2025-07-14T16:14:58.191+0000] {manager.py:846} INFO - 
================================================================================
DAG File Processing Stats

File Path                                                                                                         PID    Runtime      # DAGs    # Errors  Last Runtime    Last Run
----------------------------------------------------------------------------------------------------------------  -----  ---------  --------  ----------  --------------  -------------------
/opt/airflow/dags/ckan_sdmx_pipeline.py                                                                                                    0           1  0.09s           2025-07-14T16:14:51
/home/airflow/.local/lib/python3.7/site-packages/airflow/example_dags/plugins/workday.py                                                   0           0  0.11s           2025-07-14T16:14:45
/home/airflow/.local/lib/python3.7/site-packages/airflow/example_dags/subdags/subdag.py                                                    0           0  0.10s           2025-07-14T16:14:45
/home/airflow/.local/lib/python3.7/site-packages/airflow/example_dags/example_short_circuit_decorator.py                                   1           0  0.28s           2025-07-14T16:14:31
/home/airflow/.local/lib/python3.7/site-packages/airflow/example_dags/example_bash_operator.py                                             1           0  0.30s           2025-07-14T16:14:31
/home/airflow/.local/lib/python3.7/site-packages/airflow/example_dags/tutorial_taskflow_api.py                                             1           0  0.35s           2025-07-14T16:14:32
/home/airflow/.local/lib/python3.7/site-packages/airflow/example_dags/example_latest_only_with_trigger.py                                  1           0  0.26s           2025-07-14T16:14:32
/home/airflow/.local/lib/python3.7/site-packages/airflow/example_dags/tutorial.py                                                          1           0  0.27s           2025-07-14T16:14:32
/home/airflow/.local/lib/python3.7/site-packages/airflow/example_dags/example_branch_operator_decorator.py                                 1           0  0.25s           2025-07-14T16:14:33
/home/airflow/.local/lib/python3.7/site-packages/airflow/example_dags/example_complex.py                                                   1           0  0.24s           2025-07-14T16:14:33
/home/airflow/.local/lib/python3.7/site-packages/airflow/example_dags/example_branch_operator.py                                           1           0  0.23s           2025-07-14T16:14:34
/home/airflow/.local/lib/python3.7/site-packages/airflow/example_dags/example_python_operator.py                                           1           0  0.23s           2025-07-14T16:14:34
/home/airflow/.local/lib/python3.7/site-packages/airflow/example_dags/example_branch_labels.py                                             1           0  0.29s           2025-07-14T16:14:34
/home/airflow/.local/lib/python3.7/site-packages/airflow/example_dags/example_latest_only.py                                               1           0  0.33s           2025-07-14T16:14:35
/home/airflow/.local/lib/python3.7/site-packages/airflow/example_dags/example_kubernetes_executor.py                                       1           0  0.36s           2025-07-14T16:14:36
/home/airflow/.local/lib/python3.7/site-packages/airflow/example_dags/example_short_circuit_operator.py                                    1           0  0.51s           2025-07-14T16:14:36
/home/airflow/.local/lib/python3.7/site-packages/airflow/example_dags/example_dag_decorator.py                                             1           0  0.41s           2025-07-14T16:14:36
/home/airflow/.local/lib/python3.7/site-packages/airflow/example_dags/example_trigger_target_dag.py                                        1           0  0.39s           2025-07-14T16:14:40
/home/airflow/.local/lib/python3.7/site-packages/airflow/example_dags/example_xcom.py                                                      1           0  0.38s           2025-07-14T16:14:40
/home/airflow/.local/lib/python3.7/site-packages/airflow/example_dags/example_local_kubernetes_executor.py                                 1           0  0.32s           2025-07-14T16:14:40
/home/airflow/.local/lib/python3.7/site-packages/airflow/example_dags/example_branch_day_of_week_operator.py                               1           0  0.33s           2025-07-14T16:14:40
/home/airflow/.local/lib/python3.7/site-packages/airflow/example_dags/example_time_delta_sensor_async.py                                   1           0  1.00s           2025-07-14T16:14:43
/home/airflow/.local/lib/python3.7/site-packages/airflow/example_dags/example_trigger_controller_dag.py                                    1           0  0.44s           2025-07-14T16:14:40
/home/airflow/.local/lib/python3.7/site-packages/airflow/example_dags/tutorial_dag.py                                                      1           0  0.47s           2025-07-14T16:14:41
/home/airflow/.local/lib/python3.7/site-packages/airflow/example_dags/tutorial_taskflow_api_virtualenv.py                                  1           0  0.39s           2025-07-14T16:14:42
/home/airflow/.local/lib/python3.7/site-packages/airflow/example_dags/example_passing_params_via_test_command.py                           1           0  0.39s           2025-07-14T16:14:42
/home/airflow/.local/lib/python3.7/site-packages/airflow/example_dags/example_task_group_decorator.py                                      1           0  0.41s           2025-07-14T16:14:43
/home/airflow/.local/lib/python3.7/site-packages/airflow/example_dags/example_branch_python_dop_operator_3.py                              1           0  0.48s           2025-07-14T16:14:43
/home/airflow/.local/lib/python3.7/site-packages/airflow/example_dags/example_sla_dag.py                                                   1           0  0.36s           2025-07-14T16:14:44
/home/airflow/.local/lib/python3.7/site-packages/airflow/example_dags/example_nested_branch_dag.py                                         1           0  0.33s           2025-07-14T16:14:44
/home/airflow/.local/lib/python3.7/site-packages/airflow/example_dags/example_task_group.py                                                1           0  0.38s           2025-07-14T16:14:44
/home/airflow/.local/lib/python3.7/site-packages/airflow/example_dags/example_skip_dag.py                                                  1           0  0.38s           2025-07-14T16:14:44
/home/airflow/.local/lib/python3.7/site-packages/airflow/example_dags/example_external_task_marker_dag.py                                  2           0  0.82s           2025-07-14T16:14:39
/home/airflow/.local/lib/python3.7/site-packages/airflow/example_dags/example_xcomargs.py                                                  2           0  0.37s           2025-07-14T16:14:44
/home/airflow/.local/lib/python3.7/site-packages/airflow/example_dags/example_subdag_operator.py                                           3           0  0.89s           2025-07-14T16:14:39
/home/airflow/.local/lib/python3.7/site-packages/airflow/example_dags/example_branch_datetime_operator.py                                  3           0  0.43s           2025-07-14T16:14:42
/home/airflow/.local/lib/python3.7/site-packages/airflow/example_dags/example_datasets.py                                                  6           0  0.37s           2025-07-14T16:14:36
================================================================================
[2025-07-14T16:15:28.652+0000] {manager.py:846} INFO - 
================================================================================
DAG File Processing Stats

File Path                                                                                                         PID    Runtime      # DAGs    # Errors  Last Runtime    Last Run
----------------------------------------------------------------------------------------------------------------  -----  ---------  --------  ----------  --------------  -------------------
/opt/airflow/dags/ckan_sdmx_pipeline.py                                                                                                    0           1  0.12s           2025-07-14T16:15:21
/home/airflow/.local/lib/python3.7/site-packages/airflow/example_dags/plugins/workday.py                                                   0           0  0.07s           2025-07-14T16:15:15
/home/airflow/.local/lib/python3.7/site-packages/airflow/example_dags/subdags/subdag.py                                                    0           0  0.07s           2025-07-14T16:15:15
/home/airflow/.local/lib/python3.7/site-packages/airflow/example_dags/example_short_circuit_decorator.py                                   1           0  0.26s           2025-07-14T16:15:02
/home/airflow/.local/lib/python3.7/site-packages/airflow/example_dags/example_bash_operator.py                                             1           0  0.27s           2025-07-14T16:15:02
/home/airflow/.local/lib/python3.7/site-packages/airflow/example_dags/tutorial_taskflow_api.py                                             1           0  0.22s           2025-07-14T16:15:02
/home/airflow/.local/lib/python3.7/site-packages/airflow/example_dags/example_latest_only_with_trigger.py                                  1           0  0.27s           2025-07-14T16:15:02
/home/airflow/.local/lib/python3.7/site-packages/airflow/example_dags/tutorial.py                                                          1           0  0.25s           2025-07-14T16:15:02
/home/airflow/.local/lib/python3.7/site-packages/airflow/example_dags/example_branch_operator_decorator.py                                 1           0  0.22s           2025-07-14T16:15:03
/home/airflow/.local/lib/python3.7/site-packages/airflow/example_dags/example_complex.py                                                   1           0  0.22s           2025-07-14T16:15:03
/home/airflow/.local/lib/python3.7/site-packages/airflow/example_dags/example_branch_operator.py                                           1           0  0.26s           2025-07-14T16:15:05
/home/airflow/.local/lib/python3.7/site-packages/airflow/example_dags/example_python_operator.py                                           1           0  0.28s           2025-07-14T16:15:05
/home/airflow/.local/lib/python3.7/site-packages/airflow/example_dags/example_branch_labels.py                                             1           0  0.29s           2025-07-14T16:15:05
/home/airflow/.local/lib/python3.7/site-packages/airflow/example_dags/example_latest_only.py                                               1           0  0.49s           2025-07-14T16:15:06
/home/airflow/.local/lib/python3.7/site-packages/airflow/example_dags/example_kubernetes_executor.py                                       1           0  0.58s           2025-07-14T16:15:06
/home/airflow/.local/lib/python3.7/site-packages/airflow/example_dags/example_short_circuit_operator.py                                    1           0  0.35s           2025-07-14T16:15:07
/home/airflow/.local/lib/python3.7/site-packages/airflow/example_dags/example_dag_decorator.py                                             1           0  0.47s           2025-07-14T16:15:07
/home/airflow/.local/lib/python3.7/site-packages/airflow/example_dags/example_trigger_target_dag.py                                        1           0  0.26s           2025-07-14T16:15:11
/home/airflow/.local/lib/python3.7/site-packages/airflow/example_dags/example_xcom.py                                                      1           0  0.24s           2025-07-14T16:15:11
/home/airflow/.local/lib/python3.7/site-packages/airflow/example_dags/example_local_kubernetes_executor.py                                 1           0  0.25s           2025-07-14T16:15:11
/home/airflow/.local/lib/python3.7/site-packages/airflow/example_dags/example_branch_day_of_week_operator.py                               1           0  0.25s           2025-07-14T16:15:11
/home/airflow/.local/lib/python3.7/site-packages/airflow/example_dags/example_time_delta_sensor_async.py                                   1           0  0.49s           2025-07-14T16:15:14
/home/airflow/.local/lib/python3.7/site-packages/airflow/example_dags/example_trigger_controller_dag.py                                    1           0  0.24s           2025-07-14T16:15:11
/home/airflow/.local/lib/python3.7/site-packages/airflow/example_dags/tutorial_dag.py                                                      1           0  0.24s           2025-07-14T16:15:11
/home/airflow/.local/lib/python3.7/site-packages/airflow/example_dags/tutorial_taskflow_api_virtualenv.py                                  1           0  0.19s           2025-07-14T16:15:12
/home/airflow/.local/lib/python3.7/site-packages/airflow/example_dags/example_passing_params_via_test_command.py                           1           0  0.19s           2025-07-14T16:15:13
/home/airflow/.local/lib/python3.7/site-packages/airflow/example_dags/example_task_group_decorator.py                                      1           0  0.22s           2025-07-14T16:15:14
/home/airflow/.local/lib/python3.7/site-packages/airflow/example_dags/example_branch_python_dop_operator_3.py                              1           0  0.23s           2025-07-14T16:15:14
/home/airflow/.local/lib/python3.7/site-packages/airflow/example_dags/example_sla_dag.py                                                   1           0  0.24s           2025-07-14T16:15:14
/home/airflow/.local/lib/python3.7/site-packages/airflow/example_dags/example_nested_branch_dag.py                                         1           0  0.28s           2025-07-14T16:15:14
/home/airflow/.local/lib/python3.7/site-packages/airflow/example_dags/example_task_group.py                                                1           0  0.25s           2025-07-14T16:15:15
/home/airflow/.local/lib/python3.7/site-packages/airflow/example_dags/example_skip_dag.py                                                  1           0  0.21s           2025-07-14T16:15:15
/home/airflow/.local/lib/python3.7/site-packages/airflow/example_dags/example_external_task_marker_dag.py                                  2           0  0.55s           2025-07-14T16:15:10
/home/airflow/.local/lib/python3.7/site-packages/airflow/example_dags/example_xcomargs.py                                                  2           0  0.31s           2025-07-14T16:15:15
/home/airflow/.local/lib/python3.7/site-packages/airflow/example_dags/example_subdag_operator.py                                           3           0  0.60s           2025-07-14T16:15:10
/home/airflow/.local/lib/python3.7/site-packages/airflow/example_dags/example_branch_datetime_operator.py                                  3           0  0.21s           2025-07-14T16:15:12
/home/airflow/.local/lib/python3.7/site-packages/airflow/example_dags/example_datasets.py                                                  6           0  0.46s           2025-07-14T16:15:07
================================================================================
[2025-07-14T16:15:59.335+0000] {manager.py:846} INFO - 
================================================================================
DAG File Processing Stats

File Path                                                                                                         PID    Runtime      # DAGs    # Errors  Last Runtime    Last Run
----------------------------------------------------------------------------------------------------------------  -----  ---------  --------  ----------  --------------  -------------------
/opt/airflow/dags/ckan_sdmx_pipeline.py                                                                                                    0           1  0.08s           2025-07-14T16:15:52
/home/airflow/.local/lib/python3.7/site-packages/airflow/example_dags/plugins/workday.py                                                   0           0  0.17s           2025-07-14T16:15:46
/home/airflow/.local/lib/python3.7/site-packages/airflow/example_dags/subdags/subdag.py                                                    0           0  0.19s           2025-07-14T16:15:46
/home/airflow/.local/lib/python3.7/site-packages/airflow/example_dags/example_short_circuit_decorator.py                                   1           0  0.20s           2025-07-14T16:15:32
/home/airflow/.local/lib/python3.7/site-packages/airflow/example_dags/example_bash_operator.py                                             1           0  0.20s           2025-07-14T16:15:32
/home/airflow/.local/lib/python3.7/site-packages/airflow/example_dags/tutorial_taskflow_api.py                                             1           0  0.19s           2025-07-14T16:15:33
/home/airflow/.local/lib/python3.7/site-packages/airflow/example_dags/example_latest_only_with_trigger.py                                  1           0  0.20s           2025-07-14T16:15:33
/home/airflow/.local/lib/python3.7/site-packages/airflow/example_dags/tutorial.py                                                          1           0  0.21s           2025-07-14T16:15:33
/home/airflow/.local/lib/python3.7/site-packages/airflow/example_dags/example_branch_operator_decorator.py                                 1           0  0.15s           2025-07-14T16:15:34
/home/airflow/.local/lib/python3.7/site-packages/airflow/example_dags/example_complex.py                                                   1           0  0.15s           2025-07-14T16:15:34
/home/airflow/.local/lib/python3.7/site-packages/airflow/example_dags/example_branch_operator.py                                           1           0  0.19s           2025-07-14T16:15:35
/home/airflow/.local/lib/python3.7/site-packages/airflow/example_dags/example_python_operator.py                                           1           0  0.20s           2025-07-14T16:15:35
/home/airflow/.local/lib/python3.7/site-packages/airflow/example_dags/example_branch_labels.py                                             1           0  0.18s           2025-07-14T16:15:35
/home/airflow/.local/lib/python3.7/site-packages/airflow/example_dags/example_latest_only.py                                               1           0  0.17s           2025-07-14T16:15:37
/home/airflow/.local/lib/python3.7/site-packages/airflow/example_dags/example_kubernetes_executor.py                                       1           0  0.18s           2025-07-14T16:15:37
/home/airflow/.local/lib/python3.7/site-packages/airflow/example_dags/example_short_circuit_operator.py                                    1           0  0.16s           2025-07-14T16:15:37
/home/airflow/.local/lib/python3.7/site-packages/airflow/example_dags/example_dag_decorator.py                                             1           0  0.23s           2025-07-14T16:15:38
/home/airflow/.local/lib/python3.7/site-packages/airflow/example_dags/example_trigger_target_dag.py                                        1           0  0.18s           2025-07-14T16:15:41
/home/airflow/.local/lib/python3.7/site-packages/airflow/example_dags/example_xcom.py                                                      1           0  0.19s           2025-07-14T16:15:41
/home/airflow/.local/lib/python3.7/site-packages/airflow/example_dags/example_local_kubernetes_executor.py                                 1           0  0.21s           2025-07-14T16:15:41
/home/airflow/.local/lib/python3.7/site-packages/airflow/example_dags/example_branch_day_of_week_operator.py                               1           0  0.20s           2025-07-14T16:15:41
/home/airflow/.local/lib/python3.7/site-packages/airflow/example_dags/example_time_delta_sensor_async.py                                   1           0  0.72s           2025-07-14T16:15:45
/home/airflow/.local/lib/python3.7/site-packages/airflow/example_dags/example_trigger_controller_dag.py                                    1           0  0.25s           2025-07-14T16:15:41
/home/airflow/.local/lib/python3.7/site-packages/airflow/example_dags/tutorial_dag.py                                                      1           0  0.24s           2025-07-14T16:15:42
/home/airflow/.local/lib/python3.7/site-packages/airflow/example_dags/tutorial_taskflow_api_virtualenv.py                                  1           0  0.24s           2025-07-14T16:15:43
/home/airflow/.local/lib/python3.7/site-packages/airflow/example_dags/example_passing_params_via_test_command.py                           1           0  0.30s           2025-07-14T16:15:43
/home/airflow/.local/lib/python3.7/site-packages/airflow/example_dags/example_task_group_decorator.py                                      1           0  0.27s           2025-07-14T16:15:44
/home/airflow/.local/lib/python3.7/site-packages/airflow/example_dags/example_branch_python_dop_operator_3.py                              1           0  0.34s           2025-07-14T16:15:44
/home/airflow/.local/lib/python3.7/site-packages/airflow/example_dags/example_sla_dag.py                                                   1           0  0.33s           2025-07-14T16:15:45
/home/airflow/.local/lib/python3.7/site-packages/airflow/example_dags/example_nested_branch_dag.py                                         1           0  0.34s           2025-07-14T16:15:45
/home/airflow/.local/lib/python3.7/site-packages/airflow/example_dags/example_task_group.py                                                1           0  0.34s           2025-07-14T16:15:45
/home/airflow/.local/lib/python3.7/site-packages/airflow/example_dags/example_skip_dag.py                                                  1           0  0.34s           2025-07-14T16:15:46
/home/airflow/.local/lib/python3.7/site-packages/airflow/example_dags/example_external_task_marker_dag.py                                  2           0  0.34s           2025-07-14T16:15:41
/home/airflow/.local/lib/python3.7/site-packages/airflow/example_dags/example_xcomargs.py                                                  2           0  0.35s           2025-07-14T16:15:45
/home/airflow/.local/lib/python3.7/site-packages/airflow/example_dags/example_subdag_operator.py                                           3           0  0.37s           2025-07-14T16:15:41
/home/airflow/.local/lib/python3.7/site-packages/airflow/example_dags/example_branch_datetime_operator.py                                  3           0  0.26s           2025-07-14T16:15:43
/home/airflow/.local/lib/python3.7/site-packages/airflow/example_dags/example_datasets.py                                                  6           0  0.21s           2025-07-14T16:15:37
================================================================================
[2025-07-14T16:16:29.686+0000] {manager.py:846} INFO - 
================================================================================
DAG File Processing Stats

File Path                                                                                                         PID    Runtime      # DAGs    # Errors  Last Runtime    Last Run
----------------------------------------------------------------------------------------------------------------  -----  ---------  --------  ----------  --------------  -------------------
/opt/airflow/dags/ckan_sdmx_pipeline.py                                                                                                    0           1  0.06s           2025-07-14T16:16:22
/home/airflow/.local/lib/python3.7/site-packages/airflow/example_dags/plugins/workday.py                                                   0           0  0.10s           2025-07-14T16:16:17
/home/airflow/.local/lib/python3.7/site-packages/airflow/example_dags/subdags/subdag.py                                                    0           0  0.09s           2025-07-14T16:16:17
/home/airflow/.local/lib/python3.7/site-packages/airflow/example_dags/example_short_circuit_decorator.py                                   1           0  0.18s           2025-07-14T16:16:03
/home/airflow/.local/lib/python3.7/site-packages/airflow/example_dags/example_bash_operator.py                                             1           0  0.18s           2025-07-14T16:16:03
/home/airflow/.local/lib/python3.7/site-packages/airflow/example_dags/tutorial_taskflow_api.py                                             1           0  0.16s           2025-07-14T16:16:03
/home/airflow/.local/lib/python3.7/site-packages/airflow/example_dags/example_latest_only_with_trigger.py                                  1           0  0.17s           2025-07-14T16:16:03
/home/airflow/.local/lib/python3.7/site-packages/airflow/example_dags/tutorial.py                                                          1           0  0.16s           2025-07-14T16:16:03
/home/airflow/.local/lib/python3.7/site-packages/airflow/example_dags/example_branch_operator_decorator.py                                 1           0  0.21s           2025-07-14T16:16:04
/home/airflow/.local/lib/python3.7/site-packages/airflow/example_dags/example_complex.py                                                   1           0  0.19s           2025-07-14T16:16:04
/home/airflow/.local/lib/python3.7/site-packages/airflow/example_dags/example_branch_operator.py                                           1           0  0.38s           2025-07-14T16:16:06
/home/airflow/.local/lib/python3.7/site-packages/airflow/example_dags/example_python_operator.py                                           1           0  0.39s           2025-07-14T16:16:06
/home/airflow/.local/lib/python3.7/site-packages/airflow/example_dags/example_branch_labels.py                                             1           0  0.31s           2025-07-14T16:16:06
/home/airflow/.local/lib/python3.7/site-packages/airflow/example_dags/example_latest_only.py                                               1           0  0.19s           2025-07-14T16:16:08
/home/airflow/.local/lib/python3.7/site-packages/airflow/example_dags/example_kubernetes_executor.py                                       1           0  0.21s           2025-07-14T16:16:08
/home/airflow/.local/lib/python3.7/site-packages/airflow/example_dags/example_short_circuit_operator.py                                    1           0  0.22s           2025-07-14T16:16:08
/home/airflow/.local/lib/python3.7/site-packages/airflow/example_dags/example_dag_decorator.py                                             1           0  0.45s           2025-07-14T16:16:08
/home/airflow/.local/lib/python3.7/site-packages/airflow/example_dags/example_trigger_target_dag.py                                        1           0  0.22s           2025-07-14T16:16:12
/home/airflow/.local/lib/python3.7/site-packages/airflow/example_dags/example_xcom.py                                                      1           0  0.24s           2025-07-14T16:16:12
/home/airflow/.local/lib/python3.7/site-packages/airflow/example_dags/example_local_kubernetes_executor.py                                 1           0  0.29s           2025-07-14T16:16:12
/home/airflow/.local/lib/python3.7/site-packages/airflow/example_dags/example_branch_day_of_week_operator.py                               1           0  0.28s           2025-07-14T16:16:12
/home/airflow/.local/lib/python3.7/site-packages/airflow/example_dags/example_time_delta_sensor_async.py                                   1           0  0.81s           2025-07-14T16:16:16
/home/airflow/.local/lib/python3.7/site-packages/airflow/example_dags/example_trigger_controller_dag.py                                    1           0  0.27s           2025-07-14T16:16:13
/home/airflow/.local/lib/python3.7/site-packages/airflow/example_dags/tutorial_dag.py                                                      1           0  0.26s           2025-07-14T16:16:13
/home/airflow/.local/lib/python3.7/site-packages/airflow/example_dags/tutorial_taskflow_api_virtualenv.py                                  1           0  0.22s           2025-07-14T16:16:13
/home/airflow/.local/lib/python3.7/site-packages/airflow/example_dags/example_passing_params_via_test_command.py                           1           0  0.29s           2025-07-14T16:16:14
/home/airflow/.local/lib/python3.7/site-packages/airflow/example_dags/example_task_group_decorator.py                                      1           0  0.20s           2025-07-14T16:16:14
/home/airflow/.local/lib/python3.7/site-packages/airflow/example_dags/example_branch_python_dop_operator_3.py                              1           0  0.22s           2025-07-14T16:16:15
/home/airflow/.local/lib/python3.7/site-packages/airflow/example_dags/example_sla_dag.py                                                   1           0  0.27s           2025-07-14T16:16:16
/home/airflow/.local/lib/python3.7/site-packages/airflow/example_dags/example_nested_branch_dag.py                                         1           0  0.27s           2025-07-14T16:16:17
/home/airflow/.local/lib/python3.7/site-packages/airflow/example_dags/example_task_group.py                                                1           0  0.29s           2025-07-14T16:16:17
/home/airflow/.local/lib/python3.7/site-packages/airflow/example_dags/example_skip_dag.py                                                  1           0  0.30s           2025-07-14T16:16:17
/home/airflow/.local/lib/python3.7/site-packages/airflow/example_dags/example_external_task_marker_dag.py                                  2           0  0.41s           2025-07-14T16:16:12
/home/airflow/.local/lib/python3.7/site-packages/airflow/example_dags/example_xcomargs.py                                                  2           0  0.51s           2025-07-14T16:16:16
/home/airflow/.local/lib/python3.7/site-packages/airflow/example_dags/example_subdag_operator.py                                           3           0  0.44s           2025-07-14T16:16:12
/home/airflow/.local/lib/python3.7/site-packages/airflow/example_dags/example_branch_datetime_operator.py                                  3           0  0.24s           2025-07-14T16:16:13
/home/airflow/.local/lib/python3.7/site-packages/airflow/example_dags/example_datasets.py                                                  6           0  0.39s           2025-07-14T16:16:09
================================================================================
[2025-07-14T16:16:59.916+0000] {manager.py:846} INFO - 
================================================================================
DAG File Processing Stats

File Path                                                                                                         PID    Runtime      # DAGs    # Errors  Last Runtime    Last Run
----------------------------------------------------------------------------------------------------------------  -----  ---------  --------  ----------  --------------  -------------------
/opt/airflow/dags/ckan_sdmx_pipeline.py                                                                                                    0           1  0.08s           2025-07-14T16:16:52
/home/airflow/.local/lib/python3.7/site-packages/airflow/example_dags/plugins/workday.py                                                   0           0  0.05s           2025-07-14T16:16:47
/home/airflow/.local/lib/python3.7/site-packages/airflow/example_dags/subdags/subdag.py                                                    0           0  0.05s           2025-07-14T16:16:47
/home/airflow/.local/lib/python3.7/site-packages/airflow/example_dags/example_short_circuit_decorator.py                                   1           0  0.15s           2025-07-14T16:16:33
/home/airflow/.local/lib/python3.7/site-packages/airflow/example_dags/example_bash_operator.py                                             1           0  0.16s           2025-07-14T16:16:33
/home/airflow/.local/lib/python3.7/site-packages/airflow/example_dags/tutorial_taskflow_api.py                                             1           0  0.14s           2025-07-14T16:16:34
/home/airflow/.local/lib/python3.7/site-packages/airflow/example_dags/example_latest_only_with_trigger.py                                  1           0  0.16s           2025-07-14T16:16:34
/home/airflow/.local/lib/python3.7/site-packages/airflow/example_dags/tutorial.py                                                          1           0  0.15s           2025-07-14T16:16:34
/home/airflow/.local/lib/python3.7/site-packages/airflow/example_dags/example_branch_operator_decorator.py                                 1           0  0.16s           2025-07-14T16:16:35
/home/airflow/.local/lib/python3.7/site-packages/airflow/example_dags/example_complex.py                                                   1           0  0.17s           2025-07-14T16:16:35
/home/airflow/.local/lib/python3.7/site-packages/airflow/example_dags/example_branch_operator.py                                           1           0  0.15s           2025-07-14T16:16:37
/home/airflow/.local/lib/python3.7/site-packages/airflow/example_dags/example_python_operator.py                                           1           0  0.15s           2025-07-14T16:16:37
/home/airflow/.local/lib/python3.7/site-packages/airflow/example_dags/example_branch_labels.py                                             1           0  0.15s           2025-07-14T16:16:37
/home/airflow/.local/lib/python3.7/site-packages/airflow/example_dags/example_latest_only.py                                               1           0  0.17s           2025-07-14T16:16:38
/home/airflow/.local/lib/python3.7/site-packages/airflow/example_dags/example_kubernetes_executor.py                                       1           0  0.19s           2025-07-14T16:16:38
/home/airflow/.local/lib/python3.7/site-packages/airflow/example_dags/example_short_circuit_operator.py                                    1           0  0.16s           2025-07-14T16:16:38
/home/airflow/.local/lib/python3.7/site-packages/airflow/example_dags/example_dag_decorator.py                                             1           0  0.17s           2025-07-14T16:16:39
/home/airflow/.local/lib/python3.7/site-packages/airflow/example_dags/example_trigger_target_dag.py                                        1           0  0.17s           2025-07-14T16:16:43
/home/airflow/.local/lib/python3.7/site-packages/airflow/example_dags/example_xcom.py                                                      1           0  0.18s           2025-07-14T16:16:43
/home/airflow/.local/lib/python3.7/site-packages/airflow/example_dags/example_local_kubernetes_executor.py                                 1           0  0.17s           2025-07-14T16:16:43
/home/airflow/.local/lib/python3.7/site-packages/airflow/example_dags/example_branch_day_of_week_operator.py                               1           0  0.17s           2025-07-14T16:16:43
/home/airflow/.local/lib/python3.7/site-packages/airflow/example_dags/example_time_delta_sensor_async.py                                   1           0  0.32s           2025-07-14T16:16:47
/home/airflow/.local/lib/python3.7/site-packages/airflow/example_dags/example_trigger_controller_dag.py                                    1           0  0.16s           2025-07-14T16:16:43
/home/airflow/.local/lib/python3.7/site-packages/airflow/example_dags/tutorial_dag.py                                                      1           0  0.15s           2025-07-14T16:16:43
/home/airflow/.local/lib/python3.7/site-packages/airflow/example_dags/tutorial_taskflow_api_virtualenv.py                                  1           0  0.15s           2025-07-14T16:16:43
/home/airflow/.local/lib/python3.7/site-packages/airflow/example_dags/example_passing_params_via_test_command.py                           1           0  0.17s           2025-07-14T16:16:45
/home/airflow/.local/lib/python3.7/site-packages/airflow/example_dags/example_task_group_decorator.py                                      1           0  0.16s           2025-07-14T16:16:45
/home/airflow/.local/lib/python3.7/site-packages/airflow/example_dags/example_branch_python_dop_operator_3.py                              1           0  0.18s           2025-07-14T16:16:46
/home/airflow/.local/lib/python3.7/site-packages/airflow/example_dags/example_sla_dag.py                                                   1           0  0.16s           2025-07-14T16:16:47
/home/airflow/.local/lib/python3.7/site-packages/airflow/example_dags/example_nested_branch_dag.py                                         1           0  0.14s           2025-07-14T16:16:47
/home/airflow/.local/lib/python3.7/site-packages/airflow/example_dags/example_task_group.py                                                1           0  0.16s           2025-07-14T16:16:47
/home/airflow/.local/lib/python3.7/site-packages/airflow/example_dags/example_skip_dag.py                                                  1           0  0.13s           2025-07-14T16:16:47
/home/airflow/.local/lib/python3.7/site-packages/airflow/example_dags/example_external_task_marker_dag.py                                  2           0  0.34s           2025-07-14T16:16:43
/home/airflow/.local/lib/python3.7/site-packages/airflow/example_dags/example_xcomargs.py                                                  2           0  0.17s           2025-07-14T16:16:47
/home/airflow/.local/lib/python3.7/site-packages/airflow/example_dags/example_subdag_operator.py                                           3           0  0.38s           2025-07-14T16:16:43
/home/airflow/.local/lib/python3.7/site-packages/airflow/example_dags/example_branch_datetime_operator.py                                  3           0  0.18s           2025-07-14T16:16:44
/home/airflow/.local/lib/python3.7/site-packages/airflow/example_dags/example_datasets.py                                                  6           0  0.16s           2025-07-14T16:16:39
================================================================================
[2025-07-14T16:17:30.189+0000] {manager.py:846} INFO - 
================================================================================
DAG File Processing Stats

File Path                                                                                                         PID    Runtime      # DAGs    # Errors  Last Runtime    Last Run
----------------------------------------------------------------------------------------------------------------  -----  ---------  --------  ----------  --------------  -------------------
/opt/airflow/dags/ckan_sdmx_pipeline.py                                                                                                    0           1  0.08s           2025-07-14T16:17:23
/home/airflow/.local/lib/python3.7/site-packages/airflow/example_dags/plugins/workday.py                                                   0           0  0.04s           2025-07-14T16:17:17
/home/airflow/.local/lib/python3.7/site-packages/airflow/example_dags/subdags/subdag.py                                                    0           0  0.04s           2025-07-14T16:17:18
/home/airflow/.local/lib/python3.7/site-packages/airflow/example_dags/example_short_circuit_decorator.py                                   1           0  0.18s           2025-07-14T16:17:04
/home/airflow/.local/lib/python3.7/site-packages/airflow/example_dags/example_bash_operator.py                                             1           0  0.18s           2025-07-14T16:17:04
/home/airflow/.local/lib/python3.7/site-packages/airflow/example_dags/tutorial_taskflow_api.py                                             1           0  0.22s           2025-07-14T16:17:04
/home/airflow/.local/lib/python3.7/site-packages/airflow/example_dags/example_latest_only_with_trigger.py                                  1           0  0.18s           2025-07-14T16:17:04
/home/airflow/.local/lib/python3.7/site-packages/airflow/example_dags/tutorial.py                                                          1           0  0.16s           2025-07-14T16:17:04
/home/airflow/.local/lib/python3.7/site-packages/airflow/example_dags/example_branch_operator_decorator.py                                 1           0  0.15s           2025-07-14T16:17:05
/home/airflow/.local/lib/python3.7/site-packages/airflow/example_dags/example_complex.py                                                   1           0  0.14s           2025-07-14T16:17:05
/home/airflow/.local/lib/python3.7/site-packages/airflow/example_dags/example_branch_operator.py                                           1           0  0.16s           2025-07-14T16:17:07
/home/airflow/.local/lib/python3.7/site-packages/airflow/example_dags/example_python_operator.py                                           1           0  0.16s           2025-07-14T16:17:07
/home/airflow/.local/lib/python3.7/site-packages/airflow/example_dags/example_branch_labels.py                                             1           0  0.13s           2025-07-14T16:17:07
/home/airflow/.local/lib/python3.7/site-packages/airflow/example_dags/example_latest_only.py                                               1           0  0.15s           2025-07-14T16:17:09
/home/airflow/.local/lib/python3.7/site-packages/airflow/example_dags/example_kubernetes_executor.py                                       1           0  0.15s           2025-07-14T16:17:09
/home/airflow/.local/lib/python3.7/site-packages/airflow/example_dags/example_short_circuit_operator.py                                    1           0  0.13s           2025-07-14T16:17:09
/home/airflow/.local/lib/python3.7/site-packages/airflow/example_dags/example_dag_decorator.py                                             1           0  0.20s           2025-07-14T16:17:10
/home/airflow/.local/lib/python3.7/site-packages/airflow/example_dags/example_trigger_target_dag.py                                        1           0  0.14s           2025-07-14T16:17:14
/home/airflow/.local/lib/python3.7/site-packages/airflow/example_dags/example_xcom.py                                                      1           0  0.14s           2025-07-14T16:17:14
/home/airflow/.local/lib/python3.7/site-packages/airflow/example_dags/example_local_kubernetes_executor.py                                 1           0  0.13s           2025-07-14T16:17:14
/home/airflow/.local/lib/python3.7/site-packages/airflow/example_dags/example_branch_day_of_week_operator.py                               1           0  0.13s           2025-07-14T16:17:14
/home/airflow/.local/lib/python3.7/site-packages/airflow/example_dags/example_time_delta_sensor_async.py                                   1           0  0.34s           2025-07-14T16:17:17
/home/airflow/.local/lib/python3.7/site-packages/airflow/example_dags/example_trigger_controller_dag.py                                    1           0  0.14s           2025-07-14T16:17:14
/home/airflow/.local/lib/python3.7/site-packages/airflow/example_dags/tutorial_dag.py                                                      1           0  0.14s           2025-07-14T16:17:14
/home/airflow/.local/lib/python3.7/site-packages/airflow/example_dags/tutorial_taskflow_api_virtualenv.py                                  1           0  0.14s           2025-07-14T16:17:14
/home/airflow/.local/lib/python3.7/site-packages/airflow/example_dags/example_passing_params_via_test_command.py                           1           0  0.37s           2025-07-14T16:17:16
/home/airflow/.local/lib/python3.7/site-packages/airflow/example_dags/example_task_group_decorator.py                                      1           0  0.40s           2025-07-14T16:17:16
/home/airflow/.local/lib/python3.7/site-packages/airflow/example_dags/example_branch_python_dop_operator_3.py                              1           0  0.17s           2025-07-14T16:17:17
/home/airflow/.local/lib/python3.7/site-packages/airflow/example_dags/example_sla_dag.py                                                   1           0  0.16s           2025-07-14T16:17:17
/home/airflow/.local/lib/python3.7/site-packages/airflow/example_dags/example_nested_branch_dag.py                                         1           0  0.16s           2025-07-14T16:17:17
/home/airflow/.local/lib/python3.7/site-packages/airflow/example_dags/example_task_group.py                                                1           0  0.14s           2025-07-14T16:17:18
/home/airflow/.local/lib/python3.7/site-packages/airflow/example_dags/example_skip_dag.py                                                  1           0  0.14s           2025-07-14T16:17:18
/home/airflow/.local/lib/python3.7/site-packages/airflow/example_dags/example_external_task_marker_dag.py                                  2           0  0.31s           2025-07-14T16:17:14
/home/airflow/.local/lib/python3.7/site-packages/airflow/example_dags/example_xcomargs.py                                                  2           0  0.15s           2025-07-14T16:17:17
/home/airflow/.local/lib/python3.7/site-packages/airflow/example_dags/example_subdag_operator.py                                           3           0  0.34s           2025-07-14T16:17:14
/home/airflow/.local/lib/python3.7/site-packages/airflow/example_dags/example_branch_datetime_operator.py                                  3           0  0.14s           2025-07-14T16:17:14
/home/airflow/.local/lib/python3.7/site-packages/airflow/example_dags/example_datasets.py                                                  6           0  0.18s           2025-07-14T16:17:10
================================================================================
[2025-07-14T16:18:00.199+0000] {manager.py:846} INFO - 
================================================================================
DAG File Processing Stats

File Path                                                                                                         PID    Runtime      # DAGs    # Errors  Last Runtime    Last Run
----------------------------------------------------------------------------------------------------------------  -----  ---------  --------  ----------  --------------  -------------------
/opt/airflow/dags/ckan_sdmx_pipeline.py                                                                                                    0           1  0.07s           2025-07-14T16:17:54
/home/airflow/.local/lib/python3.7/site-packages/airflow/example_dags/plugins/workday.py                                                   0           0  0.04s           2025-07-14T16:17:49
/home/airflow/.local/lib/python3.7/site-packages/airflow/example_dags/subdags/subdag.py                                                    0           0  0.04s           2025-07-14T16:17:49
/home/airflow/.local/lib/python3.7/site-packages/airflow/example_dags/example_short_circuit_decorator.py                                   1           0  0.14s           2025-07-14T16:17:34
/home/airflow/.local/lib/python3.7/site-packages/airflow/example_dags/example_bash_operator.py                                             1           0  0.15s           2025-07-14T16:17:34
/home/airflow/.local/lib/python3.7/site-packages/airflow/example_dags/tutorial_taskflow_api.py                                             1           0  0.13s           2025-07-14T16:17:34
/home/airflow/.local/lib/python3.7/site-packages/airflow/example_dags/example_latest_only_with_trigger.py                                  1           0  0.14s           2025-07-14T16:17:35
/home/airflow/.local/lib/python3.7/site-packages/airflow/example_dags/tutorial.py                                                          1           0  0.14s           2025-07-14T16:17:35
/home/airflow/.local/lib/python3.7/site-packages/airflow/example_dags/example_branch_operator_decorator.py                                 1           0  0.14s           2025-07-14T16:17:35
/home/airflow/.local/lib/python3.7/site-packages/airflow/example_dags/example_complex.py                                                   1           0  0.14s           2025-07-14T16:17:35
/home/airflow/.local/lib/python3.7/site-packages/airflow/example_dags/example_branch_operator.py                                           1           0  0.14s           2025-07-14T16:17:37
/home/airflow/.local/lib/python3.7/site-packages/airflow/example_dags/example_python_operator.py                                           1           0  0.15s           2025-07-14T16:17:37
/home/airflow/.local/lib/python3.7/site-packages/airflow/example_dags/example_branch_labels.py                                             1           0  0.13s           2025-07-14T16:17:37
/home/airflow/.local/lib/python3.7/site-packages/airflow/example_dags/example_latest_only.py                                               1           0  0.19s           2025-07-14T16:17:40
/home/airflow/.local/lib/python3.7/site-packages/airflow/example_dags/example_kubernetes_executor.py                                       1           0  0.20s           2025-07-14T16:17:40
/home/airflow/.local/lib/python3.7/site-packages/airflow/example_dags/example_short_circuit_operator.py                                    1           0  0.15s           2025-07-14T16:17:40
/home/airflow/.local/lib/python3.7/site-packages/airflow/example_dags/example_dag_decorator.py                                             1           0  0.22s           2025-07-14T16:17:41
/home/airflow/.local/lib/python3.7/site-packages/airflow/example_dags/example_trigger_target_dag.py                                        1           0  0.14s           2025-07-14T16:17:44
/home/airflow/.local/lib/python3.7/site-packages/airflow/example_dags/example_xcom.py                                                      1           0  0.14s           2025-07-14T16:17:44
/home/airflow/.local/lib/python3.7/site-packages/airflow/example_dags/example_local_kubernetes_executor.py                                 1           0  0.13s           2025-07-14T16:17:44
/home/airflow/.local/lib/python3.7/site-packages/airflow/example_dags/example_branch_day_of_week_operator.py                               1           0  0.13s           2025-07-14T16:17:44
/home/airflow/.local/lib/python3.7/site-packages/airflow/example_dags/example_time_delta_sensor_async.py                                   1           0  0.33s           2025-07-14T16:17:48
/home/airflow/.local/lib/python3.7/site-packages/airflow/example_dags/example_trigger_controller_dag.py                                    1           0  0.17s           2025-07-14T16:17:45
/home/airflow/.local/lib/python3.7/site-packages/airflow/example_dags/tutorial_dag.py                                                      1           0  0.17s           2025-07-14T16:17:45
/home/airflow/.local/lib/python3.7/site-packages/airflow/example_dags/tutorial_taskflow_api_virtualenv.py                                  1           0  0.16s           2025-07-14T16:17:45
/home/airflow/.local/lib/python3.7/site-packages/airflow/example_dags/example_passing_params_via_test_command.py                           1           0  0.17s           2025-07-14T16:17:46
/home/airflow/.local/lib/python3.7/site-packages/airflow/example_dags/example_task_group_decorator.py                                      1           0  0.16s           2025-07-14T16:17:46
/home/airflow/.local/lib/python3.7/site-packages/airflow/example_dags/example_branch_python_dop_operator_3.py                              1           0  0.15s           2025-07-14T16:17:47
/home/airflow/.local/lib/python3.7/site-packages/airflow/example_dags/example_sla_dag.py                                                   1           0  0.16s           2025-07-14T16:17:48
/home/airflow/.local/lib/python3.7/site-packages/airflow/example_dags/example_nested_branch_dag.py                                         1           0  0.16s           2025-07-14T16:17:48
/home/airflow/.local/lib/python3.7/site-packages/airflow/example_dags/example_task_group.py                                                1           0  0.16s           2025-07-14T16:17:49
/home/airflow/.local/lib/python3.7/site-packages/airflow/example_dags/example_skip_dag.py                                                  1           0  0.15s           2025-07-14T16:17:49
/home/airflow/.local/lib/python3.7/site-packages/airflow/example_dags/example_external_task_marker_dag.py                                  2           0  0.32s           2025-07-14T16:17:44
/home/airflow/.local/lib/python3.7/site-packages/airflow/example_dags/example_xcomargs.py                                                  2           0  0.14s           2025-07-14T16:17:47
/home/airflow/.local/lib/python3.7/site-packages/airflow/example_dags/example_subdag_operator.py                                           3           0  0.32s           2025-07-14T16:17:44
/home/airflow/.local/lib/python3.7/site-packages/airflow/example_dags/example_branch_datetime_operator.py                                  3           0  0.16s           2025-07-14T16:17:45
/home/airflow/.local/lib/python3.7/site-packages/airflow/example_dags/example_datasets.py                                                  6           0  0.20s           2025-07-14T16:17:41
================================================================================
[2025-07-14T16:18:30.721+0000] {manager.py:846} INFO - 
================================================================================
DAG File Processing Stats

File Path                                                                                                         PID    Runtime      # DAGs    # Errors  Last Runtime    Last Run
----------------------------------------------------------------------------------------------------------------  -----  ---------  --------  ----------  --------------  -------------------
/opt/airflow/dags/ckan_sdmx_pipeline.py                                                                                                    0           1  0.07s           2025-07-14T16:18:24
/home/airflow/.local/lib/python3.7/site-packages/airflow/example_dags/plugins/workday.py                                                   0           0  0.05s           2025-07-14T16:18:19
/home/airflow/.local/lib/python3.7/site-packages/airflow/example_dags/subdags/subdag.py                                                    0           0  0.06s           2025-07-14T16:18:19
/home/airflow/.local/lib/python3.7/site-packages/airflow/example_dags/example_short_circuit_decorator.py                                   1           0  0.14s           2025-07-14T16:18:05
/home/airflow/.local/lib/python3.7/site-packages/airflow/example_dags/example_bash_operator.py                                             1           0  0.14s           2025-07-14T16:18:05
/home/airflow/.local/lib/python3.7/site-packages/airflow/example_dags/tutorial_taskflow_api.py                                             1           0  0.13s           2025-07-14T16:18:05
/home/airflow/.local/lib/python3.7/site-packages/airflow/example_dags/example_latest_only_with_trigger.py                                  1           0  0.13s           2025-07-14T16:18:06
/home/airflow/.local/lib/python3.7/site-packages/airflow/example_dags/tutorial.py                                                          1           0  0.12s           2025-07-14T16:18:06
/home/airflow/.local/lib/python3.7/site-packages/airflow/example_dags/example_branch_operator_decorator.py                                 1           0  0.14s           2025-07-14T16:18:06
/home/airflow/.local/lib/python3.7/site-packages/airflow/example_dags/example_complex.py                                                   1           0  0.14s           2025-07-14T16:18:06
/home/airflow/.local/lib/python3.7/site-packages/airflow/example_dags/example_branch_operator.py                                           1           0  0.15s           2025-07-14T16:18:08
/home/airflow/.local/lib/python3.7/site-packages/airflow/example_dags/example_python_operator.py                                           1           0  0.16s           2025-07-14T16:18:08
/home/airflow/.local/lib/python3.7/site-packages/airflow/example_dags/example_branch_labels.py                                             1           0  0.14s           2025-07-14T16:18:08
/home/airflow/.local/lib/python3.7/site-packages/airflow/example_dags/example_latest_only.py                                               1           0  0.14s           2025-07-14T16:18:10
/home/airflow/.local/lib/python3.7/site-packages/airflow/example_dags/example_kubernetes_executor.py                                       1           0  0.14s           2025-07-14T16:18:10
/home/airflow/.local/lib/python3.7/site-packages/airflow/example_dags/example_short_circuit_operator.py                                    1           0  0.12s           2025-07-14T16:18:10
/home/airflow/.local/lib/python3.7/site-packages/airflow/example_dags/example_dag_decorator.py                                             1           0  0.20s           2025-07-14T16:18:12
/home/airflow/.local/lib/python3.7/site-packages/airflow/example_dags/example_trigger_target_dag.py                                        1           0  0.13s           2025-07-14T16:18:15
/home/airflow/.local/lib/python3.7/site-packages/airflow/example_dags/example_xcom.py                                                      1           0  0.13s           2025-07-14T16:18:15
/home/airflow/.local/lib/python3.7/site-packages/airflow/example_dags/example_local_kubernetes_executor.py                                 1           0  0.13s           2025-07-14T16:18:15
/home/airflow/.local/lib/python3.7/site-packages/airflow/example_dags/example_branch_day_of_week_operator.py                               1           0  0.13s           2025-07-14T16:18:15
/home/airflow/.local/lib/python3.7/site-packages/airflow/example_dags/example_time_delta_sensor_async.py                                   1           0  0.27s           2025-07-14T16:18:19
/home/airflow/.local/lib/python3.7/site-packages/airflow/example_dags/example_trigger_controller_dag.py                                    1           0  0.13s           2025-07-14T16:18:15
/home/airflow/.local/lib/python3.7/site-packages/airflow/example_dags/tutorial_dag.py                                                      1           0  0.13s           2025-07-14T16:18:15
/home/airflow/.local/lib/python3.7/site-packages/airflow/example_dags/tutorial_taskflow_api_virtualenv.py                                  1           0  0.14s           2025-07-14T16:18:15
/home/airflow/.local/lib/python3.7/site-packages/airflow/example_dags/example_passing_params_via_test_command.py                           1           0  0.16s           2025-07-14T16:18:17
/home/airflow/.local/lib/python3.7/site-packages/airflow/example_dags/example_task_group_decorator.py                                      1           0  0.15s           2025-07-14T16:18:17
/home/airflow/.local/lib/python3.7/site-packages/airflow/example_dags/example_branch_python_dop_operator_3.py                              1           0  0.13s           2025-07-14T16:18:18
/home/airflow/.local/lib/python3.7/site-packages/airflow/example_dags/example_sla_dag.py                                                   1           0  0.13s           2025-07-14T16:18:19
/home/airflow/.local/lib/python3.7/site-packages/airflow/example_dags/example_nested_branch_dag.py                                         1           0  0.14s           2025-07-14T16:18:19
/home/airflow/.local/lib/python3.7/site-packages/airflow/example_dags/example_task_group.py                                                1           0  0.13s           2025-07-14T16:18:19
/home/airflow/.local/lib/python3.7/site-packages/airflow/example_dags/example_skip_dag.py                                                  1           0  0.12s           2025-07-14T16:18:19
/home/airflow/.local/lib/python3.7/site-packages/airflow/example_dags/example_external_task_marker_dag.py                                  2           0  0.29s           2025-07-14T16:18:15
/home/airflow/.local/lib/python3.7/site-packages/airflow/example_dags/example_xcomargs.py                                                  2           0  0.14s           2025-07-14T16:18:18
/home/airflow/.local/lib/python3.7/site-packages/airflow/example_dags/example_subdag_operator.py                                           3           0  0.31s           2025-07-14T16:18:15
/home/airflow/.local/lib/python3.7/site-packages/airflow/example_dags/example_branch_datetime_operator.py                                  3           0  0.14s           2025-07-14T16:18:15
/home/airflow/.local/lib/python3.7/site-packages/airflow/example_dags/example_datasets.py                                                  6           0  0.19s           2025-07-14T16:18:12
================================================================================
[2025-07-14T16:19:01.436+0000] {manager.py:846} INFO - 
================================================================================
DAG File Processing Stats

File Path                                                                                                         PID    Runtime      # DAGs    # Errors  Last Runtime    Last Run
----------------------------------------------------------------------------------------------------------------  -----  ---------  --------  ----------  --------------  -------------------
/opt/airflow/dags/ckan_sdmx_pipeline.py                                                                                                    0           1  0.06s           2025-07-14T16:18:55
/home/airflow/.local/lib/python3.7/site-packages/airflow/example_dags/plugins/workday.py                                                   0           0  0.04s           2025-07-14T16:18:50
/home/airflow/.local/lib/python3.7/site-packages/airflow/example_dags/subdags/subdag.py                                                    0           0  0.04s           2025-07-14T16:18:50
/home/airflow/.local/lib/python3.7/site-packages/airflow/example_dags/example_short_circuit_decorator.py                                   1           0  0.16s           2025-07-14T16:18:35
/home/airflow/.local/lib/python3.7/site-packages/airflow/example_dags/example_bash_operator.py                                             1           0  0.16s           2025-07-14T16:18:35
/home/airflow/.local/lib/python3.7/site-packages/airflow/example_dags/tutorial_taskflow_api.py                                             1           0  0.17s           2025-07-14T16:18:36
/home/airflow/.local/lib/python3.7/site-packages/airflow/example_dags/example_latest_only_with_trigger.py                                  1           0  0.13s           2025-07-14T16:18:37
/home/airflow/.local/lib/python3.7/site-packages/airflow/example_dags/tutorial.py                                                          1           0  0.12s           2025-07-14T16:18:37
/home/airflow/.local/lib/python3.7/site-packages/airflow/example_dags/example_branch_operator_decorator.py                                 1           0  0.14s           2025-07-14T16:18:37
/home/airflow/.local/lib/python3.7/site-packages/airflow/example_dags/example_complex.py                                                   1           0  0.15s           2025-07-14T16:18:37
/home/airflow/.local/lib/python3.7/site-packages/airflow/example_dags/example_branch_operator.py                                           1           0  0.13s           2025-07-14T16:18:39
/home/airflow/.local/lib/python3.7/site-packages/airflow/example_dags/example_python_operator.py                                           1           0  0.13s           2025-07-14T16:18:39
/home/airflow/.local/lib/python3.7/site-packages/airflow/example_dags/example_branch_labels.py                                             1           0  0.12s           2025-07-14T16:18:39
/home/airflow/.local/lib/python3.7/site-packages/airflow/example_dags/example_latest_only.py                                               1           0  0.13s           2025-07-14T16:18:41
/home/airflow/.local/lib/python3.7/site-packages/airflow/example_dags/example_kubernetes_executor.py                                       1           0  0.15s           2025-07-14T16:18:41
/home/airflow/.local/lib/python3.7/site-packages/airflow/example_dags/example_short_circuit_operator.py                                    1           0  0.12s           2025-07-14T16:18:41
/home/airflow/.local/lib/python3.7/site-packages/airflow/example_dags/example_dag_decorator.py                                             1           0  0.19s           2025-07-14T16:18:42
/home/airflow/.local/lib/python3.7/site-packages/airflow/example_dags/example_trigger_target_dag.py                                        1           0  0.20s           2025-07-14T16:18:46
/home/airflow/.local/lib/python3.7/site-packages/airflow/example_dags/example_xcom.py                                                      1           0  0.21s           2025-07-14T16:18:46
/home/airflow/.local/lib/python3.7/site-packages/airflow/example_dags/example_local_kubernetes_executor.py                                 1           0  0.20s           2025-07-14T16:18:46
/home/airflow/.local/lib/python3.7/site-packages/airflow/example_dags/example_branch_day_of_week_operator.py                               1           0  0.18s           2025-07-14T16:18:46
/home/airflow/.local/lib/python3.7/site-packages/airflow/example_dags/example_time_delta_sensor_async.py                                   1           0  0.27s           2025-07-14T16:18:50
/home/airflow/.local/lib/python3.7/site-packages/airflow/example_dags/example_trigger_controller_dag.py                                    1           0  0.12s           2025-07-14T16:18:46
/home/airflow/.local/lib/python3.7/site-packages/airflow/example_dags/tutorial_dag.py                                                      1           0  0.12s           2025-07-14T16:18:46
/home/airflow/.local/lib/python3.7/site-packages/airflow/example_dags/tutorial_taskflow_api_virtualenv.py                                  1           0  0.13s           2025-07-14T16:18:46
/home/airflow/.local/lib/python3.7/site-packages/airflow/example_dags/example_passing_params_via_test_command.py                           1           0  0.20s           2025-07-14T16:18:47
/home/airflow/.local/lib/python3.7/site-packages/airflow/example_dags/example_task_group_decorator.py                                      1           0  0.19s           2025-07-14T16:18:47
/home/airflow/.local/lib/python3.7/site-packages/airflow/example_dags/example_branch_python_dop_operator_3.py                              1           0  0.19s           2025-07-14T16:18:48
/home/airflow/.local/lib/python3.7/site-packages/airflow/example_dags/example_sla_dag.py                                                   1           0  0.14s           2025-07-14T16:18:50
/home/airflow/.local/lib/python3.7/site-packages/airflow/example_dags/example_nested_branch_dag.py                                         1           0  0.14s           2025-07-14T16:18:50
/home/airflow/.local/lib/python3.7/site-packages/airflow/example_dags/example_task_group.py                                                1           0  0.13s           2025-07-14T16:18:50
/home/airflow/.local/lib/python3.7/site-packages/airflow/example_dags/example_skip_dag.py                                                  1           0  0.12s           2025-07-14T16:18:50
/home/airflow/.local/lib/python3.7/site-packages/airflow/example_dags/example_external_task_marker_dag.py                                  2           0  0.33s           2025-07-14T16:18:45
/home/airflow/.local/lib/python3.7/site-packages/airflow/example_dags/example_xcomargs.py                                                  2           0  0.19s           2025-07-14T16:18:48
/home/airflow/.local/lib/python3.7/site-packages/airflow/example_dags/example_subdag_operator.py                                           3           0  0.36s           2025-07-14T16:18:45
/home/airflow/.local/lib/python3.7/site-packages/airflow/example_dags/example_branch_datetime_operator.py                                  3           0  0.14s           2025-07-14T16:18:46
/home/airflow/.local/lib/python3.7/site-packages/airflow/example_dags/example_datasets.py                                                  6           0  0.17s           2025-07-14T16:18:42
================================================================================
[2025-07-14T16:19:14.503+0000] {manager.py:724} INFO - Searching for files in /opt/airflow/dags
[2025-07-14T16:19:14.524+0000] {manager.py:727} INFO - There are 37 files in /opt/airflow/dags
[2025-07-14T16:19:32.370+0000] {manager.py:846} INFO - 
================================================================================
DAG File Processing Stats

File Path                                                                                                         PID    Runtime      # DAGs    # Errors  Last Runtime    Last Run
----------------------------------------------------------------------------------------------------------------  -----  ---------  --------  ----------  --------------  -------------------
/opt/airflow/dags/ckan_sdmx_pipeline.py                                                                                                    0           1  0.07s           2025-07-14T16:19:26
/home/airflow/.local/lib/python3.7/site-packages/airflow/example_dags/plugins/workday.py                                                   0           0  0.05s           2025-07-14T16:19:21
/home/airflow/.local/lib/python3.7/site-packages/airflow/example_dags/subdags/subdag.py                                                    0           0  0.05s           2025-07-14T16:19:21
/home/airflow/.local/lib/python3.7/site-packages/airflow/example_dags/example_short_circuit_decorator.py                                   1           0  0.15s           2025-07-14T16:19:06
/home/airflow/.local/lib/python3.7/site-packages/airflow/example_dags/example_bash_operator.py                                             1           0  0.15s           2025-07-14T16:19:06
/home/airflow/.local/lib/python3.7/site-packages/airflow/example_dags/tutorial_taskflow_api.py                                             1           0  0.15s           2025-07-14T16:19:06
/home/airflow/.local/lib/python3.7/site-packages/airflow/example_dags/example_latest_only_with_trigger.py                                  1           0  0.14s           2025-07-14T16:19:07
/home/airflow/.local/lib/python3.7/site-packages/airflow/example_dags/tutorial.py                                                          1           0  0.13s           2025-07-14T16:19:07
/home/airflow/.local/lib/python3.7/site-packages/airflow/example_dags/example_branch_operator_decorator.py                                 1           0  0.16s           2025-07-14T16:19:07
/home/airflow/.local/lib/python3.7/site-packages/airflow/example_dags/example_complex.py                                                   1           0  0.13s           2025-07-14T16:19:08
/home/airflow/.local/lib/python3.7/site-packages/airflow/example_dags/example_branch_operator.py                                           1           0  0.16s           2025-07-14T16:19:10
/home/airflow/.local/lib/python3.7/site-packages/airflow/example_dags/example_python_operator.py                                           1           0  0.17s           2025-07-14T16:19:10
/home/airflow/.local/lib/python3.7/site-packages/airflow/example_dags/example_branch_labels.py                                             1           0  0.13s           2025-07-14T16:19:10
/home/airflow/.local/lib/python3.7/site-packages/airflow/example_dags/example_latest_only.py                                               1           0  0.14s           2025-07-14T16:19:12
/home/airflow/.local/lib/python3.7/site-packages/airflow/example_dags/example_kubernetes_executor.py                                       1           0  0.14s           2025-07-14T16:19:12
/home/airflow/.local/lib/python3.7/site-packages/airflow/example_dags/example_short_circuit_operator.py                                    1           0  0.13s           2025-07-14T16:19:12
/home/airflow/.local/lib/python3.7/site-packages/airflow/example_dags/example_dag_decorator.py                                             1           0  0.20s           2025-07-14T16:19:13
/home/airflow/.local/lib/python3.7/site-packages/airflow/example_dags/example_trigger_target_dag.py                                        1           0  0.15s           2025-07-14T16:19:17
/home/airflow/.local/lib/python3.7/site-packages/airflow/example_dags/example_xcom.py                                                      1           0  0.14s           2025-07-14T16:19:17
/home/airflow/.local/lib/python3.7/site-packages/airflow/example_dags/example_local_kubernetes_executor.py                                 1           0  0.12s           2025-07-14T16:19:17
/home/airflow/.local/lib/python3.7/site-packages/airflow/example_dags/example_branch_day_of_week_operator.py                               1           0  0.12s           2025-07-14T16:19:17
/home/airflow/.local/lib/python3.7/site-packages/airflow/example_dags/example_time_delta_sensor_async.py                                   1           0  0.31s           2025-07-14T16:19:20
/home/airflow/.local/lib/python3.7/site-packages/airflow/example_dags/example_trigger_controller_dag.py                                    1           0  0.18s           2025-07-14T16:19:17
/home/airflow/.local/lib/python3.7/site-packages/airflow/example_dags/tutorial_dag.py                                                      1           0  0.17s           2025-07-14T16:19:17
/home/airflow/.local/lib/python3.7/site-packages/airflow/example_dags/tutorial_taskflow_api_virtualenv.py                                  1           0  0.13s           2025-07-14T16:19:17
/home/airflow/.local/lib/python3.7/site-packages/airflow/example_dags/example_passing_params_via_test_command.py                           1           0  0.16s           2025-07-14T16:19:18
/home/airflow/.local/lib/python3.7/site-packages/airflow/example_dags/example_task_group_decorator.py                                      1           0  0.15s           2025-07-14T16:19:18
/home/airflow/.local/lib/python3.7/site-packages/airflow/example_dags/example_branch_python_dop_operator_3.py                              1           0  0.14s           2025-07-14T16:19:19
/home/airflow/.local/lib/python3.7/site-packages/airflow/example_dags/example_sla_dag.py                                                   1           0  0.14s           2025-07-14T16:19:20
/home/airflow/.local/lib/python3.7/site-packages/airflow/example_dags/example_nested_branch_dag.py                                         1           0  0.17s           2025-07-14T16:19:20
/home/airflow/.local/lib/python3.7/site-packages/airflow/example_dags/example_task_group.py                                                1           0  0.16s           2025-07-14T16:19:21
/home/airflow/.local/lib/python3.7/site-packages/airflow/example_dags/example_skip_dag.py                                                  1           0  0.15s           2025-07-14T16:19:21
/home/airflow/.local/lib/python3.7/site-packages/airflow/example_dags/example_external_task_marker_dag.py                                  2           0  0.31s           2025-07-14T16:19:16
/home/airflow/.local/lib/python3.7/site-packages/airflow/example_dags/example_xcomargs.py                                                  2           0  0.14s           2025-07-14T16:19:19
/home/airflow/.local/lib/python3.7/site-packages/airflow/example_dags/example_subdag_operator.py                                           3           0  0.35s           2025-07-14T16:19:16
/home/airflow/.local/lib/python3.7/site-packages/airflow/example_dags/example_branch_datetime_operator.py                                  3           0  0.15s           2025-07-14T16:19:17
/home/airflow/.local/lib/python3.7/site-packages/airflow/example_dags/example_datasets.py                                                  6           0  0.17s           2025-07-14T16:19:13
================================================================================
[2025-07-14T16:20:02.495+0000] {manager.py:846} INFO - 
================================================================================
DAG File Processing Stats

File Path                                                                                                         PID    Runtime      # DAGs    # Errors  Last Runtime    Last Run
----------------------------------------------------------------------------------------------------------------  -----  ---------  --------  ----------  --------------  -------------------
/opt/airflow/dags/ckan_sdmx_pipeline.py                                                                                                    0           1  0.12s           2025-07-14T16:19:56
/home/airflow/.local/lib/python3.7/site-packages/airflow/example_dags/plugins/workday.py                                                   0           0  0.05s           2025-07-14T16:19:51
/home/airflow/.local/lib/python3.7/site-packages/airflow/example_dags/subdags/subdag.py                                                    0           0  0.07s           2025-07-14T16:19:51
/home/airflow/.local/lib/python3.7/site-packages/airflow/example_dags/example_short_circuit_decorator.py                                   1           0  0.20s           2025-07-14T16:19:37
/home/airflow/.local/lib/python3.7/site-packages/airflow/example_dags/example_bash_operator.py                                             1           0  0.21s           2025-07-14T16:19:37
/home/airflow/.local/lib/python3.7/site-packages/airflow/example_dags/tutorial_taskflow_api.py                                             1           0  0.18s           2025-07-14T16:19:37
/home/airflow/.local/lib/python3.7/site-packages/airflow/example_dags/example_latest_only_with_trigger.py                                  1           0  0.17s           2025-07-14T16:19:37
/home/airflow/.local/lib/python3.7/site-packages/airflow/example_dags/tutorial.py                                                          1           0  0.16s           2025-07-14T16:19:37
/home/airflow/.local/lib/python3.7/site-packages/airflow/example_dags/example_branch_operator_decorator.py                                 1           0  0.15s           2025-07-14T16:19:38
/home/airflow/.local/lib/python3.7/site-packages/airflow/example_dags/example_complex.py                                                   1           0  0.18s           2025-07-14T16:19:38
/home/airflow/.local/lib/python3.7/site-packages/airflow/example_dags/example_branch_operator.py                                           1           0  0.20s           2025-07-14T16:19:40
/home/airflow/.local/lib/python3.7/site-packages/airflow/example_dags/example_python_operator.py                                           1           0  0.20s           2025-07-14T16:19:40
/home/airflow/.local/lib/python3.7/site-packages/airflow/example_dags/example_branch_labels.py                                             1           0  0.16s           2025-07-14T16:19:40
/home/airflow/.local/lib/python3.7/site-packages/airflow/example_dags/example_latest_only.py                                               1           0  0.13s           2025-07-14T16:19:42
/home/airflow/.local/lib/python3.7/site-packages/airflow/example_dags/example_kubernetes_executor.py                                       1           0  0.13s           2025-07-14T16:19:42
/home/airflow/.local/lib/python3.7/site-packages/airflow/example_dags/example_short_circuit_operator.py                                    1           0  0.12s           2025-07-14T16:19:42
/home/airflow/.local/lib/python3.7/site-packages/airflow/example_dags/example_dag_decorator.py                                             1           0  0.24s           2025-07-14T16:19:43
/home/airflow/.local/lib/python3.7/site-packages/airflow/example_dags/example_trigger_target_dag.py                                        1           0  0.14s           2025-07-14T16:19:48
/home/airflow/.local/lib/python3.7/site-packages/airflow/example_dags/example_xcom.py                                                      1           0  0.13s           2025-07-14T16:19:48
/home/airflow/.local/lib/python3.7/site-packages/airflow/example_dags/example_local_kubernetes_executor.py                                 1           0  0.15s           2025-07-14T16:19:48
/home/airflow/.local/lib/python3.7/site-packages/airflow/example_dags/example_branch_day_of_week_operator.py                               1           0  0.14s           2025-07-14T16:19:48
/home/airflow/.local/lib/python3.7/site-packages/airflow/example_dags/example_time_delta_sensor_async.py                                   1           0  0.25s           2025-07-14T16:19:51
/home/airflow/.local/lib/python3.7/site-packages/airflow/example_dags/example_trigger_controller_dag.py                                    1           0  0.12s           2025-07-14T16:19:48
/home/airflow/.local/lib/python3.7/site-packages/airflow/example_dags/tutorial_dag.py                                                      1           0  0.13s           2025-07-14T16:19:48
/home/airflow/.local/lib/python3.7/site-packages/airflow/example_dags/tutorial_taskflow_api_virtualenv.py                                  1           0  0.14s           2025-07-14T16:19:48
/home/airflow/.local/lib/python3.7/site-packages/airflow/example_dags/example_passing_params_via_test_command.py                           1           0  0.21s           2025-07-14T16:19:48
/home/airflow/.local/lib/python3.7/site-packages/airflow/example_dags/example_task_group_decorator.py                                      1           0  0.20s           2025-07-14T16:19:48
/home/airflow/.local/lib/python3.7/site-packages/airflow/example_dags/example_branch_python_dop_operator_3.py                              1           0  0.14s           2025-07-14T16:19:49
/home/airflow/.local/lib/python3.7/site-packages/airflow/example_dags/example_sla_dag.py                                                   1           0  0.13s           2025-07-14T16:19:51
/home/airflow/.local/lib/python3.7/site-packages/airflow/example_dags/example_nested_branch_dag.py                                         1           0  0.13s           2025-07-14T16:19:51
/home/airflow/.local/lib/python3.7/site-packages/airflow/example_dags/example_task_group.py                                                1           0  0.13s           2025-07-14T16:19:51
/home/airflow/.local/lib/python3.7/site-packages/airflow/example_dags/example_skip_dag.py                                                  1           0  0.14s           2025-07-14T16:19:51
/home/airflow/.local/lib/python3.7/site-packages/airflow/example_dags/example_external_task_marker_dag.py                                  2           0  0.30s           2025-07-14T16:19:48
/home/airflow/.local/lib/python3.7/site-packages/airflow/example_dags/example_xcomargs.py                                                  2           0  0.14s           2025-07-14T16:19:49
/home/airflow/.local/lib/python3.7/site-packages/airflow/example_dags/example_subdag_operator.py                                           3           0  0.35s           2025-07-14T16:19:48
/home/airflow/.local/lib/python3.7/site-packages/airflow/example_dags/example_branch_datetime_operator.py                                  3           0  0.15s           2025-07-14T16:19:48
/home/airflow/.local/lib/python3.7/site-packages/airflow/example_dags/example_datasets.py                                                  6           0  0.20s           2025-07-14T16:19:43
================================================================================
[2025-07-14T16:20:32.970+0000] {manager.py:846} INFO - 
================================================================================
DAG File Processing Stats

File Path                                                                                                         PID    Runtime      # DAGs    # Errors  Last Runtime    Last Run
----------------------------------------------------------------------------------------------------------------  -----  ---------  --------  ----------  --------------  -------------------
/opt/airflow/dags/ckan_sdmx_pipeline.py                                                                                                    0           1  0.10s           2025-07-14T16:20:26
/home/airflow/.local/lib/python3.7/site-packages/airflow/example_dags/plugins/workday.py                                                   0           0  0.04s           2025-07-14T16:20:21
/home/airflow/.local/lib/python3.7/site-packages/airflow/example_dags/subdags/subdag.py                                                    0           0  0.07s           2025-07-14T16:20:21
/home/airflow/.local/lib/python3.7/site-packages/airflow/example_dags/example_short_circuit_decorator.py                                   1           0  0.18s           2025-07-14T16:20:07
/home/airflow/.local/lib/python3.7/site-packages/airflow/example_dags/example_bash_operator.py                                             1           0  0.19s           2025-07-14T16:20:07
/home/airflow/.local/lib/python3.7/site-packages/airflow/example_dags/tutorial_taskflow_api.py                                             1           0  0.14s           2025-07-14T16:20:07
/home/airflow/.local/lib/python3.7/site-packages/airflow/example_dags/example_latest_only_with_trigger.py                                  1           0  0.15s           2025-07-14T16:20:08
/home/airflow/.local/lib/python3.7/site-packages/airflow/example_dags/tutorial.py                                                          1           0  0.16s           2025-07-14T16:20:08
/home/airflow/.local/lib/python3.7/site-packages/airflow/example_dags/example_branch_operator_decorator.py                                 1           0  0.15s           2025-07-14T16:20:08
/home/airflow/.local/lib/python3.7/site-packages/airflow/example_dags/example_complex.py                                                   1           0  0.14s           2025-07-14T16:20:09
/home/airflow/.local/lib/python3.7/site-packages/airflow/example_dags/example_branch_operator.py                                           1           0  0.14s           2025-07-14T16:20:10
/home/airflow/.local/lib/python3.7/site-packages/airflow/example_dags/example_python_operator.py                                           1           0  0.15s           2025-07-14T16:20:10
/home/airflow/.local/lib/python3.7/site-packages/airflow/example_dags/example_branch_labels.py                                             1           0  0.13s           2025-07-14T16:20:10
/home/airflow/.local/lib/python3.7/site-packages/airflow/example_dags/example_latest_only.py                                               1           0  0.14s           2025-07-14T16:20:12
/home/airflow/.local/lib/python3.7/site-packages/airflow/example_dags/example_kubernetes_executor.py                                       1           0  0.14s           2025-07-14T16:20:12
/home/airflow/.local/lib/python3.7/site-packages/airflow/example_dags/example_short_circuit_operator.py                                    1           0  0.13s           2025-07-14T16:20:12
/home/airflow/.local/lib/python3.7/site-packages/airflow/example_dags/example_dag_decorator.py                                             1           0  0.20s           2025-07-14T16:20:13
/home/airflow/.local/lib/python3.7/site-packages/airflow/example_dags/example_trigger_target_dag.py                                        1           0  0.14s           2025-07-14T16:20:19
/home/airflow/.local/lib/python3.7/site-packages/airflow/example_dags/example_xcom.py                                                      1           0  0.15s           2025-07-14T16:20:19
/home/airflow/.local/lib/python3.7/site-packages/airflow/example_dags/example_local_kubernetes_executor.py                                 1           0  0.14s           2025-07-14T16:20:19
/home/airflow/.local/lib/python3.7/site-packages/airflow/example_dags/example_branch_day_of_week_operator.py                               1           0  0.12s           2025-07-14T16:20:19
/home/airflow/.local/lib/python3.7/site-packages/airflow/example_dags/example_time_delta_sensor_async.py                                   1           0  0.28s           2025-07-14T16:20:21
/home/airflow/.local/lib/python3.7/site-packages/airflow/example_dags/example_trigger_controller_dag.py                                    1           0  0.13s           2025-07-14T16:20:19
/home/airflow/.local/lib/python3.7/site-packages/airflow/example_dags/tutorial_dag.py                                                      1           0  0.13s           2025-07-14T16:20:19
/home/airflow/.local/lib/python3.7/site-packages/airflow/example_dags/tutorial_taskflow_api_virtualenv.py                                  1           0  0.13s           2025-07-14T16:20:19
/home/airflow/.local/lib/python3.7/site-packages/airflow/example_dags/example_passing_params_via_test_command.py                           1           0  0.14s           2025-07-14T16:20:20
/home/airflow/.local/lib/python3.7/site-packages/airflow/example_dags/example_task_group_decorator.py                                      1           0  0.14s           2025-07-14T16:20:20
/home/airflow/.local/lib/python3.7/site-packages/airflow/example_dags/example_branch_python_dop_operator_3.py                              1           0  0.14s           2025-07-14T16:20:20
/home/airflow/.local/lib/python3.7/site-packages/airflow/example_dags/example_sla_dag.py                                                   1           0  0.16s           2025-07-14T16:20:21
/home/airflow/.local/lib/python3.7/site-packages/airflow/example_dags/example_nested_branch_dag.py                                         1           0  0.15s           2025-07-14T16:20:21
/home/airflow/.local/lib/python3.7/site-packages/airflow/example_dags/example_task_group.py                                                1           0  0.14s           2025-07-14T16:20:21
/home/airflow/.local/lib/python3.7/site-packages/airflow/example_dags/example_skip_dag.py                                                  1           0  0.14s           2025-07-14T16:20:21
/home/airflow/.local/lib/python3.7/site-packages/airflow/example_dags/example_external_task_marker_dag.py                                  2           0  0.35s           2025-07-14T16:20:19
/home/airflow/.local/lib/python3.7/site-packages/airflow/example_dags/example_xcomargs.py                                                  2           0  0.14s           2025-07-14T16:20:20
/home/airflow/.local/lib/python3.7/site-packages/airflow/example_dags/example_subdag_operator.py                                           3           0  0.37s           2025-07-14T16:20:19
/home/airflow/.local/lib/python3.7/site-packages/airflow/example_dags/example_branch_datetime_operator.py                                  3           0  0.14s           2025-07-14T16:20:19
/home/airflow/.local/lib/python3.7/site-packages/airflow/example_dags/example_datasets.py                                                  6           0  0.18s           2025-07-14T16:20:13
================================================================================
[2025-07-14T16:21:03.045+0000] {manager.py:846} INFO - 
================================================================================
DAG File Processing Stats

File Path                                                                                                         PID    Runtime      # DAGs    # Errors  Last Runtime    Last Run
----------------------------------------------------------------------------------------------------------------  -----  ---------  --------  ----------  --------------  -------------------
/opt/airflow/dags/ckan_sdmx_pipeline.py                                                                                                    0           1  0.14s           2025-07-14T16:20:57
/home/airflow/.local/lib/python3.7/site-packages/airflow/example_dags/plugins/workday.py                                                   0           0  0.07s           2025-07-14T16:20:52
/home/airflow/.local/lib/python3.7/site-packages/airflow/example_dags/subdags/subdag.py                                                    0           0  0.09s           2025-07-14T16:20:52
/home/airflow/.local/lib/python3.7/site-packages/airflow/example_dags/example_short_circuit_decorator.py                                   1           0  0.60s           2025-07-14T16:20:38
/home/airflow/.local/lib/python3.7/site-packages/airflow/example_dags/example_bash_operator.py                                             1           0  0.55s           2025-07-14T16:20:38
/home/airflow/.local/lib/python3.7/site-packages/airflow/example_dags/tutorial_taskflow_api.py                                             1           0  0.54s           2025-07-14T16:20:39
/home/airflow/.local/lib/python3.7/site-packages/airflow/example_dags/example_latest_only_with_trigger.py                                  1           0  0.61s           2025-07-14T16:20:39
/home/airflow/.local/lib/python3.7/site-packages/airflow/example_dags/tutorial.py                                                          1           0  0.55s           2025-07-14T16:20:40
/home/airflow/.local/lib/python3.7/site-packages/airflow/example_dags/example_branch_operator_decorator.py                                 1           0  0.56s           2025-07-14T16:20:40
/home/airflow/.local/lib/python3.7/site-packages/airflow/example_dags/example_complex.py                                                   1           0  0.38s           2025-07-14T16:20:40
/home/airflow/.local/lib/python3.7/site-packages/airflow/example_dags/example_branch_operator.py                                           1           0  0.48s           2025-07-14T16:20:41
/home/airflow/.local/lib/python3.7/site-packages/airflow/example_dags/example_python_operator.py                                           1           0  0.53s           2025-07-14T16:20:41
/home/airflow/.local/lib/python3.7/site-packages/airflow/example_dags/example_branch_labels.py                                             1           0  0.40s           2025-07-14T16:20:42
/home/airflow/.local/lib/python3.7/site-packages/airflow/example_dags/example_latest_only.py                                               1           0  0.29s           2025-07-14T16:20:43
/home/airflow/.local/lib/python3.7/site-packages/airflow/example_dags/example_kubernetes_executor.py                                       1           0  0.35s           2025-07-14T16:20:43
/home/airflow/.local/lib/python3.7/site-packages/airflow/example_dags/example_short_circuit_operator.py                                    1           0  0.32s           2025-07-14T16:20:43
/home/airflow/.local/lib/python3.7/site-packages/airflow/example_dags/example_dag_decorator.py                                             1           0  0.54s           2025-07-14T16:20:44
/home/airflow/.local/lib/python3.7/site-packages/airflow/example_dags/example_trigger_target_dag.py                                        1           0  0.18s           2025-07-14T16:20:50
/home/airflow/.local/lib/python3.7/site-packages/airflow/example_dags/example_xcom.py                                                      1           0  0.19s           2025-07-14T16:20:50
/home/airflow/.local/lib/python3.7/site-packages/airflow/example_dags/example_local_kubernetes_executor.py                                 1           0  0.23s           2025-07-14T16:20:50
/home/airflow/.local/lib/python3.7/site-packages/airflow/example_dags/example_branch_day_of_week_operator.py                               1           0  0.24s           2025-07-14T16:20:50
/home/airflow/.local/lib/python3.7/site-packages/airflow/example_dags/example_time_delta_sensor_async.py                                   1           0  0.57s           2025-07-14T16:20:52
/home/airflow/.local/lib/python3.7/site-packages/airflow/example_dags/example_trigger_controller_dag.py                                    1           0  0.29s           2025-07-14T16:20:51
/home/airflow/.local/lib/python3.7/site-packages/airflow/example_dags/tutorial_dag.py                                                      1           0  0.30s           2025-07-14T16:20:51
/home/airflow/.local/lib/python3.7/site-packages/airflow/example_dags/tutorial_taskflow_api_virtualenv.py                                  1           0  0.28s           2025-07-14T16:20:51
/home/airflow/.local/lib/python3.7/site-packages/airflow/example_dags/example_passing_params_via_test_command.py                           1           0  0.26s           2025-07-14T16:20:51
/home/airflow/.local/lib/python3.7/site-packages/airflow/example_dags/example_task_group_decorator.py                                      1           0  0.25s           2025-07-14T16:20:51
/home/airflow/.local/lib/python3.7/site-packages/airflow/example_dags/example_branch_python_dop_operator_3.py                              1           0  0.26s           2025-07-14T16:20:51
/home/airflow/.local/lib/python3.7/site-packages/airflow/example_dags/example_sla_dag.py                                                   1           0  0.27s           2025-07-14T16:20:52
/home/airflow/.local/lib/python3.7/site-packages/airflow/example_dags/example_nested_branch_dag.py                                         1           0  0.28s           2025-07-14T16:20:52
/home/airflow/.local/lib/python3.7/site-packages/airflow/example_dags/example_task_group.py                                                1           0  0.23s           2025-07-14T16:20:52
/home/airflow/.local/lib/python3.7/site-packages/airflow/example_dags/example_skip_dag.py                                                  1           0  0.22s           2025-07-14T16:20:52
/home/airflow/.local/lib/python3.7/site-packages/airflow/example_dags/example_external_task_marker_dag.py                                  2           0  0.43s           2025-07-14T16:20:50
/home/airflow/.local/lib/python3.7/site-packages/airflow/example_dags/example_xcomargs.py                                                  2           0  0.26s           2025-07-14T16:20:51
/home/airflow/.local/lib/python3.7/site-packages/airflow/example_dags/example_subdag_operator.py                                           3           0  0.46s           2025-07-14T16:20:50
/home/airflow/.local/lib/python3.7/site-packages/airflow/example_dags/example_branch_datetime_operator.py                                  3           0  0.28s           2025-07-14T16:20:51
/home/airflow/.local/lib/python3.7/site-packages/airflow/example_dags/example_datasets.py                                                  6           0  0.51s           2025-07-14T16:20:44
================================================================================
[2025-07-14T16:21:33.441+0000] {manager.py:846} INFO - 
================================================================================
DAG File Processing Stats

File Path                                                                                                         PID    Runtime      # DAGs    # Errors  Last Runtime    Last Run
----------------------------------------------------------------------------------------------------------------  -----  ---------  --------  ----------  --------------  -------------------
/opt/airflow/dags/ckan_sdmx_pipeline.py                                                                                                    0           1  0.09s           2025-07-14T16:21:28
/home/airflow/.local/lib/python3.7/site-packages/airflow/example_dags/plugins/workday.py                                                   0           0  0.07s           2025-07-14T16:21:23
/home/airflow/.local/lib/python3.7/site-packages/airflow/example_dags/subdags/subdag.py                                                    0           0  0.07s           2025-07-14T16:21:23
/home/airflow/.local/lib/python3.7/site-packages/airflow/example_dags/example_short_circuit_decorator.py                                   1           0  0.22s           2025-07-14T16:21:09
/home/airflow/.local/lib/python3.7/site-packages/airflow/example_dags/example_bash_operator.py                                             1           0  0.23s           2025-07-14T16:21:09
/home/airflow/.local/lib/python3.7/site-packages/airflow/example_dags/tutorial_taskflow_api.py                                             1           0  0.21s           2025-07-14T16:21:09
/home/airflow/.local/lib/python3.7/site-packages/airflow/example_dags/example_latest_only_with_trigger.py                                  1           0  0.18s           2025-07-14T16:21:10
/home/airflow/.local/lib/python3.7/site-packages/airflow/example_dags/tutorial.py                                                          1           0  0.19s           2025-07-14T16:21:10
/home/airflow/.local/lib/python3.7/site-packages/airflow/example_dags/example_branch_operator_decorator.py                                 1           0  0.21s           2025-07-14T16:21:10
/home/airflow/.local/lib/python3.7/site-packages/airflow/example_dags/example_complex.py                                                   1           0  0.22s           2025-07-14T16:21:10
/home/airflow/.local/lib/python3.7/site-packages/airflow/example_dags/example_branch_operator.py                                           1           0  0.24s           2025-07-14T16:21:12
/home/airflow/.local/lib/python3.7/site-packages/airflow/example_dags/example_python_operator.py                                           1           0  0.25s           2025-07-14T16:21:12
/home/airflow/.local/lib/python3.7/site-packages/airflow/example_dags/example_branch_labels.py                                             1           0  0.22s           2025-07-14T16:21:13
/home/airflow/.local/lib/python3.7/site-packages/airflow/example_dags/example_latest_only.py                                               1           0  0.17s           2025-07-14T16:21:14
/home/airflow/.local/lib/python3.7/site-packages/airflow/example_dags/example_kubernetes_executor.py                                       1           0  0.18s           2025-07-14T16:21:14
/home/airflow/.local/lib/python3.7/site-packages/airflow/example_dags/example_short_circuit_operator.py                                    1           0  0.18s           2025-07-14T16:21:14
/home/airflow/.local/lib/python3.7/site-packages/airflow/example_dags/example_dag_decorator.py                                             1           0  0.27s           2025-07-14T16:21:15
/home/airflow/.local/lib/python3.7/site-packages/airflow/example_dags/example_trigger_target_dag.py                                        1           0  0.22s           2025-07-14T16:21:21
/home/airflow/.local/lib/python3.7/site-packages/airflow/example_dags/example_xcom.py                                                      1           0  0.23s           2025-07-14T16:21:21
/home/airflow/.local/lib/python3.7/site-packages/airflow/example_dags/example_local_kubernetes_executor.py                                 1           0  0.24s           2025-07-14T16:21:21
/home/airflow/.local/lib/python3.7/site-packages/airflow/example_dags/example_branch_day_of_week_operator.py                               1           0  0.24s           2025-07-14T16:21:21
/home/airflow/.local/lib/python3.7/site-packages/airflow/example_dags/example_time_delta_sensor_async.py                                   1           0  0.53s           2025-07-14T16:21:23
/home/airflow/.local/lib/python3.7/site-packages/airflow/example_dags/example_trigger_controller_dag.py                                    1           0  0.26s           2025-07-14T16:21:21
/home/airflow/.local/lib/python3.7/site-packages/airflow/example_dags/tutorial_dag.py                                                      1           0  0.26s           2025-07-14T16:21:21
/home/airflow/.local/lib/python3.7/site-packages/airflow/example_dags/tutorial_taskflow_api_virtualenv.py                                  1           0  0.22s           2025-07-14T16:21:21
/home/airflow/.local/lib/python3.7/site-packages/airflow/example_dags/example_passing_params_via_test_command.py                           1           0  0.25s           2025-07-14T16:21:22
/home/airflow/.local/lib/python3.7/site-packages/airflow/example_dags/example_task_group_decorator.py                                      1           0  0.23s           2025-07-14T16:21:22
/home/airflow/.local/lib/python3.7/site-packages/airflow/example_dags/example_branch_python_dop_operator_3.py                              1           0  0.22s           2025-07-14T16:21:22
/home/airflow/.local/lib/python3.7/site-packages/airflow/example_dags/example_sla_dag.py                                                   1           0  0.22s           2025-07-14T16:21:22
/home/airflow/.local/lib/python3.7/site-packages/airflow/example_dags/example_nested_branch_dag.py                                         1           0  0.23s           2025-07-14T16:21:22
/home/airflow/.local/lib/python3.7/site-packages/airflow/example_dags/example_task_group.py                                                1           0  0.27s           2025-07-14T16:21:23
/home/airflow/.local/lib/python3.7/site-packages/airflow/example_dags/example_skip_dag.py                                                  1           0  0.21s           2025-07-14T16:21:23
/home/airflow/.local/lib/python3.7/site-packages/airflow/example_dags/example_external_task_marker_dag.py                                  2           0  0.38s           2025-07-14T16:21:20
/home/airflow/.local/lib/python3.7/site-packages/airflow/example_dags/example_xcomargs.py                                                  2           0  0.22s           2025-07-14T16:21:22
/home/airflow/.local/lib/python3.7/site-packages/airflow/example_dags/example_subdag_operator.py                                           3           0  0.42s           2025-07-14T16:21:20
/home/airflow/.local/lib/python3.7/site-packages/airflow/example_dags/example_branch_datetime_operator.py                                  3           0  0.24s           2025-07-14T16:21:21
/home/airflow/.local/lib/python3.7/site-packages/airflow/example_dags/example_datasets.py                                                  6           0  0.26s           2025-07-14T16:21:15
================================================================================
[2025-07-14T16:22:03.514+0000] {manager.py:846} INFO - 
================================================================================
DAG File Processing Stats

File Path                                                                                                         PID    Runtime      # DAGs    # Errors  Last Runtime    Last Run
----------------------------------------------------------------------------------------------------------------  -----  ---------  --------  ----------  --------------  -------------------
/opt/airflow/dags/ckan_sdmx_pipeline.py                                                                                                    0           1  0.11s           2025-07-14T16:21:58
/home/airflow/.local/lib/python3.7/site-packages/airflow/example_dags/plugins/workday.py                                                   0           0  0.09s           2025-07-14T16:21:54
/home/airflow/.local/lib/python3.7/site-packages/airflow/example_dags/subdags/subdag.py                                                    0           0  0.09s           2025-07-14T16:21:54
/home/airflow/.local/lib/python3.7/site-packages/airflow/example_dags/example_short_circuit_decorator.py                                   1           0  0.19s           2025-07-14T16:21:39
/home/airflow/.local/lib/python3.7/site-packages/airflow/example_dags/example_bash_operator.py                                             1           0  0.20s           2025-07-14T16:21:39
/home/airflow/.local/lib/python3.7/site-packages/airflow/example_dags/tutorial_taskflow_api.py                                             1           0  0.19s           2025-07-14T16:21:39
/home/airflow/.local/lib/python3.7/site-packages/airflow/example_dags/example_latest_only_with_trigger.py                                  1           0  0.19s           2025-07-14T16:21:40
/home/airflow/.local/lib/python3.7/site-packages/airflow/example_dags/tutorial.py                                                          1           0  0.20s           2025-07-14T16:21:40
/home/airflow/.local/lib/python3.7/site-packages/airflow/example_dags/example_branch_operator_decorator.py                                 1           0  0.19s           2025-07-14T16:21:41
/home/airflow/.local/lib/python3.7/site-packages/airflow/example_dags/example_complex.py                                                   1           0  0.19s           2025-07-14T16:21:41
/home/airflow/.local/lib/python3.7/site-packages/airflow/example_dags/example_branch_operator.py                                           1           0  0.17s           2025-07-14T16:21:43
/home/airflow/.local/lib/python3.7/site-packages/airflow/example_dags/example_python_operator.py                                           1           0  0.17s           2025-07-14T16:21:43
/home/airflow/.local/lib/python3.7/site-packages/airflow/example_dags/example_branch_labels.py                                             1           0  0.23s           2025-07-14T16:21:43
/home/airflow/.local/lib/python3.7/site-packages/airflow/example_dags/example_latest_only.py                                               1           0  0.22s           2025-07-14T16:21:44
/home/airflow/.local/lib/python3.7/site-packages/airflow/example_dags/example_kubernetes_executor.py                                       1           0  0.24s           2025-07-14T16:21:44
/home/airflow/.local/lib/python3.7/site-packages/airflow/example_dags/example_short_circuit_operator.py                                    1           0  0.30s           2025-07-14T16:21:44
/home/airflow/.local/lib/python3.7/site-packages/airflow/example_dags/example_dag_decorator.py                                             1           0  0.42s           2025-07-14T16:21:46
/home/airflow/.local/lib/python3.7/site-packages/airflow/example_dags/example_trigger_target_dag.py                                        1           0  0.29s           2025-07-14T16:21:51
/home/airflow/.local/lib/python3.7/site-packages/airflow/example_dags/example_xcom.py                                                      1           0  0.28s           2025-07-14T16:21:51
/home/airflow/.local/lib/python3.7/site-packages/airflow/example_dags/example_local_kubernetes_executor.py                                 1           0  0.26s           2025-07-14T16:21:52
/home/airflow/.local/lib/python3.7/site-packages/airflow/example_dags/example_branch_day_of_week_operator.py                               1           0  0.26s           2025-07-14T16:21:52
/home/airflow/.local/lib/python3.7/site-packages/airflow/example_dags/example_time_delta_sensor_async.py                                   1           0  0.53s           2025-07-14T16:21:53
/home/airflow/.local/lib/python3.7/site-packages/airflow/example_dags/example_trigger_controller_dag.py                                    1           0  0.29s           2025-07-14T16:21:52
/home/airflow/.local/lib/python3.7/site-packages/airflow/example_dags/tutorial_dag.py                                                      1           0  0.30s           2025-07-14T16:21:52
/home/airflow/.local/lib/python3.7/site-packages/airflow/example_dags/tutorial_taskflow_api_virtualenv.py                                  1           0  0.31s           2025-07-14T16:21:52
/home/airflow/.local/lib/python3.7/site-packages/airflow/example_dags/example_passing_params_via_test_command.py                           1           0  0.33s           2025-07-14T16:21:53
/home/airflow/.local/lib/python3.7/site-packages/airflow/example_dags/example_task_group_decorator.py                                      1           0  0.32s           2025-07-14T16:21:53
/home/airflow/.local/lib/python3.7/site-packages/airflow/example_dags/example_branch_python_dop_operator_3.py                              1           0  0.28s           2025-07-14T16:21:53
/home/airflow/.local/lib/python3.7/site-packages/airflow/example_dags/example_sla_dag.py                                                   1           0  0.25s           2025-07-14T16:21:53
/home/airflow/.local/lib/python3.7/site-packages/airflow/example_dags/example_nested_branch_dag.py                                         1           0  0.26s           2025-07-14T16:21:54
/home/airflow/.local/lib/python3.7/site-packages/airflow/example_dags/example_task_group.py                                                1           0  0.28s           2025-07-14T16:21:54
/home/airflow/.local/lib/python3.7/site-packages/airflow/example_dags/example_skip_dag.py                                                  1           0  0.29s           2025-07-14T16:21:54
/home/airflow/.local/lib/python3.7/site-packages/airflow/example_dags/example_external_task_marker_dag.py                                  2           0  0.60s           2025-07-14T16:21:51
/home/airflow/.local/lib/python3.7/site-packages/airflow/example_dags/example_xcomargs.py                                                  2           0  0.26s           2025-07-14T16:21:53
/home/airflow/.local/lib/python3.7/site-packages/airflow/example_dags/example_subdag_operator.py                                           3           0  0.65s           2025-07-14T16:21:51
/home/airflow/.local/lib/python3.7/site-packages/airflow/example_dags/example_branch_datetime_operator.py                                  3           0  0.34s           2025-07-14T16:21:52
/home/airflow/.local/lib/python3.7/site-packages/airflow/example_dags/example_datasets.py                                                  6           0  0.38s           2025-07-14T16:21:45
================================================================================
[2025-07-14T16:22:33.533+0000] {manager.py:846} INFO - 
================================================================================
DAG File Processing Stats

File Path                                                                                                         PID    Runtime      # DAGs    # Errors  Last Runtime    Last Run
----------------------------------------------------------------------------------------------------------------  -----  ---------  --------  ----------  --------------  -------------------
/opt/airflow/dags/ckan_sdmx_pipeline.py                                                                                                    0           1  0.13s           2025-07-14T16:22:29
/home/airflow/.local/lib/python3.7/site-packages/airflow/example_dags/plugins/workday.py                                                   0           0  0.08s           2025-07-14T16:22:25
/home/airflow/.local/lib/python3.7/site-packages/airflow/example_dags/subdags/subdag.py                                                    0           0  0.08s           2025-07-14T16:22:25
/home/airflow/.local/lib/python3.7/site-packages/airflow/example_dags/example_short_circuit_decorator.py                                   1           0  0.18s           2025-07-14T16:22:10
/home/airflow/.local/lib/python3.7/site-packages/airflow/example_dags/example_bash_operator.py                                             1           0  0.18s           2025-07-14T16:22:10
/home/airflow/.local/lib/python3.7/site-packages/airflow/example_dags/tutorial_taskflow_api.py                                             1           0  0.18s           2025-07-14T16:22:10
/home/airflow/.local/lib/python3.7/site-packages/airflow/example_dags/example_latest_only_with_trigger.py                                  1           0  0.20s           2025-07-14T16:22:11
/home/airflow/.local/lib/python3.7/site-packages/airflow/example_dags/tutorial.py                                                          1           0  0.18s           2025-07-14T16:22:11
/home/airflow/.local/lib/python3.7/site-packages/airflow/example_dags/example_branch_operator_decorator.py                                 1           0  0.23s           2025-07-14T16:22:11
/home/airflow/.local/lib/python3.7/site-packages/airflow/example_dags/example_complex.py                                                   1           0  0.20s           2025-07-14T16:22:11
/home/airflow/.local/lib/python3.7/site-packages/airflow/example_dags/example_branch_operator.py                                           1           0  0.17s           2025-07-14T16:22:13
/home/airflow/.local/lib/python3.7/site-packages/airflow/example_dags/example_python_operator.py                                           1           0  0.18s           2025-07-14T16:22:13
/home/airflow/.local/lib/python3.7/site-packages/airflow/example_dags/example_branch_labels.py                                             1           0  0.18s           2025-07-14T16:22:13
/home/airflow/.local/lib/python3.7/site-packages/airflow/example_dags/example_latest_only.py                                               1           0  0.19s           2025-07-14T16:22:14
/home/airflow/.local/lib/python3.7/site-packages/airflow/example_dags/example_kubernetes_executor.py                                       1           0  0.19s           2025-07-14T16:22:14
/home/airflow/.local/lib/python3.7/site-packages/airflow/example_dags/example_short_circuit_operator.py                                    1           0  0.19s           2025-07-14T16:22:15
/home/airflow/.local/lib/python3.7/site-packages/airflow/example_dags/example_dag_decorator.py                                             1           0  0.60s           2025-07-14T16:22:16
/home/airflow/.local/lib/python3.7/site-packages/airflow/example_dags/example_trigger_target_dag.py                                        1           0  0.30s           2025-07-14T16:22:23
/home/airflow/.local/lib/python3.7/site-packages/airflow/example_dags/example_xcom.py                                                      1           0  0.30s           2025-07-14T16:22:23
/home/airflow/.local/lib/python3.7/site-packages/airflow/example_dags/example_local_kubernetes_executor.py                                 1           0  0.28s           2025-07-14T16:22:23
/home/airflow/.local/lib/python3.7/site-packages/airflow/example_dags/example_branch_day_of_week_operator.py                               1           0  0.27s           2025-07-14T16:22:23
/home/airflow/.local/lib/python3.7/site-packages/airflow/example_dags/example_time_delta_sensor_async.py                                   1           0  0.50s           2025-07-14T16:22:25
/home/airflow/.local/lib/python3.7/site-packages/airflow/example_dags/example_trigger_controller_dag.py                                    1           0  0.24s           2025-07-14T16:22:23
/home/airflow/.local/lib/python3.7/site-packages/airflow/example_dags/tutorial_dag.py                                                      1           0  0.24s           2025-07-14T16:22:23
/home/airflow/.local/lib/python3.7/site-packages/airflow/example_dags/tutorial_taskflow_api_virtualenv.py                                  1           0  0.38s           2025-07-14T16:22:24
/home/airflow/.local/lib/python3.7/site-packages/airflow/example_dags/example_passing_params_via_test_command.py                           1           0  0.32s           2025-07-14T16:22:24
/home/airflow/.local/lib/python3.7/site-packages/airflow/example_dags/example_task_group_decorator.py                                      1           0  0.28s           2025-07-14T16:22:24
/home/airflow/.local/lib/python3.7/site-packages/airflow/example_dags/example_branch_python_dop_operator_3.py                              1           0  0.24s           2025-07-14T16:22:24
/home/airflow/.local/lib/python3.7/site-packages/airflow/example_dags/example_sla_dag.py                                                   1           0  0.23s           2025-07-14T16:22:24
/home/airflow/.local/lib/python3.7/site-packages/airflow/example_dags/example_nested_branch_dag.py                                         1           0  0.24s           2025-07-14T16:22:25
/home/airflow/.local/lib/python3.7/site-packages/airflow/example_dags/example_task_group.py                                                1           0  0.23s           2025-07-14T16:22:25
/home/airflow/.local/lib/python3.7/site-packages/airflow/example_dags/example_skip_dag.py                                                  1           0  0.24s           2025-07-14T16:22:25
/home/airflow/.local/lib/python3.7/site-packages/airflow/example_dags/example_external_task_marker_dag.py                                  2           0  1.00s           2025-07-14T16:22:22
/home/airflow/.local/lib/python3.7/site-packages/airflow/example_dags/example_xcomargs.py                                                  2           0  0.24s           2025-07-14T16:22:24
/home/airflow/.local/lib/python3.7/site-packages/airflow/example_dags/example_subdag_operator.py                                           3           0  1.06s           2025-07-14T16:22:22
/home/airflow/.local/lib/python3.7/site-packages/airflow/example_dags/example_branch_datetime_operator.py                                  3           0  0.42s           2025-07-14T16:22:24
/home/airflow/.local/lib/python3.7/site-packages/airflow/example_dags/example_datasets.py                                                  6           0  0.53s           2025-07-14T16:22:16
================================================================================
[2025-07-14T16:23:04.340+0000] {manager.py:846} INFO - 
================================================================================
DAG File Processing Stats

File Path                                                                                                         PID    Runtime      # DAGs    # Errors  Last Runtime    Last Run
----------------------------------------------------------------------------------------------------------------  -----  ---------  --------  ----------  --------------  -------------------
/opt/airflow/dags/ckan_sdmx_pipeline.py                                                                                                    0           1  0.18s           2025-07-14T16:23:00
/home/airflow/.local/lib/python3.7/site-packages/airflow/example_dags/plugins/workday.py                                                   0           0  0.08s           2025-07-14T16:22:56
/home/airflow/.local/lib/python3.7/site-packages/airflow/example_dags/subdags/subdag.py                                                    0           0  0.09s           2025-07-14T16:22:56
/home/airflow/.local/lib/python3.7/site-packages/airflow/example_dags/example_short_circuit_decorator.py                                   1           0  0.19s           2025-07-14T16:22:41
/home/airflow/.local/lib/python3.7/site-packages/airflow/example_dags/example_bash_operator.py                                             1           0  0.20s           2025-07-14T16:22:41
/home/airflow/.local/lib/python3.7/site-packages/airflow/example_dags/tutorial_taskflow_api.py                                             1           0  0.26s           2025-07-14T16:22:42
/home/airflow/.local/lib/python3.7/site-packages/airflow/example_dags/example_latest_only_with_trigger.py                                  1           0  0.26s           2025-07-14T16:22:42
/home/airflow/.local/lib/python3.7/site-packages/airflow/example_dags/tutorial.py                                                          1           0  0.27s           2025-07-14T16:22:42
/home/airflow/.local/lib/python3.7/site-packages/airflow/example_dags/example_branch_operator_decorator.py                                 1           0  0.27s           2025-07-14T16:22:42
/home/airflow/.local/lib/python3.7/site-packages/airflow/example_dags/example_complex.py                                                   1           0  0.27s           2025-07-14T16:22:42
/home/airflow/.local/lib/python3.7/site-packages/airflow/example_dags/example_branch_operator.py                                           1           0  0.15s           2025-07-14T16:22:43
/home/airflow/.local/lib/python3.7/site-packages/airflow/example_dags/example_python_operator.py                                           1           0  0.16s           2025-07-14T16:22:43
/home/airflow/.local/lib/python3.7/site-packages/airflow/example_dags/example_branch_labels.py                                             1           0  0.20s           2025-07-14T16:22:43
/home/airflow/.local/lib/python3.7/site-packages/airflow/example_dags/example_latest_only.py                                               1           0  0.17s           2025-07-14T16:22:44
/home/airflow/.local/lib/python3.7/site-packages/airflow/example_dags/example_kubernetes_executor.py                                       1           0  0.18s           2025-07-14T16:22:45
/home/airflow/.local/lib/python3.7/site-packages/airflow/example_dags/example_short_circuit_operator.py                                    1           0  0.23s           2025-07-14T16:22:45
/home/airflow/.local/lib/python3.7/site-packages/airflow/example_dags/example_dag_decorator.py                                             1           0  0.65s           2025-07-14T16:22:47
/home/airflow/.local/lib/python3.7/site-packages/airflow/example_dags/example_trigger_target_dag.py                                        1           0  0.16s           2025-07-14T16:22:53
/home/airflow/.local/lib/python3.7/site-packages/airflow/example_dags/example_xcom.py                                                      1           0  0.16s           2025-07-14T16:22:53
/home/airflow/.local/lib/python3.7/site-packages/airflow/example_dags/example_local_kubernetes_executor.py                                 1           0  0.15s           2025-07-14T16:22:54
/home/airflow/.local/lib/python3.7/site-packages/airflow/example_dags/example_branch_day_of_week_operator.py                               1           0  0.15s           2025-07-14T16:22:54
/home/airflow/.local/lib/python3.7/site-packages/airflow/example_dags/example_time_delta_sensor_async.py                                   1           0  0.48s           2025-07-14T16:22:55
/home/airflow/.local/lib/python3.7/site-packages/airflow/example_dags/example_trigger_controller_dag.py                                    1           0  0.16s           2025-07-14T16:22:54
/home/airflow/.local/lib/python3.7/site-packages/airflow/example_dags/tutorial_dag.py                                                      1           0  0.13s           2025-07-14T16:22:54
/home/airflow/.local/lib/python3.7/site-packages/airflow/example_dags/tutorial_taskflow_api_virtualenv.py                                  1           0  0.14s           2025-07-14T16:22:54
/home/airflow/.local/lib/python3.7/site-packages/airflow/example_dags/example_passing_params_via_test_command.py                           1           0  0.16s           2025-07-14T16:22:54
/home/airflow/.local/lib/python3.7/site-packages/airflow/example_dags/example_task_group_decorator.py                                      1           0  0.15s           2025-07-14T16:22:55
/home/airflow/.local/lib/python3.7/site-packages/airflow/example_dags/example_branch_python_dop_operator_3.py                              1           0  0.16s           2025-07-14T16:22:55
/home/airflow/.local/lib/python3.7/site-packages/airflow/example_dags/example_sla_dag.py                                                   1           0  0.16s           2025-07-14T16:22:55
/home/airflow/.local/lib/python3.7/site-packages/airflow/example_dags/example_nested_branch_dag.py                                         1           0  0.20s           2025-07-14T16:22:55
/home/airflow/.local/lib/python3.7/site-packages/airflow/example_dags/example_task_group.py                                                1           0  0.28s           2025-07-14T16:22:55
/home/airflow/.local/lib/python3.7/site-packages/airflow/example_dags/example_skip_dag.py                                                  1           0  0.33s           2025-07-14T16:22:56
/home/airflow/.local/lib/python3.7/site-packages/airflow/example_dags/example_external_task_marker_dag.py                                  2           0  0.30s           2025-07-14T16:22:53
/home/airflow/.local/lib/python3.7/site-packages/airflow/example_dags/example_xcomargs.py                                                  2           0  0.18s           2025-07-14T16:22:55
/home/airflow/.local/lib/python3.7/site-packages/airflow/example_dags/example_subdag_operator.py                                           3           0  0.32s           2025-07-14T16:22:53
/home/airflow/.local/lib/python3.7/site-packages/airflow/example_dags/example_branch_datetime_operator.py                                  3           0  0.16s           2025-07-14T16:22:54
/home/airflow/.local/lib/python3.7/site-packages/airflow/example_dags/example_datasets.py                                                  6           0  0.60s           2025-07-14T16:22:47
================================================================================
[2025-07-14T16:23:34.451+0000] {manager.py:846} INFO - 
================================================================================
DAG File Processing Stats

File Path                                                                                                         PID    Runtime      # DAGs    # Errors  Last Runtime    Last Run
----------------------------------------------------------------------------------------------------------------  -----  ---------  --------  ----------  --------------  -------------------
/opt/airflow/dags/ckan_sdmx_pipeline.py                                                                                                    0           1  0.11s           2025-07-14T16:23:30
/home/airflow/.local/lib/python3.7/site-packages/airflow/example_dags/plugins/workday.py                                                   0           0  0.08s           2025-07-14T16:23:27
/home/airflow/.local/lib/python3.7/site-packages/airflow/example_dags/subdags/subdag.py                                                    0           0  0.07s           2025-07-14T16:23:27
/home/airflow/.local/lib/python3.7/site-packages/airflow/example_dags/example_short_circuit_decorator.py                                   1           0  0.19s           2025-07-14T16:23:12
/home/airflow/.local/lib/python3.7/site-packages/airflow/example_dags/example_bash_operator.py                                             1           0  0.20s           2025-07-14T16:23:12
/home/airflow/.local/lib/python3.7/site-packages/airflow/example_dags/tutorial_taskflow_api.py                                             1           0  0.19s           2025-07-14T16:23:12
/home/airflow/.local/lib/python3.7/site-packages/airflow/example_dags/example_latest_only_with_trigger.py                                  1           0  0.20s           2025-07-14T16:23:12
/home/airflow/.local/lib/python3.7/site-packages/airflow/example_dags/tutorial.py                                                          1           0  0.20s           2025-07-14T16:23:13
/home/airflow/.local/lib/python3.7/site-packages/airflow/example_dags/example_branch_operator_decorator.py                                 1           0  0.22s           2025-07-14T16:23:13
/home/airflow/.local/lib/python3.7/site-packages/airflow/example_dags/example_complex.py                                                   1           0  0.26s           2025-07-14T16:23:13
/home/airflow/.local/lib/python3.7/site-packages/airflow/example_dags/example_branch_operator.py                                           1           0  0.21s           2025-07-14T16:23:14
/home/airflow/.local/lib/python3.7/site-packages/airflow/example_dags/example_python_operator.py                                           1           0  0.22s           2025-07-14T16:23:14
/home/airflow/.local/lib/python3.7/site-packages/airflow/example_dags/example_branch_labels.py                                             1           0  0.19s           2025-07-14T16:23:14
/home/airflow/.local/lib/python3.7/site-packages/airflow/example_dags/example_latest_only.py                                               1           0  0.18s           2025-07-14T16:23:15
/home/airflow/.local/lib/python3.7/site-packages/airflow/example_dags/example_kubernetes_executor.py                                       1           0  0.21s           2025-07-14T16:23:15
/home/airflow/.local/lib/python3.7/site-packages/airflow/example_dags/example_short_circuit_operator.py                                    1           0  0.20s           2025-07-14T16:23:15
/home/airflow/.local/lib/python3.7/site-packages/airflow/example_dags/example_dag_decorator.py                                             1           0  0.29s           2025-07-14T16:23:18
/home/airflow/.local/lib/python3.7/site-packages/airflow/example_dags/example_trigger_target_dag.py                                        1           0  0.21s           2025-07-14T16:23:23
/home/airflow/.local/lib/python3.7/site-packages/airflow/example_dags/example_xcom.py                                                      1           0  0.21s           2025-07-14T16:23:23
/home/airflow/.local/lib/python3.7/site-packages/airflow/example_dags/example_local_kubernetes_executor.py                                 1           0  0.21s           2025-07-14T16:23:25
/home/airflow/.local/lib/python3.7/site-packages/airflow/example_dags/example_branch_day_of_week_operator.py                               1           0  0.19s           2025-07-14T16:23:25
/home/airflow/.local/lib/python3.7/site-packages/airflow/example_dags/example_time_delta_sensor_async.py                                   1           0  0.80s           2025-07-14T16:23:27
/home/airflow/.local/lib/python3.7/site-packages/airflow/example_dags/example_trigger_controller_dag.py                                    1           0  0.19s           2025-07-14T16:23:25
/home/airflow/.local/lib/python3.7/site-packages/airflow/example_dags/tutorial_dag.py                                                      1           0  0.21s           2025-07-14T16:23:25
/home/airflow/.local/lib/python3.7/site-packages/airflow/example_dags/tutorial_taskflow_api_virtualenv.py                                  1           0  0.24s           2025-07-14T16:23:25
/home/airflow/.local/lib/python3.7/site-packages/airflow/example_dags/example_passing_params_via_test_command.py                           1           0  0.36s           2025-07-14T16:23:25
/home/airflow/.local/lib/python3.7/site-packages/airflow/example_dags/example_task_group_decorator.py                                      1           0  0.28s           2025-07-14T16:23:26
/home/airflow/.local/lib/python3.7/site-packages/airflow/example_dags/example_branch_python_dop_operator_3.py                              1           0  0.26s           2025-07-14T16:23:26
/home/airflow/.local/lib/python3.7/site-packages/airflow/example_dags/example_sla_dag.py                                                   1           0  0.29s           2025-07-14T16:23:26
/home/airflow/.local/lib/python3.7/site-packages/airflow/example_dags/example_nested_branch_dag.py                                         1           0  0.44s           2025-07-14T16:23:26
/home/airflow/.local/lib/python3.7/site-packages/airflow/example_dags/example_task_group.py                                                1           0  0.24s           2025-07-14T16:23:27
/home/airflow/.local/lib/python3.7/site-packages/airflow/example_dags/example_skip_dag.py                                                  1           0  0.23s           2025-07-14T16:23:27
/home/airflow/.local/lib/python3.7/site-packages/airflow/example_dags/example_external_task_marker_dag.py                                  2           0  0.38s           2025-07-14T16:23:23
/home/airflow/.local/lib/python3.7/site-packages/airflow/example_dags/example_xcomargs.py                                                  2           0  0.28s           2025-07-14T16:23:26
/home/airflow/.local/lib/python3.7/site-packages/airflow/example_dags/example_subdag_operator.py                                           3           0  0.42s           2025-07-14T16:23:23
/home/airflow/.local/lib/python3.7/site-packages/airflow/example_dags/example_branch_datetime_operator.py                                  3           0  0.34s           2025-07-14T16:23:25
/home/airflow/.local/lib/python3.7/site-packages/airflow/example_dags/example_datasets.py                                                  6           0  0.26s           2025-07-14T16:23:18
================================================================================
[2025-07-14T16:24:05.384+0000] {manager.py:846} INFO - 
================================================================================
DAG File Processing Stats

File Path                                                                                                         PID    Runtime      # DAGs    # Errors  Last Runtime    Last Run
----------------------------------------------------------------------------------------------------------------  -----  ---------  --------  ----------  --------------  -------------------
/opt/airflow/dags/ckan_sdmx_pipeline.py                                                                                                    0           1  0.11s           2025-07-14T16:24:01
/home/airflow/.local/lib/python3.7/site-packages/airflow/example_dags/plugins/workday.py                                                   0           0  0.07s           2025-07-14T16:23:58
/home/airflow/.local/lib/python3.7/site-packages/airflow/example_dags/subdags/subdag.py                                                    0           0  0.07s           2025-07-14T16:23:58
/home/airflow/.local/lib/python3.7/site-packages/airflow/example_dags/example_short_circuit_decorator.py                                   1           0  0.16s           2025-07-14T16:23:42
/home/airflow/.local/lib/python3.7/site-packages/airflow/example_dags/example_bash_operator.py                                             1           0  0.19s           2025-07-14T16:23:42
/home/airflow/.local/lib/python3.7/site-packages/airflow/example_dags/tutorial_taskflow_api.py                                             1           0  0.18s           2025-07-14T16:23:43
/home/airflow/.local/lib/python3.7/site-packages/airflow/example_dags/example_latest_only_with_trigger.py                                  1           0  0.17s           2025-07-14T16:23:43
/home/airflow/.local/lib/python3.7/site-packages/airflow/example_dags/tutorial.py                                                          1           0  0.18s           2025-07-14T16:23:43
/home/airflow/.local/lib/python3.7/site-packages/airflow/example_dags/example_branch_operator_decorator.py                                 1           0  0.19s           2025-07-14T16:23:43
/home/airflow/.local/lib/python3.7/site-packages/airflow/example_dags/example_complex.py                                                   1           0  0.18s           2025-07-14T16:23:43
/home/airflow/.local/lib/python3.7/site-packages/airflow/example_dags/example_branch_operator.py                                           1           0  0.15s           2025-07-14T16:23:44
/home/airflow/.local/lib/python3.7/site-packages/airflow/example_dags/example_python_operator.py                                           1           0  0.15s           2025-07-14T16:23:44
/home/airflow/.local/lib/python3.7/site-packages/airflow/example_dags/example_branch_labels.py                                             1           0  0.16s           2025-07-14T16:23:44
/home/airflow/.local/lib/python3.7/site-packages/airflow/example_dags/example_latest_only.py                                               1           0  0.16s           2025-07-14T16:23:45
/home/airflow/.local/lib/python3.7/site-packages/airflow/example_dags/example_kubernetes_executor.py                                       1           0  0.16s           2025-07-14T16:23:45
/home/airflow/.local/lib/python3.7/site-packages/airflow/example_dags/example_short_circuit_operator.py                                    1           0  0.17s           2025-07-14T16:23:46
/home/airflow/.local/lib/python3.7/site-packages/airflow/example_dags/example_dag_decorator.py                                             1           0  0.32s           2025-07-14T16:23:49
/home/airflow/.local/lib/python3.7/site-packages/airflow/example_dags/example_trigger_target_dag.py                                        1           0  0.14s           2025-07-14T16:23:54
/home/airflow/.local/lib/python3.7/site-packages/airflow/example_dags/example_xcom.py                                                      1           0  0.14s           2025-07-14T16:23:54
/home/airflow/.local/lib/python3.7/site-packages/airflow/example_dags/example_local_kubernetes_executor.py                                 1           0  0.16s           2025-07-14T16:23:55
/home/airflow/.local/lib/python3.7/site-packages/airflow/example_dags/example_branch_day_of_week_operator.py                               1           0  0.15s           2025-07-14T16:23:55
/home/airflow/.local/lib/python3.7/site-packages/airflow/example_dags/example_time_delta_sensor_async.py                                   1           0  0.53s           2025-07-14T16:23:57
/home/airflow/.local/lib/python3.7/site-packages/airflow/example_dags/example_trigger_controller_dag.py                                    1           0  0.22s           2025-07-14T16:23:56
/home/airflow/.local/lib/python3.7/site-packages/airflow/example_dags/tutorial_dag.py                                                      1           0  0.19s           2025-07-14T16:23:56
/home/airflow/.local/lib/python3.7/site-packages/airflow/example_dags/tutorial_taskflow_api_virtualenv.py                                  1           0  0.20s           2025-07-14T16:23:56
/home/airflow/.local/lib/python3.7/site-packages/airflow/example_dags/example_passing_params_via_test_command.py                           1           0  0.29s           2025-07-14T16:23:57
/home/airflow/.local/lib/python3.7/site-packages/airflow/example_dags/example_task_group_decorator.py                                      1           0  0.27s           2025-07-14T16:23:57
/home/airflow/.local/lib/python3.7/site-packages/airflow/example_dags/example_branch_python_dop_operator_3.py                              1           0  0.24s           2025-07-14T16:23:57
/home/airflow/.local/lib/python3.7/site-packages/airflow/example_dags/example_sla_dag.py                                                   1           0  0.27s           2025-07-14T16:23:57
/home/airflow/.local/lib/python3.7/site-packages/airflow/example_dags/example_nested_branch_dag.py                                         1           0  0.29s           2025-07-14T16:23:58
/home/airflow/.local/lib/python3.7/site-packages/airflow/example_dags/example_task_group.py                                                1           0  0.26s           2025-07-14T16:23:58
/home/airflow/.local/lib/python3.7/site-packages/airflow/example_dags/example_skip_dag.py                                                  1           0  0.23s           2025-07-14T16:23:58
/home/airflow/.local/lib/python3.7/site-packages/airflow/example_dags/example_external_task_marker_dag.py                                  2           0  0.33s           2025-07-14T16:23:54
/home/airflow/.local/lib/python3.7/site-packages/airflow/example_dags/example_xcomargs.py                                                  2           0  0.25s           2025-07-14T16:23:57
/home/airflow/.local/lib/python3.7/site-packages/airflow/example_dags/example_subdag_operator.py                                           3           0  0.36s           2025-07-14T16:23:54
/home/airflow/.local/lib/python3.7/site-packages/airflow/example_dags/example_branch_datetime_operator.py                                  3           0  0.37s           2025-07-14T16:23:56
/home/airflow/.local/lib/python3.7/site-packages/airflow/example_dags/example_datasets.py                                                  6           0  0.30s           2025-07-14T16:23:49
================================================================================
[2025-07-14T16:24:15.189+0000] {manager.py:724} INFO - Searching for files in /opt/airflow/dags
[2025-07-14T16:24:15.247+0000] {manager.py:727} INFO - There are 37 files in /opt/airflow/dags
[2025-07-14T16:24:35.960+0000] {manager.py:846} INFO - 
================================================================================
DAG File Processing Stats

File Path                                                                                                         PID    Runtime      # DAGs    # Errors  Last Runtime    Last Run
----------------------------------------------------------------------------------------------------------------  -----  ---------  --------  ----------  --------------  -------------------
/opt/airflow/dags/ckan_sdmx_pipeline.py                                                                                                    0           1  0.12s           2025-07-14T16:24:31
/home/airflow/.local/lib/python3.7/site-packages/airflow/example_dags/plugins/workday.py                                                   0           0  0.08s           2025-07-14T16:24:28
/home/airflow/.local/lib/python3.7/site-packages/airflow/example_dags/subdags/subdag.py                                                    0           0  0.06s           2025-07-14T16:24:28
/home/airflow/.local/lib/python3.7/site-packages/airflow/example_dags/example_short_circuit_decorator.py                                   1           0  0.19s           2025-07-14T16:24:13
/home/airflow/.local/lib/python3.7/site-packages/airflow/example_dags/example_bash_operator.py                                             1           0  0.17s           2025-07-14T16:24:13
/home/airflow/.local/lib/python3.7/site-packages/airflow/example_dags/tutorial_taskflow_api.py                                             1           0  0.16s           2025-07-14T16:24:13
/home/airflow/.local/lib/python3.7/site-packages/airflow/example_dags/example_latest_only_with_trigger.py                                  1           0  0.21s           2025-07-14T16:24:14
/home/airflow/.local/lib/python3.7/site-packages/airflow/example_dags/tutorial.py                                                          1           0  0.19s           2025-07-14T16:24:13
/home/airflow/.local/lib/python3.7/site-packages/airflow/example_dags/example_branch_operator_decorator.py                                 1           0  0.17s           2025-07-14T16:24:14
/home/airflow/.local/lib/python3.7/site-packages/airflow/example_dags/example_complex.py                                                   1           0  0.21s           2025-07-14T16:24:14
/home/airflow/.local/lib/python3.7/site-packages/airflow/example_dags/example_branch_operator.py                                           1           0  0.18s           2025-07-14T16:24:15
/home/airflow/.local/lib/python3.7/site-packages/airflow/example_dags/example_python_operator.py                                           1           0  0.18s           2025-07-14T16:24:15
/home/airflow/.local/lib/python3.7/site-packages/airflow/example_dags/example_branch_labels.py                                             1           0  0.17s           2025-07-14T16:24:15
/home/airflow/.local/lib/python3.7/site-packages/airflow/example_dags/example_latest_only.py                                               1           0  0.19s           2025-07-14T16:24:16
/home/airflow/.local/lib/python3.7/site-packages/airflow/example_dags/example_kubernetes_executor.py                                       1           0  0.20s           2025-07-14T16:24:16
/home/airflow/.local/lib/python3.7/site-packages/airflow/example_dags/example_short_circuit_operator.py                                    1           0  0.20s           2025-07-14T16:24:16
/home/airflow/.local/lib/python3.7/site-packages/airflow/example_dags/example_dag_decorator.py                                             1           0  0.19s           2025-07-14T16:24:19
/home/airflow/.local/lib/python3.7/site-packages/airflow/example_dags/example_trigger_target_dag.py                                        1           0  0.18s           2025-07-14T16:24:25
/home/airflow/.local/lib/python3.7/site-packages/airflow/example_dags/example_xcom.py                                                      1           0  0.18s           2025-07-14T16:24:25
/home/airflow/.local/lib/python3.7/site-packages/airflow/example_dags/example_local_kubernetes_executor.py                                 1           0  0.22s           2025-07-14T16:24:26
/home/airflow/.local/lib/python3.7/site-packages/airflow/example_dags/example_branch_day_of_week_operator.py                               1           0  0.20s           2025-07-14T16:24:26
/home/airflow/.local/lib/python3.7/site-packages/airflow/example_dags/example_time_delta_sensor_async.py                                   1           0  0.40s           2025-07-14T16:24:28
/home/airflow/.local/lib/python3.7/site-packages/airflow/example_dags/example_trigger_controller_dag.py                                    1           0  0.30s           2025-07-14T16:24:26
/home/airflow/.local/lib/python3.7/site-packages/airflow/example_dags/tutorial_dag.py                                                      1           0  0.16s           2025-07-14T16:24:27
/home/airflow/.local/lib/python3.7/site-packages/airflow/example_dags/tutorial_taskflow_api_virtualenv.py                                  1           0  0.16s           2025-07-14T16:24:27
/home/airflow/.local/lib/python3.7/site-packages/airflow/example_dags/example_passing_params_via_test_command.py                           1           0  0.20s           2025-07-14T16:24:27
/home/airflow/.local/lib/python3.7/site-packages/airflow/example_dags/example_task_group_decorator.py                                      1           0  0.21s           2025-07-14T16:24:27
/home/airflow/.local/lib/python3.7/site-packages/airflow/example_dags/example_branch_python_dop_operator_3.py                              1           0  0.20s           2025-07-14T16:24:27
/home/airflow/.local/lib/python3.7/site-packages/airflow/example_dags/example_sla_dag.py                                                   1           0  0.18s           2025-07-14T16:24:28
/home/airflow/.local/lib/python3.7/site-packages/airflow/example_dags/example_nested_branch_dag.py                                         1           0  0.19s           2025-07-14T16:24:28
/home/airflow/.local/lib/python3.7/site-packages/airflow/example_dags/example_task_group.py                                                1           0  0.21s           2025-07-14T16:24:28
/home/airflow/.local/lib/python3.7/site-packages/airflow/example_dags/example_skip_dag.py                                                  1           0  0.19s           2025-07-14T16:24:28
/home/airflow/.local/lib/python3.7/site-packages/airflow/example_dags/example_external_task_marker_dag.py                                  2           0  0.34s           2025-07-14T16:24:25
/home/airflow/.local/lib/python3.7/site-packages/airflow/example_dags/example_xcomargs.py                                                  2           0  0.20s           2025-07-14T16:24:27
/home/airflow/.local/lib/python3.7/site-packages/airflow/example_dags/example_subdag_operator.py                                           3           0  0.38s           2025-07-14T16:24:25
/home/airflow/.local/lib/python3.7/site-packages/airflow/example_dags/example_branch_datetime_operator.py                                  3           0  0.19s           2025-07-14T16:24:27
/home/airflow/.local/lib/python3.7/site-packages/airflow/example_dags/example_datasets.py                                                  6           0  0.17s           2025-07-14T16:24:19
================================================================================
[2025-07-14T16:25:06.091+0000] {manager.py:846} INFO - 
================================================================================
DAG File Processing Stats

File Path                                                                                                         PID    Runtime      # DAGs    # Errors  Last Runtime    Last Run
----------------------------------------------------------------------------------------------------------------  -----  ---------  --------  ----------  --------------  -------------------
/opt/airflow/dags/ckan_sdmx_pipeline.py                                                                                                    0           1  0.10s           2025-07-14T16:25:02
/home/airflow/.local/lib/python3.7/site-packages/airflow/example_dags/plugins/workday.py                                                   0           0  0.06s           2025-07-14T16:24:58
/home/airflow/.local/lib/python3.7/site-packages/airflow/example_dags/subdags/subdag.py                                                    0           0  0.08s           2025-07-14T16:24:58
/home/airflow/.local/lib/python3.7/site-packages/airflow/example_dags/example_short_circuit_decorator.py                                   1           0  0.24s           2025-07-14T16:24:44
/home/airflow/.local/lib/python3.7/site-packages/airflow/example_dags/example_bash_operator.py                                             1           0  0.25s           2025-07-14T16:24:44
/home/airflow/.local/lib/python3.7/site-packages/airflow/example_dags/tutorial_taskflow_api.py                                             1           0  0.22s           2025-07-14T16:24:44
/home/airflow/.local/lib/python3.7/site-packages/airflow/example_dags/example_latest_only_with_trigger.py                                  1           0  0.17s           2025-07-14T16:24:44
/home/airflow/.local/lib/python3.7/site-packages/airflow/example_dags/tutorial.py                                                          1           0  0.15s           2025-07-14T16:24:44
/home/airflow/.local/lib/python3.7/site-packages/airflow/example_dags/example_branch_operator_decorator.py                                 1           0  0.18s           2025-07-14T16:24:44
/home/airflow/.local/lib/python3.7/site-packages/airflow/example_dags/example_complex.py                                                   1           0  0.21s           2025-07-14T16:24:45
/home/airflow/.local/lib/python3.7/site-packages/airflow/example_dags/example_branch_operator.py                                           1           0  0.18s           2025-07-14T16:24:46
/home/airflow/.local/lib/python3.7/site-packages/airflow/example_dags/example_python_operator.py                                           1           0  0.16s           2025-07-14T16:24:46
/home/airflow/.local/lib/python3.7/site-packages/airflow/example_dags/example_branch_labels.py                                             1           0  0.15s           2025-07-14T16:24:46
/home/airflow/.local/lib/python3.7/site-packages/airflow/example_dags/example_latest_only.py                                               1           0  0.19s           2025-07-14T16:24:47
/home/airflow/.local/lib/python3.7/site-packages/airflow/example_dags/example_kubernetes_executor.py                                       1           0  0.20s           2025-07-14T16:24:47
/home/airflow/.local/lib/python3.7/site-packages/airflow/example_dags/example_short_circuit_operator.py                                    1           0  0.17s           2025-07-14T16:24:47
/home/airflow/.local/lib/python3.7/site-packages/airflow/example_dags/example_dag_decorator.py                                             1           0  0.22s           2025-07-14T16:24:50
/home/airflow/.local/lib/python3.7/site-packages/airflow/example_dags/example_trigger_target_dag.py                                        1           0  0.17s           2025-07-14T16:24:56
/home/airflow/.local/lib/python3.7/site-packages/airflow/example_dags/example_xcom.py                                                      1           0  0.19s           2025-07-14T16:24:56
/home/airflow/.local/lib/python3.7/site-packages/airflow/example_dags/example_local_kubernetes_executor.py                                 1           0  0.16s           2025-07-14T16:24:57
/home/airflow/.local/lib/python3.7/site-packages/airflow/example_dags/example_branch_day_of_week_operator.py                               1           0  0.14s           2025-07-14T16:24:57
/home/airflow/.local/lib/python3.7/site-packages/airflow/example_dags/example_time_delta_sensor_async.py                                   1           0  0.38s           2025-07-14T16:24:58
/home/airflow/.local/lib/python3.7/site-packages/airflow/example_dags/example_trigger_controller_dag.py                                    1           0  0.15s           2025-07-14T16:24:57
/home/airflow/.local/lib/python3.7/site-packages/airflow/example_dags/tutorial_dag.py                                                      1           0  0.15s           2025-07-14T16:24:57
/home/airflow/.local/lib/python3.7/site-packages/airflow/example_dags/tutorial_taskflow_api_virtualenv.py                                  1           0  0.15s           2025-07-14T16:24:57
/home/airflow/.local/lib/python3.7/site-packages/airflow/example_dags/example_passing_params_via_test_command.py                           1           0  0.17s           2025-07-14T16:24:57
/home/airflow/.local/lib/python3.7/site-packages/airflow/example_dags/example_task_group_decorator.py                                      1           0  0.16s           2025-07-14T16:24:57
/home/airflow/.local/lib/python3.7/site-packages/airflow/example_dags/example_branch_python_dop_operator_3.py                              1           0  0.18s           2025-07-14T16:24:58
/home/airflow/.local/lib/python3.7/site-packages/airflow/example_dags/example_sla_dag.py                                                   1           0  0.15s           2025-07-14T16:24:58
/home/airflow/.local/lib/python3.7/site-packages/airflow/example_dags/example_nested_branch_dag.py                                         1           0  0.15s           2025-07-14T16:24:58
/home/airflow/.local/lib/python3.7/site-packages/airflow/example_dags/example_task_group.py                                                1           0  0.20s           2025-07-14T16:24:58
/home/airflow/.local/lib/python3.7/site-packages/airflow/example_dags/example_skip_dag.py                                                  1           0  0.21s           2025-07-14T16:24:59
/home/airflow/.local/lib/python3.7/site-packages/airflow/example_dags/example_external_task_marker_dag.py                                  2           0  0.33s           2025-07-14T16:24:55
/home/airflow/.local/lib/python3.7/site-packages/airflow/example_dags/example_xcomargs.py                                                  2           0  0.18s           2025-07-14T16:24:58
/home/airflow/.local/lib/python3.7/site-packages/airflow/example_dags/example_subdag_operator.py                                           3           0  0.34s           2025-07-14T16:24:55
/home/airflow/.local/lib/python3.7/site-packages/airflow/example_dags/example_branch_datetime_operator.py                                  3           0  0.19s           2025-07-14T16:24:57
/home/airflow/.local/lib/python3.7/site-packages/airflow/example_dags/example_datasets.py                                                  6           0  0.21s           2025-07-14T16:24:50
================================================================================
[2025-07-14T16:25:36.323+0000] {manager.py:846} INFO - 
================================================================================
DAG File Processing Stats

File Path                                                                                                         PID    Runtime      # DAGs    # Errors  Last Runtime    Last Run
----------------------------------------------------------------------------------------------------------------  -----  ---------  --------  ----------  --------------  -------------------
/opt/airflow/dags/ckan_sdmx_pipeline.py                                                                                                    0           1  0.15s           2025-07-14T16:25:32
/home/airflow/.local/lib/python3.7/site-packages/airflow/example_dags/plugins/workday.py                                                   0           0  0.09s           2025-07-14T16:25:30
/home/airflow/.local/lib/python3.7/site-packages/airflow/example_dags/subdags/subdag.py                                                    0           0  0.12s           2025-07-14T16:25:30
/home/airflow/.local/lib/python3.7/site-packages/airflow/example_dags/example_short_circuit_decorator.py                                   1           0  0.19s           2025-07-14T16:25:15
/home/airflow/.local/lib/python3.7/site-packages/airflow/example_dags/example_bash_operator.py                                             1           0  0.19s           2025-07-14T16:25:15
/home/airflow/.local/lib/python3.7/site-packages/airflow/example_dags/tutorial_taskflow_api.py                                             1           0  0.21s           2025-07-14T16:25:15
/home/airflow/.local/lib/python3.7/site-packages/airflow/example_dags/example_latest_only_with_trigger.py                                  1           0  0.19s           2025-07-14T16:25:15
/home/airflow/.local/lib/python3.7/site-packages/airflow/example_dags/tutorial.py                                                          1           0  0.19s           2025-07-14T16:25:15
/home/airflow/.local/lib/python3.7/site-packages/airflow/example_dags/example_branch_operator_decorator.py                                 1           0  0.31s           2025-07-14T16:25:16
/home/airflow/.local/lib/python3.7/site-packages/airflow/example_dags/example_complex.py                                                   1           0  0.26s           2025-07-14T16:25:16
/home/airflow/.local/lib/python3.7/site-packages/airflow/example_dags/example_branch_operator.py                                           1           0  0.29s           2025-07-14T16:25:16
/home/airflow/.local/lib/python3.7/site-packages/airflow/example_dags/example_python_operator.py                                           1           0  0.28s           2025-07-14T16:25:16
/home/airflow/.local/lib/python3.7/site-packages/airflow/example_dags/example_branch_labels.py                                             1           0  0.15s           2025-07-14T16:25:16
/home/airflow/.local/lib/python3.7/site-packages/airflow/example_dags/example_latest_only.py                                               1           0  0.17s           2025-07-14T16:25:17
/home/airflow/.local/lib/python3.7/site-packages/airflow/example_dags/example_kubernetes_executor.py                                       1           0  0.17s           2025-07-14T16:25:17
/home/airflow/.local/lib/python3.7/site-packages/airflow/example_dags/example_short_circuit_operator.py                                    1           0  0.15s           2025-07-14T16:25:18
/home/airflow/.local/lib/python3.7/site-packages/airflow/example_dags/example_dag_decorator.py                                             1           0  0.34s           2025-07-14T16:25:21
/home/airflow/.local/lib/python3.7/site-packages/airflow/example_dags/example_trigger_target_dag.py                                        1           0  0.19s           2025-07-14T16:25:26
/home/airflow/.local/lib/python3.7/site-packages/airflow/example_dags/example_xcom.py                                                      1           0  0.22s           2025-07-14T16:25:27
/home/airflow/.local/lib/python3.7/site-packages/airflow/example_dags/example_local_kubernetes_executor.py                                 1           0  0.25s           2025-07-14T16:25:28
/home/airflow/.local/lib/python3.7/site-packages/airflow/example_dags/example_branch_day_of_week_operator.py                               1           0  0.24s           2025-07-14T16:25:28
/home/airflow/.local/lib/python3.7/site-packages/airflow/example_dags/example_time_delta_sensor_async.py                                   1           0  0.67s           2025-07-14T16:25:29
/home/airflow/.local/lib/python3.7/site-packages/airflow/example_dags/example_trigger_controller_dag.py                                    1           0  0.18s           2025-07-14T16:25:28
/home/airflow/.local/lib/python3.7/site-packages/airflow/example_dags/tutorial_dag.py                                                      1           0  0.22s           2025-07-14T16:25:28
/home/airflow/.local/lib/python3.7/site-packages/airflow/example_dags/tutorial_taskflow_api_virtualenv.py                                  1           0  0.21s           2025-07-14T16:25:28
/home/airflow/.local/lib/python3.7/site-packages/airflow/example_dags/example_passing_params_via_test_command.py                           1           0  0.25s           2025-07-14T16:25:29
/home/airflow/.local/lib/python3.7/site-packages/airflow/example_dags/example_task_group_decorator.py                                      1           0  0.26s           2025-07-14T16:25:29
/home/airflow/.local/lib/python3.7/site-packages/airflow/example_dags/example_branch_python_dop_operator_3.py                              1           0  0.29s           2025-07-14T16:25:30
/home/airflow/.local/lib/python3.7/site-packages/airflow/example_dags/example_sla_dag.py                                                   1           0  0.26s           2025-07-14T16:25:30
/home/airflow/.local/lib/python3.7/site-packages/airflow/example_dags/example_nested_branch_dag.py                                         1           0  0.27s           2025-07-14T16:25:30
/home/airflow/.local/lib/python3.7/site-packages/airflow/example_dags/example_task_group.py                                                1           0  0.25s           2025-07-14T16:25:30
/home/airflow/.local/lib/python3.7/site-packages/airflow/example_dags/example_skip_dag.py                                                  1           0  0.29s           2025-07-14T16:25:31
/home/airflow/.local/lib/python3.7/site-packages/airflow/example_dags/example_external_task_marker_dag.py                                  2           0  0.48s           2025-07-14T16:25:26
/home/airflow/.local/lib/python3.7/site-packages/airflow/example_dags/example_xcomargs.py                                                  2           0  0.27s           2025-07-14T16:25:30
/home/airflow/.local/lib/python3.7/site-packages/airflow/example_dags/example_subdag_operator.py                                           3           0  0.50s           2025-07-14T16:25:26
/home/airflow/.local/lib/python3.7/site-packages/airflow/example_dags/example_branch_datetime_operator.py                                  3           0  0.27s           2025-07-14T16:25:28
/home/airflow/.local/lib/python3.7/site-packages/airflow/example_dags/example_datasets.py                                                  6           0  0.30s           2025-07-14T16:25:21
================================================================================
[2025-07-14T16:26:06.712+0000] {manager.py:846} INFO - 
================================================================================
DAG File Processing Stats

File Path                                                                                                         PID    Runtime      # DAGs    # Errors  Last Runtime    Last Run
----------------------------------------------------------------------------------------------------------------  -----  ---------  --------  ----------  --------------  -------------------
/opt/airflow/dags/ckan_sdmx_pipeline.py                                                                                                    0           1  0.13s           2025-07-14T16:26:02
/home/airflow/.local/lib/python3.7/site-packages/airflow/example_dags/plugins/workday.py                                                   0           0  0.10s           2025-07-14T16:26:01
/home/airflow/.local/lib/python3.7/site-packages/airflow/example_dags/subdags/subdag.py                                                    0           0  0.09s           2025-07-14T16:26:01
/home/airflow/.local/lib/python3.7/site-packages/airflow/example_dags/example_short_circuit_decorator.py                                   1           0  0.41s           2025-07-14T16:25:45
/home/airflow/.local/lib/python3.7/site-packages/airflow/example_dags/example_bash_operator.py                                             1           0  0.45s           2025-07-14T16:25:45
/home/airflow/.local/lib/python3.7/site-packages/airflow/example_dags/tutorial_taskflow_api.py                                             1           0  0.43s           2025-07-14T16:25:46
/home/airflow/.local/lib/python3.7/site-packages/airflow/example_dags/example_latest_only_with_trigger.py                                  1           0  0.52s           2025-07-14T16:25:46
/home/airflow/.local/lib/python3.7/site-packages/airflow/example_dags/tutorial.py                                                          1           0  0.84s           2025-07-14T16:25:47
/home/airflow/.local/lib/python3.7/site-packages/airflow/example_dags/example_branch_operator_decorator.py                                 1           0  1.07s           2025-07-14T16:25:47
/home/airflow/.local/lib/python3.7/site-packages/airflow/example_dags/example_complex.py                                                   1           0  0.66s           2025-07-14T16:25:47
/home/airflow/.local/lib/python3.7/site-packages/airflow/example_dags/example_branch_operator.py                                           1           0  0.47s           2025-07-14T16:25:48
/home/airflow/.local/lib/python3.7/site-packages/airflow/example_dags/example_python_operator.py                                           1           0  0.65s           2025-07-14T16:25:48
/home/airflow/.local/lib/python3.7/site-packages/airflow/example_dags/example_branch_labels.py                                             1           0  0.50s           2025-07-14T16:25:48
/home/airflow/.local/lib/python3.7/site-packages/airflow/example_dags/example_latest_only.py                                               1           0  0.41s           2025-07-14T16:25:48
/home/airflow/.local/lib/python3.7/site-packages/airflow/example_dags/example_kubernetes_executor.py                                       1           0  0.55s           2025-07-14T16:25:49
/home/airflow/.local/lib/python3.7/site-packages/airflow/example_dags/example_short_circuit_operator.py                                    1           0  0.61s           2025-07-14T16:25:49
/home/airflow/.local/lib/python3.7/site-packages/airflow/example_dags/example_dag_decorator.py                                             1           0  0.48s           2025-07-14T16:25:52
/home/airflow/.local/lib/python3.7/site-packages/airflow/example_dags/example_trigger_target_dag.py                                        1           0  0.44s           2025-07-14T16:25:58
/home/airflow/.local/lib/python3.7/site-packages/airflow/example_dags/example_xcom.py                                                      1           0  0.45s           2025-07-14T16:25:58
/home/airflow/.local/lib/python3.7/site-packages/airflow/example_dags/example_local_kubernetes_executor.py                                 1           0  0.29s           2025-07-14T16:25:58
/home/airflow/.local/lib/python3.7/site-packages/airflow/example_dags/example_branch_day_of_week_operator.py                               1           0  0.26s           2025-07-14T16:25:58
/home/airflow/.local/lib/python3.7/site-packages/airflow/example_dags/example_time_delta_sensor_async.py                                   1           0  0.61s           2025-07-14T16:26:00
/home/airflow/.local/lib/python3.7/site-packages/airflow/example_dags/example_trigger_controller_dag.py                                    1           0  0.28s           2025-07-14T16:25:58
/home/airflow/.local/lib/python3.7/site-packages/airflow/example_dags/tutorial_dag.py                                                      1           0  0.32s           2025-07-14T16:25:59
/home/airflow/.local/lib/python3.7/site-packages/airflow/example_dags/tutorial_taskflow_api_virtualenv.py                                  1           0  0.33s           2025-07-14T16:25:59
/home/airflow/.local/lib/python3.7/site-packages/airflow/example_dags/example_passing_params_via_test_command.py                           1           0  0.47s           2025-07-14T16:25:59
/home/airflow/.local/lib/python3.7/site-packages/airflow/example_dags/example_task_group_decorator.py                                      1           0  0.44s           2025-07-14T16:25:59
/home/airflow/.local/lib/python3.7/site-packages/airflow/example_dags/example_branch_python_dop_operator_3.py                              1           0  0.28s           2025-07-14T16:26:00
/home/airflow/.local/lib/python3.7/site-packages/airflow/example_dags/example_sla_dag.py                                                   1           0  0.35s           2025-07-14T16:26:01
/home/airflow/.local/lib/python3.7/site-packages/airflow/example_dags/example_nested_branch_dag.py                                         1           0  0.42s           2025-07-14T16:26:01
/home/airflow/.local/lib/python3.7/site-packages/airflow/example_dags/example_task_group.py                                                1           0  0.32s           2025-07-14T16:26:01
/home/airflow/.local/lib/python3.7/site-packages/airflow/example_dags/example_skip_dag.py                                                  1           0  0.27s           2025-07-14T16:26:01
/home/airflow/.local/lib/python3.7/site-packages/airflow/example_dags/example_external_task_marker_dag.py                                  2           0  0.65s           2025-07-14T16:25:57
/home/airflow/.local/lib/python3.7/site-packages/airflow/example_dags/example_xcomargs.py                                                  2           0  0.28s           2025-07-14T16:26:00
/home/airflow/.local/lib/python3.7/site-packages/airflow/example_dags/example_subdag_operator.py                                           3           0  0.71s           2025-07-14T16:25:57
/home/airflow/.local/lib/python3.7/site-packages/airflow/example_dags/example_branch_datetime_operator.py                                  3           0  0.30s           2025-07-14T16:25:59
/home/airflow/.local/lib/python3.7/site-packages/airflow/example_dags/example_datasets.py                                                  6           0  0.42s           2025-07-14T16:25:52
================================================================================
[2025-07-14T16:26:36.973+0000] {manager.py:846} INFO - 
================================================================================
DAG File Processing Stats

File Path                                                                                                         PID    Runtime      # DAGs    # Errors  Last Runtime    Last Run
----------------------------------------------------------------------------------------------------------------  -----  ---------  --------  ----------  --------------  -------------------
/opt/airflow/dags/ckan_sdmx_pipeline.py                                                                                                    0           1  0.18s           2025-07-14T16:26:33
/home/airflow/.local/lib/python3.7/site-packages/airflow/example_dags/plugins/workday.py                                                   0           0  0.14s           2025-07-14T16:26:33
/home/airflow/.local/lib/python3.7/site-packages/airflow/example_dags/subdags/subdag.py                                                    0           0  0.15s           2025-07-14T16:26:33
/home/airflow/.local/lib/python3.7/site-packages/airflow/example_dags/example_short_circuit_decorator.py                                   1           0  0.17s           2025-07-14T16:26:16
/home/airflow/.local/lib/python3.7/site-packages/airflow/example_dags/example_bash_operator.py                                             1           0  0.17s           2025-07-14T16:26:16
/home/airflow/.local/lib/python3.7/site-packages/airflow/example_dags/tutorial_taskflow_api.py                                             1           0  0.17s           2025-07-14T16:26:17
/home/airflow/.local/lib/python3.7/site-packages/airflow/example_dags/example_latest_only_with_trigger.py                                  1           0  0.16s           2025-07-14T16:26:17
/home/airflow/.local/lib/python3.7/site-packages/airflow/example_dags/tutorial.py                                                          1           0  0.18s           2025-07-14T16:26:17
/home/airflow/.local/lib/python3.7/site-packages/airflow/example_dags/example_branch_operator_decorator.py                                 1           0  0.18s           2025-07-14T16:26:18
/home/airflow/.local/lib/python3.7/site-packages/airflow/example_dags/example_complex.py                                                   1           0  0.18s           2025-07-14T16:26:18
/home/airflow/.local/lib/python3.7/site-packages/airflow/example_dags/example_branch_operator.py                                           1           0  0.19s           2025-07-14T16:26:18
/home/airflow/.local/lib/python3.7/site-packages/airflow/example_dags/example_python_operator.py                                           1           0  0.19s           2025-07-14T16:26:18
/home/airflow/.local/lib/python3.7/site-packages/airflow/example_dags/example_branch_labels.py                                             1           0  0.17s           2025-07-14T16:26:18
/home/airflow/.local/lib/python3.7/site-packages/airflow/example_dags/example_latest_only.py                                               1           0  0.16s           2025-07-14T16:26:19
/home/airflow/.local/lib/python3.7/site-packages/airflow/example_dags/example_kubernetes_executor.py                                       1           0  0.17s           2025-07-14T16:26:19
/home/airflow/.local/lib/python3.7/site-packages/airflow/example_dags/example_short_circuit_operator.py                                    1           0  0.16s           2025-07-14T16:26:20
/home/airflow/.local/lib/python3.7/site-packages/airflow/example_dags/example_dag_decorator.py                                             1           0  0.26s           2025-07-14T16:26:22
/home/airflow/.local/lib/python3.7/site-packages/airflow/example_dags/example_trigger_target_dag.py                                        1           0  0.21s           2025-07-14T16:26:28
/home/airflow/.local/lib/python3.7/site-packages/airflow/example_dags/example_xcom.py                                                      1           0  0.16s           2025-07-14T16:26:28
/home/airflow/.local/lib/python3.7/site-packages/airflow/example_dags/example_local_kubernetes_executor.py                                 1           0  0.14s           2025-07-14T16:26:28
/home/airflow/.local/lib/python3.7/site-packages/airflow/example_dags/example_branch_day_of_week_operator.py                               1           0  0.16s           2025-07-14T16:26:29
/home/airflow/.local/lib/python3.7/site-packages/airflow/example_dags/example_time_delta_sensor_async.py                                   1           0  1.06s           2025-07-14T16:26:31
/home/airflow/.local/lib/python3.7/site-packages/airflow/example_dags/example_trigger_controller_dag.py                                    1           0  0.22s           2025-07-14T16:26:29
/home/airflow/.local/lib/python3.7/site-packages/airflow/example_dags/tutorial_dag.py                                                      1           0  0.17s           2025-07-14T16:26:29
/home/airflow/.local/lib/python3.7/site-packages/airflow/example_dags/tutorial_taskflow_api_virtualenv.py                                  1           0  0.17s           2025-07-14T16:26:29
/home/airflow/.local/lib/python3.7/site-packages/airflow/example_dags/example_passing_params_via_test_command.py                           1           0  0.53s           2025-07-14T16:26:31
/home/airflow/.local/lib/python3.7/site-packages/airflow/example_dags/example_task_group_decorator.py                                      1           0  0.60s           2025-07-14T16:26:31
/home/airflow/.local/lib/python3.7/site-packages/airflow/example_dags/example_branch_python_dop_operator_3.py                              1           0  0.70s           2025-07-14T16:26:32
/home/airflow/.local/lib/python3.7/site-packages/airflow/example_dags/example_sla_dag.py                                                   1           0  0.79s           2025-07-14T16:26:33
/home/airflow/.local/lib/python3.7/site-packages/airflow/example_dags/example_nested_branch_dag.py                                         1           0  0.91s           2025-07-14T16:26:33
/home/airflow/.local/lib/python3.7/site-packages/airflow/example_dags/example_task_group.py                                                1           0  0.54s           2025-07-14T16:26:33
/home/airflow/.local/lib/python3.7/site-packages/airflow/example_dags/example_skip_dag.py                                                  1           0  0.30s           2025-07-14T16:26:34
/home/airflow/.local/lib/python3.7/site-packages/airflow/example_dags/example_external_task_marker_dag.py                                  2           0  0.38s           2025-07-14T16:26:28
/home/airflow/.local/lib/python3.7/site-packages/airflow/example_dags/example_xcomargs.py                                                  2           0  0.77s           2025-07-14T16:26:32
/home/airflow/.local/lib/python3.7/site-packages/airflow/example_dags/example_subdag_operator.py                                           3           0  0.38s           2025-07-14T16:26:28
/home/airflow/.local/lib/python3.7/site-packages/airflow/example_dags/example_branch_datetime_operator.py                                  3           0  0.25s           2025-07-14T16:26:29
/home/airflow/.local/lib/python3.7/site-packages/airflow/example_dags/example_datasets.py                                                  6           0  0.24s           2025-07-14T16:26:22
================================================================================
[2025-07-14T16:27:06.990+0000] {manager.py:846} INFO - 
================================================================================
DAG File Processing Stats

File Path                                                                                                         PID    Runtime      # DAGs    # Errors  Last Runtime    Last Run
----------------------------------------------------------------------------------------------------------------  -----  ---------  --------  ----------  --------------  -------------------
/opt/airflow/dags/ckan_sdmx_pipeline.py                                                                                                    0           1  0.12s           2025-07-14T16:27:04
/home/airflow/.local/lib/python3.7/site-packages/airflow/example_dags/plugins/workday.py                                                   0           0  0.06s           2025-07-14T16:27:03
/home/airflow/.local/lib/python3.7/site-packages/airflow/example_dags/subdags/subdag.py                                                    0           0  0.06s           2025-07-14T16:27:03
/home/airflow/.local/lib/python3.7/site-packages/airflow/example_dags/example_short_circuit_decorator.py                                   1           0  0.27s           2025-07-14T16:26:46
/home/airflow/.local/lib/python3.7/site-packages/airflow/example_dags/example_bash_operator.py                                             1           0  0.21s           2025-07-14T16:26:46
/home/airflow/.local/lib/python3.7/site-packages/airflow/example_dags/tutorial_taskflow_api.py                                             1           0  0.25s           2025-07-14T16:26:47
/home/airflow/.local/lib/python3.7/site-packages/airflow/example_dags/example_latest_only_with_trigger.py                                  1           0  0.22s           2025-07-14T16:26:47
/home/airflow/.local/lib/python3.7/site-packages/airflow/example_dags/tutorial.py                                                          1           0  0.15s           2025-07-14T16:26:47
/home/airflow/.local/lib/python3.7/site-packages/airflow/example_dags/example_branch_operator_decorator.py                                 1           0  0.17s           2025-07-14T16:26:48
/home/airflow/.local/lib/python3.7/site-packages/airflow/example_dags/example_complex.py                                                   1           0  0.17s           2025-07-14T16:26:48
/home/airflow/.local/lib/python3.7/site-packages/airflow/example_dags/example_branch_operator.py                                           1           0  0.19s           2025-07-14T16:26:48
/home/airflow/.local/lib/python3.7/site-packages/airflow/example_dags/example_python_operator.py                                           1           0  0.23s           2025-07-14T16:26:49
/home/airflow/.local/lib/python3.7/site-packages/airflow/example_dags/example_branch_labels.py                                             1           0  0.21s           2025-07-14T16:26:49
/home/airflow/.local/lib/python3.7/site-packages/airflow/example_dags/example_latest_only.py                                               1           0  0.20s           2025-07-14T16:26:50
/home/airflow/.local/lib/python3.7/site-packages/airflow/example_dags/example_kubernetes_executor.py                                       1           0  0.21s           2025-07-14T16:26:50
/home/airflow/.local/lib/python3.7/site-packages/airflow/example_dags/example_short_circuit_operator.py                                    1           0  0.17s           2025-07-14T16:26:50
/home/airflow/.local/lib/python3.7/site-packages/airflow/example_dags/example_dag_decorator.py                                             1           0  0.22s           2025-07-14T16:26:52
/home/airflow/.local/lib/python3.7/site-packages/airflow/example_dags/example_trigger_target_dag.py                                        1           0  0.19s           2025-07-14T16:26:59
/home/airflow/.local/lib/python3.7/site-packages/airflow/example_dags/example_xcom.py                                                      1           0  0.20s           2025-07-14T16:26:59
/home/airflow/.local/lib/python3.7/site-packages/airflow/example_dags/example_local_kubernetes_executor.py                                 1           0  0.17s           2025-07-14T16:26:59
/home/airflow/.local/lib/python3.7/site-packages/airflow/example_dags/example_branch_day_of_week_operator.py                               1           0  0.16s           2025-07-14T16:26:59
/home/airflow/.local/lib/python3.7/site-packages/airflow/example_dags/example_time_delta_sensor_async.py                                   1           0  0.36s           2025-07-14T16:27:02
/home/airflow/.local/lib/python3.7/site-packages/airflow/example_dags/example_trigger_controller_dag.py                                    1           0  0.16s           2025-07-14T16:26:59
/home/airflow/.local/lib/python3.7/site-packages/airflow/example_dags/tutorial_dag.py                                                      1           0  0.14s           2025-07-14T16:26:59
/home/airflow/.local/lib/python3.7/site-packages/airflow/example_dags/tutorial_taskflow_api_virtualenv.py                                  1           0  0.15s           2025-07-14T16:26:59
/home/airflow/.local/lib/python3.7/site-packages/airflow/example_dags/example_passing_params_via_test_command.py                           1           0  0.19s           2025-07-14T16:27:01
/home/airflow/.local/lib/python3.7/site-packages/airflow/example_dags/example_task_group_decorator.py                                      1           0  0.19s           2025-07-14T16:27:02
/home/airflow/.local/lib/python3.7/site-packages/airflow/example_dags/example_branch_python_dop_operator_3.py                              1           0  0.19s           2025-07-14T16:27:03
/home/airflow/.local/lib/python3.7/site-packages/airflow/example_dags/example_sla_dag.py                                                   1           0  0.19s           2025-07-14T16:27:03
/home/airflow/.local/lib/python3.7/site-packages/airflow/example_dags/example_nested_branch_dag.py                                         1           0  0.18s           2025-07-14T16:27:03
/home/airflow/.local/lib/python3.7/site-packages/airflow/example_dags/example_task_group.py                                                1           0  0.17s           2025-07-14T16:27:03
/home/airflow/.local/lib/python3.7/site-packages/airflow/example_dags/example_skip_dag.py                                                  1           0  0.16s           2025-07-14T16:27:05
/home/airflow/.local/lib/python3.7/site-packages/airflow/example_dags/example_external_task_marker_dag.py                                  2           0  0.33s           2025-07-14T16:26:59
/home/airflow/.local/lib/python3.7/site-packages/airflow/example_dags/example_xcomargs.py                                                  2           0  0.19s           2025-07-14T16:27:03
/home/airflow/.local/lib/python3.7/site-packages/airflow/example_dags/example_subdag_operator.py                                           3           0  0.35s           2025-07-14T16:26:59
/home/airflow/.local/lib/python3.7/site-packages/airflow/example_dags/example_branch_datetime_operator.py                                  3           0  0.19s           2025-07-14T16:27:00
/home/airflow/.local/lib/python3.7/site-packages/airflow/example_dags/example_datasets.py                                                  6           0  0.21s           2025-07-14T16:26:52
================================================================================
[2025-07-14T16:27:37.195+0000] {manager.py:846} INFO - 
================================================================================
DAG File Processing Stats

File Path                                                                                                         PID    Runtime      # DAGs    # Errors  Last Runtime    Last Run
----------------------------------------------------------------------------------------------------------------  -----  ---------  --------  ----------  --------------  -------------------
/opt/airflow/dags/ckan_sdmx_pipeline.py                                                                                                    0           1  0.14s           2025-07-14T16:27:35
/home/airflow/.local/lib/python3.7/site-packages/airflow/example_dags/plugins/workday.py                                                   0           0  0.07s           2025-07-14T16:27:33
/home/airflow/.local/lib/python3.7/site-packages/airflow/example_dags/subdags/subdag.py                                                    0           0  0.06s           2025-07-14T16:27:34
/home/airflow/.local/lib/python3.7/site-packages/airflow/example_dags/example_short_circuit_decorator.py                                   1           0  0.19s           2025-07-14T16:27:17
/home/airflow/.local/lib/python3.7/site-packages/airflow/example_dags/example_bash_operator.py                                             1           0  0.18s           2025-07-14T16:27:17
/home/airflow/.local/lib/python3.7/site-packages/airflow/example_dags/tutorial_taskflow_api.py                                             1           0  0.17s           2025-07-14T16:27:18
/home/airflow/.local/lib/python3.7/site-packages/airflow/example_dags/example_latest_only_with_trigger.py                                  1           0  0.16s           2025-07-14T16:27:18
/home/airflow/.local/lib/python3.7/site-packages/airflow/example_dags/tutorial.py                                                          1           0  0.17s           2025-07-14T16:27:18
/home/airflow/.local/lib/python3.7/site-packages/airflow/example_dags/example_branch_operator_decorator.py                                 1           0  0.21s           2025-07-14T16:27:19
/home/airflow/.local/lib/python3.7/site-packages/airflow/example_dags/example_complex.py                                                   1           0  0.21s           2025-07-14T16:27:19
/home/airflow/.local/lib/python3.7/site-packages/airflow/example_dags/example_branch_operator.py                                           1           0  0.22s           2025-07-14T16:27:19
/home/airflow/.local/lib/python3.7/site-packages/airflow/example_dags/example_python_operator.py                                           1           0  0.26s           2025-07-14T16:27:20
/home/airflow/.local/lib/python3.7/site-packages/airflow/example_dags/example_branch_labels.py                                             1           0  0.24s           2025-07-14T16:27:20
/home/airflow/.local/lib/python3.7/site-packages/airflow/example_dags/example_latest_only.py                                               1           0  0.18s           2025-07-14T16:27:21
/home/airflow/.local/lib/python3.7/site-packages/airflow/example_dags/example_kubernetes_executor.py                                       1           0  0.18s           2025-07-14T16:27:21
/home/airflow/.local/lib/python3.7/site-packages/airflow/example_dags/example_short_circuit_operator.py                                    1           0  0.19s           2025-07-14T16:27:21
/home/airflow/.local/lib/python3.7/site-packages/airflow/example_dags/example_dag_decorator.py                                             1           0  0.24s           2025-07-14T16:27:23
/home/airflow/.local/lib/python3.7/site-packages/airflow/example_dags/example_trigger_target_dag.py                                        1           0  0.14s           2025-07-14T16:27:30
/home/airflow/.local/lib/python3.7/site-packages/airflow/example_dags/example_xcom.py                                                      1           0  0.15s           2025-07-14T16:27:30
/home/airflow/.local/lib/python3.7/site-packages/airflow/example_dags/example_local_kubernetes_executor.py                                 1           0  0.17s           2025-07-14T16:27:30
/home/airflow/.local/lib/python3.7/site-packages/airflow/example_dags/example_branch_day_of_week_operator.py                               1           0  0.17s           2025-07-14T16:27:30
/home/airflow/.local/lib/python3.7/site-packages/airflow/example_dags/example_time_delta_sensor_async.py                                   1           0  0.37s           2025-07-14T16:27:32
/home/airflow/.local/lib/python3.7/site-packages/airflow/example_dags/example_trigger_controller_dag.py                                    1           0  0.15s           2025-07-14T16:27:30
/home/airflow/.local/lib/python3.7/site-packages/airflow/example_dags/tutorial_dag.py                                                      1           0  0.24s           2025-07-14T16:27:30
/home/airflow/.local/lib/python3.7/site-packages/airflow/example_dags/tutorial_taskflow_api_virtualenv.py                                  1           0  0.18s           2025-07-14T16:27:30
/home/airflow/.local/lib/python3.7/site-packages/airflow/example_dags/example_passing_params_via_test_command.py                           1           0  0.20s           2025-07-14T16:27:32
/home/airflow/.local/lib/python3.7/site-packages/airflow/example_dags/example_task_group_decorator.py                                      1           0  0.20s           2025-07-14T16:27:32
/home/airflow/.local/lib/python3.7/site-packages/airflow/example_dags/example_branch_python_dop_operator_3.py                              1           0  0.17s           2025-07-14T16:27:33
/home/airflow/.local/lib/python3.7/site-packages/airflow/example_dags/example_sla_dag.py                                                   1           0  0.21s           2025-07-14T16:27:33
/home/airflow/.local/lib/python3.7/site-packages/airflow/example_dags/example_nested_branch_dag.py                                         1           0  0.21s           2025-07-14T16:27:33
/home/airflow/.local/lib/python3.7/site-packages/airflow/example_dags/example_task_group.py                                                1           0  0.19s           2025-07-14T16:27:34
/home/airflow/.local/lib/python3.7/site-packages/airflow/example_dags/example_skip_dag.py                                                  1           0  0.28s           2025-07-14T16:27:35
/home/airflow/.local/lib/python3.7/site-packages/airflow/example_dags/example_external_task_marker_dag.py                                  2           0  0.32s           2025-07-14T16:27:30
/home/airflow/.local/lib/python3.7/site-packages/airflow/example_dags/example_xcomargs.py                                                  2           0  0.18s           2025-07-14T16:27:33
/home/airflow/.local/lib/python3.7/site-packages/airflow/example_dags/example_subdag_operator.py                                           3           0  0.32s           2025-07-14T16:27:30
/home/airflow/.local/lib/python3.7/site-packages/airflow/example_dags/example_branch_datetime_operator.py                                  3           0  0.19s           2025-07-14T16:27:31
/home/airflow/.local/lib/python3.7/site-packages/airflow/example_dags/example_datasets.py                                                  6           0  0.23s           2025-07-14T16:27:23
================================================================================
[2025-07-14T16:28:07.520+0000] {manager.py:846} INFO - 
================================================================================
DAG File Processing Stats

File Path                                                                                                         PID    Runtime      # DAGs    # Errors  Last Runtime    Last Run
----------------------------------------------------------------------------------------------------------------  -----  ---------  --------  ----------  --------------  -------------------
/opt/airflow/dags/ckan_sdmx_pipeline.py                                                                                                    0           1  0.11s           2025-07-14T16:28:05
/home/airflow/.local/lib/python3.7/site-packages/airflow/example_dags/plugins/workday.py                                                   0           0  0.06s           2025-07-14T16:28:04
/home/airflow/.local/lib/python3.7/site-packages/airflow/example_dags/subdags/subdag.py                                                    0           0  0.07s           2025-07-14T16:28:04
/home/airflow/.local/lib/python3.7/site-packages/airflow/example_dags/example_short_circuit_decorator.py                                   1           0  0.19s           2025-07-14T16:27:47
/home/airflow/.local/lib/python3.7/site-packages/airflow/example_dags/example_bash_operator.py                                             1           0  0.19s           2025-07-14T16:27:47
/home/airflow/.local/lib/python3.7/site-packages/airflow/example_dags/tutorial_taskflow_api.py                                             1           0  0.18s           2025-07-14T16:27:48
/home/airflow/.local/lib/python3.7/site-packages/airflow/example_dags/example_latest_only_with_trigger.py                                  1           0  0.17s           2025-07-14T16:27:48
/home/airflow/.local/lib/python3.7/site-packages/airflow/example_dags/tutorial.py                                                          1           0  0.22s           2025-07-14T16:27:48
/home/airflow/.local/lib/python3.7/site-packages/airflow/example_dags/example_branch_operator_decorator.py                                 1           0  0.25s           2025-07-14T16:27:49
/home/airflow/.local/lib/python3.7/site-packages/airflow/example_dags/example_complex.py                                                   1           0  0.23s           2025-07-14T16:27:50
/home/airflow/.local/lib/python3.7/site-packages/airflow/example_dags/example_branch_operator.py                                           1           0  0.22s           2025-07-14T16:27:50
/home/airflow/.local/lib/python3.7/site-packages/airflow/example_dags/example_python_operator.py                                           1           0  0.24s           2025-07-14T16:27:50
/home/airflow/.local/lib/python3.7/site-packages/airflow/example_dags/example_branch_labels.py                                             1           0  0.22s           2025-07-14T16:27:50
/home/airflow/.local/lib/python3.7/site-packages/airflow/example_dags/example_latest_only.py                                               1           0  0.18s           2025-07-14T16:27:51
/home/airflow/.local/lib/python3.7/site-packages/airflow/example_dags/example_kubernetes_executor.py                                       1           0  0.18s           2025-07-14T16:27:51
/home/airflow/.local/lib/python3.7/site-packages/airflow/example_dags/example_short_circuit_operator.py                                    1           0  0.28s           2025-07-14T16:27:51
/home/airflow/.local/lib/python3.7/site-packages/airflow/example_dags/example_dag_decorator.py                                             1           0  0.21s           2025-07-14T16:27:54
/home/airflow/.local/lib/python3.7/site-packages/airflow/example_dags/example_trigger_target_dag.py                                        1           0  0.18s           2025-07-14T16:28:00
/home/airflow/.local/lib/python3.7/site-packages/airflow/example_dags/example_xcom.py                                                      1           0  0.21s           2025-07-14T16:28:00
/home/airflow/.local/lib/python3.7/site-packages/airflow/example_dags/example_local_kubernetes_executor.py                                 1           0  0.19s           2025-07-14T16:28:00
/home/airflow/.local/lib/python3.7/site-packages/airflow/example_dags/example_branch_day_of_week_operator.py                               1           0  0.17s           2025-07-14T16:28:00
/home/airflow/.local/lib/python3.7/site-packages/airflow/example_dags/example_time_delta_sensor_async.py                                   1           0  0.36s           2025-07-14T16:28:02
/home/airflow/.local/lib/python3.7/site-packages/airflow/example_dags/example_trigger_controller_dag.py                                    1           0  0.15s           2025-07-14T16:28:01
/home/airflow/.local/lib/python3.7/site-packages/airflow/example_dags/tutorial_dag.py                                                      1           0  0.14s           2025-07-14T16:28:01
/home/airflow/.local/lib/python3.7/site-packages/airflow/example_dags/tutorial_taskflow_api_virtualenv.py                                  1           0  0.15s           2025-07-14T16:28:01
/home/airflow/.local/lib/python3.7/site-packages/airflow/example_dags/example_passing_params_via_test_command.py                           1           0  0.24s           2025-07-14T16:28:02
/home/airflow/.local/lib/python3.7/site-packages/airflow/example_dags/example_task_group_decorator.py                                      1           0  0.18s           2025-07-14T16:28:02
/home/airflow/.local/lib/python3.7/site-packages/airflow/example_dags/example_branch_python_dop_operator_3.py                              1           0  0.20s           2025-07-14T16:28:03
/home/airflow/.local/lib/python3.7/site-packages/airflow/example_dags/example_sla_dag.py                                                   1           0  0.17s           2025-07-14T16:28:04
/home/airflow/.local/lib/python3.7/site-packages/airflow/example_dags/example_nested_branch_dag.py                                         1           0  0.19s           2025-07-14T16:28:04
/home/airflow/.local/lib/python3.7/site-packages/airflow/example_dags/example_task_group.py                                                1           0  0.17s           2025-07-14T16:28:04
/home/airflow/.local/lib/python3.7/site-packages/airflow/example_dags/example_skip_dag.py                                                  1           0  0.15s           2025-07-14T16:28:05
/home/airflow/.local/lib/python3.7/site-packages/airflow/example_dags/example_external_task_marker_dag.py                                  2           0  0.38s           2025-07-14T16:28:00
/home/airflow/.local/lib/python3.7/site-packages/airflow/example_dags/example_xcomargs.py                                                  2           0  0.18s           2025-07-14T16:28:03
/home/airflow/.local/lib/python3.7/site-packages/airflow/example_dags/example_subdag_operator.py                                           3           0  0.41s           2025-07-14T16:28:00
/home/airflow/.local/lib/python3.7/site-packages/airflow/example_dags/example_branch_datetime_operator.py                                  3           0  0.17s           2025-07-14T16:28:01
/home/airflow/.local/lib/python3.7/site-packages/airflow/example_dags/example_datasets.py                                                  6           0  0.19s           2025-07-14T16:27:54
================================================================================
[2025-07-14T16:28:38.212+0000] {manager.py:846} INFO - 
================================================================================
DAG File Processing Stats

File Path                                                                                                         PID    Runtime      # DAGs    # Errors  Last Runtime    Last Run
----------------------------------------------------------------------------------------------------------------  -----  ---------  --------  ----------  --------------  -------------------
/opt/airflow/dags/ckan_sdmx_pipeline.py                                                                                                    0           1  0.12s           2025-07-14T16:28:36
/home/airflow/.local/lib/python3.7/site-packages/airflow/example_dags/plugins/workday.py                                                   0           0  0.09s           2025-07-14T16:28:34
/home/airflow/.local/lib/python3.7/site-packages/airflow/example_dags/subdags/subdag.py                                                    0           0  0.06s           2025-07-14T16:28:35
/home/airflow/.local/lib/python3.7/site-packages/airflow/example_dags/example_short_circuit_decorator.py                                   1           0  0.18s           2025-07-14T16:28:17
/home/airflow/.local/lib/python3.7/site-packages/airflow/example_dags/example_bash_operator.py                                             1           0  0.17s           2025-07-14T16:28:17
/home/airflow/.local/lib/python3.7/site-packages/airflow/example_dags/tutorial_taskflow_api.py                                             1           0  0.18s           2025-07-14T16:28:18
/home/airflow/.local/lib/python3.7/site-packages/airflow/example_dags/example_latest_only_with_trigger.py                                  1           0  0.14s           2025-07-14T16:28:18
/home/airflow/.local/lib/python3.7/site-packages/airflow/example_dags/tutorial.py                                                          1           0  0.18s           2025-07-14T16:28:20
/home/airflow/.local/lib/python3.7/site-packages/airflow/example_dags/example_branch_operator_decorator.py                                 1           0  0.17s           2025-07-14T16:28:20
/home/airflow/.local/lib/python3.7/site-packages/airflow/example_dags/example_complex.py                                                   1           0  0.17s           2025-07-14T16:28:20
/home/airflow/.local/lib/python3.7/site-packages/airflow/example_dags/example_branch_operator.py                                           1           0  0.15s           2025-07-14T16:28:20
/home/airflow/.local/lib/python3.7/site-packages/airflow/example_dags/example_python_operator.py                                           1           0  0.17s           2025-07-14T16:28:21
/home/airflow/.local/lib/python3.7/site-packages/airflow/example_dags/example_branch_labels.py                                             1           0  0.15s           2025-07-14T16:28:21
/home/airflow/.local/lib/python3.7/site-packages/airflow/example_dags/example_latest_only.py                                               1           0  0.14s           2025-07-14T16:28:22
/home/airflow/.local/lib/python3.7/site-packages/airflow/example_dags/example_kubernetes_executor.py                                       1           0  0.14s           2025-07-14T16:28:22
/home/airflow/.local/lib/python3.7/site-packages/airflow/example_dags/example_short_circuit_operator.py                                    1           0  0.15s           2025-07-14T16:28:22
/home/airflow/.local/lib/python3.7/site-packages/airflow/example_dags/example_dag_decorator.py                                             1           0  0.20s           2025-07-14T16:28:24
/home/airflow/.local/lib/python3.7/site-packages/airflow/example_dags/example_trigger_target_dag.py                                        1           0  0.14s           2025-07-14T16:28:31
/home/airflow/.local/lib/python3.7/site-packages/airflow/example_dags/example_xcom.py                                                      1           0  0.16s           2025-07-14T16:28:31
/home/airflow/.local/lib/python3.7/site-packages/airflow/example_dags/example_local_kubernetes_executor.py                                 1           0  0.15s           2025-07-14T16:28:31
/home/airflow/.local/lib/python3.7/site-packages/airflow/example_dags/example_branch_day_of_week_operator.py                               1           0  0.14s           2025-07-14T16:28:31
/home/airflow/.local/lib/python3.7/site-packages/airflow/example_dags/example_time_delta_sensor_async.py                                   1           0  0.31s           2025-07-14T16:28:33
/home/airflow/.local/lib/python3.7/site-packages/airflow/example_dags/example_trigger_controller_dag.py                                    1           0  0.15s           2025-07-14T16:28:31
/home/airflow/.local/lib/python3.7/site-packages/airflow/example_dags/tutorial_dag.py                                                      1           0  0.15s           2025-07-14T16:28:31
/home/airflow/.local/lib/python3.7/site-packages/airflow/example_dags/tutorial_taskflow_api_virtualenv.py                                  1           0  0.14s           2025-07-14T16:28:31
/home/airflow/.local/lib/python3.7/site-packages/airflow/example_dags/example_passing_params_via_test_command.py                           1           0  0.16s           2025-07-14T16:28:33
/home/airflow/.local/lib/python3.7/site-packages/airflow/example_dags/example_task_group_decorator.py                                      1           0  0.16s           2025-07-14T16:28:33
/home/airflow/.local/lib/python3.7/site-packages/airflow/example_dags/example_branch_python_dop_operator_3.py                              1           0  0.18s           2025-07-14T16:28:34
/home/airflow/.local/lib/python3.7/site-packages/airflow/example_dags/example_sla_dag.py                                                   1           0  0.24s           2025-07-14T16:28:34
/home/airflow/.local/lib/python3.7/site-packages/airflow/example_dags/example_nested_branch_dag.py                                         1           0  0.29s           2025-07-14T16:28:35
/home/airflow/.local/lib/python3.7/site-packages/airflow/example_dags/example_task_group.py                                                1           0  0.29s           2025-07-14T16:28:35
/home/airflow/.local/lib/python3.7/site-packages/airflow/example_dags/example_skip_dag.py                                                  1           0  0.16s           2025-07-14T16:28:36
/home/airflow/.local/lib/python3.7/site-packages/airflow/example_dags/example_external_task_marker_dag.py                                  2           0  0.31s           2025-07-14T16:28:31
/home/airflow/.local/lib/python3.7/site-packages/airflow/example_dags/example_xcomargs.py                                                  2           0  0.17s           2025-07-14T16:28:34
/home/airflow/.local/lib/python3.7/site-packages/airflow/example_dags/example_subdag_operator.py                                           3           0  0.35s           2025-07-14T16:28:31
/home/airflow/.local/lib/python3.7/site-packages/airflow/example_dags/example_branch_datetime_operator.py                                  3           0  0.17s           2025-07-14T16:28:31
/home/airflow/.local/lib/python3.7/site-packages/airflow/example_dags/example_datasets.py                                                  6           0  0.20s           2025-07-14T16:28:24
================================================================================
[2025-07-14T16:29:09.025+0000] {manager.py:846} INFO - 
================================================================================
DAG File Processing Stats

File Path                                                                                                         PID    Runtime      # DAGs    # Errors  Last Runtime    Last Run
----------------------------------------------------------------------------------------------------------------  -----  ---------  --------  ----------  --------------  -------------------
/opt/airflow/dags/ckan_sdmx_pipeline.py                                                                                                    0           1  0.14s           2025-07-14T16:29:06
/home/airflow/.local/lib/python3.7/site-packages/airflow/example_dags/plugins/workday.py                                                   0           0  0.05s           2025-07-14T16:29:05
/home/airflow/.local/lib/python3.7/site-packages/airflow/example_dags/subdags/subdag.py                                                    0           0  0.05s           2025-07-14T16:29:05
/home/airflow/.local/lib/python3.7/site-packages/airflow/example_dags/example_short_circuit_decorator.py                                   1           0  0.17s           2025-07-14T16:28:48
/home/airflow/.local/lib/python3.7/site-packages/airflow/example_dags/example_bash_operator.py                                             1           0  0.17s           2025-07-14T16:28:48
/home/airflow/.local/lib/python3.7/site-packages/airflow/example_dags/tutorial_taskflow_api.py                                             1           0  0.15s           2025-07-14T16:28:49
/home/airflow/.local/lib/python3.7/site-packages/airflow/example_dags/example_latest_only_with_trigger.py                                  1           0  0.14s           2025-07-14T16:28:49
/home/airflow/.local/lib/python3.7/site-packages/airflow/example_dags/tutorial.py                                                          1           0  0.14s           2025-07-14T16:28:50
/home/airflow/.local/lib/python3.7/site-packages/airflow/example_dags/example_branch_operator_decorator.py                                 1           0  0.14s           2025-07-14T16:28:50
/home/airflow/.local/lib/python3.7/site-packages/airflow/example_dags/example_complex.py                                                   1           0  0.17s           2025-07-14T16:28:50
/home/airflow/.local/lib/python3.7/site-packages/airflow/example_dags/example_branch_operator.py                                           1           0  0.15s           2025-07-14T16:28:50
/home/airflow/.local/lib/python3.7/site-packages/airflow/example_dags/example_python_operator.py                                           1           0  0.20s           2025-07-14T16:28:51
/home/airflow/.local/lib/python3.7/site-packages/airflow/example_dags/example_branch_labels.py                                             1           0  0.18s           2025-07-14T16:28:51
/home/airflow/.local/lib/python3.7/site-packages/airflow/example_dags/example_latest_only.py                                               1           0  0.20s           2025-07-14T16:28:53
/home/airflow/.local/lib/python3.7/site-packages/airflow/example_dags/example_kubernetes_executor.py                                       1           0  0.22s           2025-07-14T16:28:53
/home/airflow/.local/lib/python3.7/site-packages/airflow/example_dags/example_short_circuit_operator.py                                    1           0  0.26s           2025-07-14T16:28:53
/home/airflow/.local/lib/python3.7/site-packages/airflow/example_dags/example_dag_decorator.py                                             1           0  0.67s           2025-07-14T16:28:55
/home/airflow/.local/lib/python3.7/site-packages/airflow/example_dags/example_trigger_target_dag.py                                        1           0  0.16s           2025-07-14T16:29:02
/home/airflow/.local/lib/python3.7/site-packages/airflow/example_dags/example_xcom.py                                                      1           0  0.16s           2025-07-14T16:29:02
/home/airflow/.local/lib/python3.7/site-packages/airflow/example_dags/example_local_kubernetes_executor.py                                 1           0  0.17s           2025-07-14T16:29:02
/home/airflow/.local/lib/python3.7/site-packages/airflow/example_dags/example_branch_day_of_week_operator.py                               1           0  0.17s           2025-07-14T16:29:02
/home/airflow/.local/lib/python3.7/site-packages/airflow/example_dags/example_time_delta_sensor_async.py                                   1           0  0.32s           2025-07-14T16:29:04
/home/airflow/.local/lib/python3.7/site-packages/airflow/example_dags/example_trigger_controller_dag.py                                    1           0  0.17s           2025-07-14T16:29:02
/home/airflow/.local/lib/python3.7/site-packages/airflow/example_dags/tutorial_dag.py                                                      1           0  0.17s           2025-07-14T16:29:02
/home/airflow/.local/lib/python3.7/site-packages/airflow/example_dags/tutorial_taskflow_api_virtualenv.py                                  1           0  0.20s           2025-07-14T16:29:02
/home/airflow/.local/lib/python3.7/site-packages/airflow/example_dags/example_passing_params_via_test_command.py                           1           0  0.16s           2025-07-14T16:29:04
/home/airflow/.local/lib/python3.7/site-packages/airflow/example_dags/example_task_group_decorator.py                                      1           0  0.16s           2025-07-14T16:29:04
/home/airflow/.local/lib/python3.7/site-packages/airflow/example_dags/example_branch_python_dop_operator_3.py                              1           0  0.15s           2025-07-14T16:29:05
/home/airflow/.local/lib/python3.7/site-packages/airflow/example_dags/example_sla_dag.py                                                   1           0  0.15s           2025-07-14T16:29:05
/home/airflow/.local/lib/python3.7/site-packages/airflow/example_dags/example_nested_branch_dag.py                                         1           0  0.19s           2025-07-14T16:29:05
/home/airflow/.local/lib/python3.7/site-packages/airflow/example_dags/example_task_group.py                                                1           0  0.16s           2025-07-14T16:29:05
/home/airflow/.local/lib/python3.7/site-packages/airflow/example_dags/example_skip_dag.py                                                  1           0  0.27s           2025-07-14T16:29:07
/home/airflow/.local/lib/python3.7/site-packages/airflow/example_dags/example_external_task_marker_dag.py                                  2           0  0.37s           2025-07-14T16:29:02
/home/airflow/.local/lib/python3.7/site-packages/airflow/example_dags/example_xcomargs.py                                                  2           0  0.15s           2025-07-14T16:29:05
/home/airflow/.local/lib/python3.7/site-packages/airflow/example_dags/example_subdag_operator.py                                           3           0  0.40s           2025-07-14T16:29:02
/home/airflow/.local/lib/python3.7/site-packages/airflow/example_dags/example_branch_datetime_operator.py                                  3           0  0.20s           2025-07-14T16:29:02
/home/airflow/.local/lib/python3.7/site-packages/airflow/example_dags/example_datasets.py                                                  6           0  0.62s           2025-07-14T16:28:55
================================================================================
[2025-07-14T16:29:15.199+0000] {manager.py:724} INFO - Searching for files in /opt/airflow/dags
[2025-07-14T16:29:15.244+0000] {manager.py:727} INFO - There are 37 files in /opt/airflow/dags
[2025-07-14T16:29:39.481+0000] {manager.py:846} INFO - 
================================================================================
DAG File Processing Stats

File Path                                                                                                         PID    Runtime      # DAGs    # Errors  Last Runtime    Last Run
----------------------------------------------------------------------------------------------------------------  -----  ---------  --------  ----------  --------------  -------------------
/opt/airflow/dags/ckan_sdmx_pipeline.py                                                                                                    0           1  0.09s           2025-07-14T16:29:37
/home/airflow/.local/lib/python3.7/site-packages/airflow/example_dags/plugins/workday.py                                                   0           0  0.07s           2025-07-14T16:29:36
/home/airflow/.local/lib/python3.7/site-packages/airflow/example_dags/subdags/subdag.py                                                    0           0  0.08s           2025-07-14T16:29:36
/home/airflow/.local/lib/python3.7/site-packages/airflow/example_dags/example_short_circuit_decorator.py                                   1           0  0.20s           2025-07-14T16:29:19
/home/airflow/.local/lib/python3.7/site-packages/airflow/example_dags/example_bash_operator.py                                             1           0  0.19s           2025-07-14T16:29:19
/home/airflow/.local/lib/python3.7/site-packages/airflow/example_dags/tutorial_taskflow_api.py                                             1           0  0.15s           2025-07-14T16:29:20
/home/airflow/.local/lib/python3.7/site-packages/airflow/example_dags/example_latest_only_with_trigger.py                                  1           0  0.14s           2025-07-14T16:29:20
/home/airflow/.local/lib/python3.7/site-packages/airflow/example_dags/tutorial.py                                                          1           0  0.19s           2025-07-14T16:29:21
/home/airflow/.local/lib/python3.7/site-packages/airflow/example_dags/example_branch_operator_decorator.py                                 1           0  0.19s           2025-07-14T16:29:21
/home/airflow/.local/lib/python3.7/site-packages/airflow/example_dags/example_complex.py                                                   1           0  0.15s           2025-07-14T16:29:21
/home/airflow/.local/lib/python3.7/site-packages/airflow/example_dags/example_branch_operator.py                                           1           0  0.14s           2025-07-14T16:29:21
/home/airflow/.local/lib/python3.7/site-packages/airflow/example_dags/example_python_operator.py                                           1           0  0.17s           2025-07-14T16:29:23
/home/airflow/.local/lib/python3.7/site-packages/airflow/example_dags/example_branch_labels.py                                             1           0  0.15s           2025-07-14T16:29:23
/home/airflow/.local/lib/python3.7/site-packages/airflow/example_dags/example_latest_only.py                                               1           0  0.15s           2025-07-14T16:29:24
/home/airflow/.local/lib/python3.7/site-packages/airflow/example_dags/example_kubernetes_executor.py                                       1           0  0.15s           2025-07-14T16:29:24
/home/airflow/.local/lib/python3.7/site-packages/airflow/example_dags/example_short_circuit_operator.py                                    1           0  0.14s           2025-07-14T16:29:24
/home/airflow/.local/lib/python3.7/site-packages/airflow/example_dags/example_dag_decorator.py                                             1           0  0.21s           2025-07-14T16:29:26
/home/airflow/.local/lib/python3.7/site-packages/airflow/example_dags/example_trigger_target_dag.py                                        1           0  0.14s           2025-07-14T16:29:32
/home/airflow/.local/lib/python3.7/site-packages/airflow/example_dags/example_xcom.py                                                      1           0  0.14s           2025-07-14T16:29:33
/home/airflow/.local/lib/python3.7/site-packages/airflow/example_dags/example_local_kubernetes_executor.py                                 1           0  0.15s           2025-07-14T16:29:33
/home/airflow/.local/lib/python3.7/site-packages/airflow/example_dags/example_branch_day_of_week_operator.py                               1           0  0.14s           2025-07-14T16:29:33
/home/airflow/.local/lib/python3.7/site-packages/airflow/example_dags/example_time_delta_sensor_async.py                                   1           0  0.30s           2025-07-14T16:29:34
/home/airflow/.local/lib/python3.7/site-packages/airflow/example_dags/example_trigger_controller_dag.py                                    1           0  0.14s           2025-07-14T16:29:33
/home/airflow/.local/lib/python3.7/site-packages/airflow/example_dags/tutorial_dag.py                                                      1           0  0.15s           2025-07-14T16:29:33
/home/airflow/.local/lib/python3.7/site-packages/airflow/example_dags/tutorial_taskflow_api_virtualenv.py                                  1           0  0.14s           2025-07-14T16:29:33
/home/airflow/.local/lib/python3.7/site-packages/airflow/example_dags/example_passing_params_via_test_command.py                           1           0  0.16s           2025-07-14T16:29:34
/home/airflow/.local/lib/python3.7/site-packages/airflow/example_dags/example_task_group_decorator.py                                      1           0  0.15s           2025-07-14T16:29:34
/home/airflow/.local/lib/python3.7/site-packages/airflow/example_dags/example_branch_python_dop_operator_3.py                              1           0  0.15s           2025-07-14T16:29:35
/home/airflow/.local/lib/python3.7/site-packages/airflow/example_dags/example_sla_dag.py                                                   1           0  0.19s           2025-07-14T16:29:36
/home/airflow/.local/lib/python3.7/site-packages/airflow/example_dags/example_nested_branch_dag.py                                         1           0  0.18s           2025-07-14T16:29:36
/home/airflow/.local/lib/python3.7/site-packages/airflow/example_dags/example_task_group.py                                                1           0  0.16s           2025-07-14T16:29:36
/home/airflow/.local/lib/python3.7/site-packages/airflow/example_dags/example_skip_dag.py                                                  1           0  0.14s           2025-07-14T16:29:37
/home/airflow/.local/lib/python3.7/site-packages/airflow/example_dags/example_external_task_marker_dag.py                                  2           0  0.31s           2025-07-14T16:29:32
/home/airflow/.local/lib/python3.7/site-packages/airflow/example_dags/example_xcomargs.py                                                  2           0  0.15s           2025-07-14T16:29:35
/home/airflow/.local/lib/python3.7/site-packages/airflow/example_dags/example_subdag_operator.py                                           3           0  0.36s           2025-07-14T16:29:32
/home/airflow/.local/lib/python3.7/site-packages/airflow/example_dags/example_branch_datetime_operator.py                                  3           0  0.15s           2025-07-14T16:29:33
/home/airflow/.local/lib/python3.7/site-packages/airflow/example_dags/example_datasets.py                                                  6           0  0.19s           2025-07-14T16:29:26
================================================================================
[2025-07-14T16:30:09.779+0000] {manager.py:846} INFO - 
================================================================================
DAG File Processing Stats

File Path                                                                                                         PID    Runtime      # DAGs    # Errors  Last Runtime    Last Run
----------------------------------------------------------------------------------------------------------------  -----  ---------  --------  ----------  --------------  -------------------
/opt/airflow/dags/ckan_sdmx_pipeline.py                                                                                                    0           1  0.15s           2025-07-14T16:30:07
/home/airflow/.local/lib/python3.7/site-packages/airflow/example_dags/plugins/workday.py                                                   0           0  0.10s           2025-07-14T16:30:07
/home/airflow/.local/lib/python3.7/site-packages/airflow/example_dags/subdags/subdag.py                                                    0           0  0.10s           2025-07-14T16:30:07
/home/airflow/.local/lib/python3.7/site-packages/airflow/example_dags/example_short_circuit_decorator.py                                   1           0  0.22s           2025-07-14T16:29:49
/home/airflow/.local/lib/python3.7/site-packages/airflow/example_dags/example_bash_operator.py                                             1           0  0.21s           2025-07-14T16:29:49
/home/airflow/.local/lib/python3.7/site-packages/airflow/example_dags/tutorial_taskflow_api.py                                             1           0  0.18s           2025-07-14T16:29:50
/home/airflow/.local/lib/python3.7/site-packages/airflow/example_dags/example_latest_only_with_trigger.py                                  1           0  0.16s           2025-07-14T16:29:50
/home/airflow/.local/lib/python3.7/site-packages/airflow/example_dags/tutorial.py                                                          1           0  0.20s           2025-07-14T16:29:51
/home/airflow/.local/lib/python3.7/site-packages/airflow/example_dags/example_branch_operator_decorator.py                                 1           0  0.21s           2025-07-14T16:29:52
/home/airflow/.local/lib/python3.7/site-packages/airflow/example_dags/example_complex.py                                                   1           0  0.20s           2025-07-14T16:29:52
/home/airflow/.local/lib/python3.7/site-packages/airflow/example_dags/example_branch_operator.py                                           1           0  0.19s           2025-07-14T16:29:52
/home/airflow/.local/lib/python3.7/site-packages/airflow/example_dags/example_python_operator.py                                           1           0  0.22s           2025-07-14T16:29:53
/home/airflow/.local/lib/python3.7/site-packages/airflow/example_dags/example_branch_labels.py                                             1           0  0.19s           2025-07-14T16:29:53
/home/airflow/.local/lib/python3.7/site-packages/airflow/example_dags/example_latest_only.py                                               1           0  0.22s           2025-07-14T16:29:54
/home/airflow/.local/lib/python3.7/site-packages/airflow/example_dags/example_kubernetes_executor.py                                       1           0  0.23s           2025-07-14T16:29:54
/home/airflow/.local/lib/python3.7/site-packages/airflow/example_dags/example_short_circuit_operator.py                                    1           0  0.24s           2025-07-14T16:29:54
/home/airflow/.local/lib/python3.7/site-packages/airflow/example_dags/example_dag_decorator.py                                             1           0  0.40s           2025-07-14T16:29:56
/home/airflow/.local/lib/python3.7/site-packages/airflow/example_dags/example_trigger_target_dag.py                                        1           0  0.18s           2025-07-14T16:30:03
/home/airflow/.local/lib/python3.7/site-packages/airflow/example_dags/example_xcom.py                                                      1           0  0.17s           2025-07-14T16:30:03
/home/airflow/.local/lib/python3.7/site-packages/airflow/example_dags/example_local_kubernetes_executor.py                                 1           0  0.20s           2025-07-14T16:30:03
/home/airflow/.local/lib/python3.7/site-packages/airflow/example_dags/example_branch_day_of_week_operator.py                               1           0  0.20s           2025-07-14T16:30:03
/home/airflow/.local/lib/python3.7/site-packages/airflow/example_dags/example_time_delta_sensor_async.py                                   1           0  0.59s           2025-07-14T16:30:05
/home/airflow/.local/lib/python3.7/site-packages/airflow/example_dags/example_trigger_controller_dag.py                                    1           0  0.25s           2025-07-14T16:30:03
/home/airflow/.local/lib/python3.7/site-packages/airflow/example_dags/tutorial_dag.py                                                      1           0  0.26s           2025-07-14T16:30:04
/home/airflow/.local/lib/python3.7/site-packages/airflow/example_dags/tutorial_taskflow_api_virtualenv.py                                  1           0  0.35s           2025-07-14T16:30:04
/home/airflow/.local/lib/python3.7/site-packages/airflow/example_dags/example_passing_params_via_test_command.py                           1           0  0.30s           2025-07-14T16:30:04
/home/airflow/.local/lib/python3.7/site-packages/airflow/example_dags/example_task_group_decorator.py                                      1           0  0.27s           2025-07-14T16:30:05
/home/airflow/.local/lib/python3.7/site-packages/airflow/example_dags/example_branch_python_dop_operator_3.py                              1           0  0.41s           2025-07-14T16:30:06
/home/airflow/.local/lib/python3.7/site-packages/airflow/example_dags/example_sla_dag.py                                                   1           0  0.67s           2025-07-14T16:30:07
/home/airflow/.local/lib/python3.7/site-packages/airflow/example_dags/example_nested_branch_dag.py                                         1           0  0.57s           2025-07-14T16:30:07
/home/airflow/.local/lib/python3.7/site-packages/airflow/example_dags/example_task_group.py                                                1           0  0.34s           2025-07-14T16:30:07
/home/airflow/.local/lib/python3.7/site-packages/airflow/example_dags/example_skip_dag.py                                                  1           0  0.29s           2025-07-14T16:30:07
/home/airflow/.local/lib/python3.7/site-packages/airflow/example_dags/example_external_task_marker_dag.py                                  2           0  0.37s           2025-07-14T16:30:03
/home/airflow/.local/lib/python3.7/site-packages/airflow/example_dags/example_xcomargs.py                                                  2           0  0.50s           2025-07-14T16:30:06
/home/airflow/.local/lib/python3.7/site-packages/airflow/example_dags/example_subdag_operator.py                                           3           0  0.38s           2025-07-14T16:30:03
/home/airflow/.local/lib/python3.7/site-packages/airflow/example_dags/example_branch_datetime_operator.py                                  3           0  0.37s           2025-07-14T16:30:04
/home/airflow/.local/lib/python3.7/site-packages/airflow/example_dags/example_datasets.py                                                  6           0  0.38s           2025-07-14T16:29:56
================================================================================
[2025-07-14T16:30:40.514+0000] {manager.py:846} INFO - 
================================================================================
DAG File Processing Stats

File Path                                                                                                         PID    Runtime      # DAGs    # Errors  Last Runtime    Last Run
----------------------------------------------------------------------------------------------------------------  -----  ---------  --------  ----------  --------------  -------------------
/opt/airflow/dags/ckan_sdmx_pipeline.py                                                                                                    0           1  0.11s           2025-07-14T16:30:38
/home/airflow/.local/lib/python3.7/site-packages/airflow/example_dags/plugins/workday.py                                                   0           0  0.05s           2025-07-14T16:30:38
/home/airflow/.local/lib/python3.7/site-packages/airflow/example_dags/subdags/subdag.py                                                    0           0  0.06s           2025-07-14T16:30:38
/home/airflow/.local/lib/python3.7/site-packages/airflow/example_dags/example_short_circuit_decorator.py                                   1           0  0.16s           2025-07-14T16:30:20
/home/airflow/.local/lib/python3.7/site-packages/airflow/example_dags/example_bash_operator.py                                             1           0  0.16s           2025-07-14T16:30:20
/home/airflow/.local/lib/python3.7/site-packages/airflow/example_dags/tutorial_taskflow_api.py                                             1           0  0.26s           2025-07-14T16:30:21
/home/airflow/.local/lib/python3.7/site-packages/airflow/example_dags/example_latest_only_with_trigger.py                                  1           0  0.26s           2025-07-14T16:30:21
/home/airflow/.local/lib/python3.7/site-packages/airflow/example_dags/tutorial.py                                                          1           0  0.29s           2025-07-14T16:30:22
/home/airflow/.local/lib/python3.7/site-packages/airflow/example_dags/example_branch_operator_decorator.py                                 1           0  0.32s           2025-07-14T16:30:22
/home/airflow/.local/lib/python3.7/site-packages/airflow/example_dags/example_complex.py                                                   1           0  0.31s           2025-07-14T16:30:22
/home/airflow/.local/lib/python3.7/site-packages/airflow/example_dags/example_branch_operator.py                                           1           0  0.26s           2025-07-14T16:30:22
/home/airflow/.local/lib/python3.7/site-packages/airflow/example_dags/example_python_operator.py                                           1           0  0.22s           2025-07-14T16:30:23
/home/airflow/.local/lib/python3.7/site-packages/airflow/example_dags/example_branch_labels.py                                             1           0  0.20s           2025-07-14T16:30:23
/home/airflow/.local/lib/python3.7/site-packages/airflow/example_dags/example_latest_only.py                                               1           0  0.16s           2025-07-14T16:30:24
/home/airflow/.local/lib/python3.7/site-packages/airflow/example_dags/example_kubernetes_executor.py                                       1           0  0.16s           2025-07-14T16:30:24
/home/airflow/.local/lib/python3.7/site-packages/airflow/example_dags/example_short_circuit_operator.py                                    1           0  0.18s           2025-07-14T16:30:24
/home/airflow/.local/lib/python3.7/site-packages/airflow/example_dags/example_dag_decorator.py                                             1           0  0.44s           2025-07-14T16:30:27
/home/airflow/.local/lib/python3.7/site-packages/airflow/example_dags/example_trigger_target_dag.py                                        1           0  0.30s           2025-07-14T16:30:34
/home/airflow/.local/lib/python3.7/site-packages/airflow/example_dags/example_xcom.py                                                      1           0  0.29s           2025-07-14T16:30:34
/home/airflow/.local/lib/python3.7/site-packages/airflow/example_dags/example_local_kubernetes_executor.py                                 1           0  0.25s           2025-07-14T16:30:34
/home/airflow/.local/lib/python3.7/site-packages/airflow/example_dags/example_branch_day_of_week_operator.py                               1           0  0.28s           2025-07-14T16:30:34
/home/airflow/.local/lib/python3.7/site-packages/airflow/example_dags/example_time_delta_sensor_async.py                                   1           0  0.50s           2025-07-14T16:30:36
/home/airflow/.local/lib/python3.7/site-packages/airflow/example_dags/example_trigger_controller_dag.py                                    1           0  0.25s           2025-07-14T16:30:34
/home/airflow/.local/lib/python3.7/site-packages/airflow/example_dags/tutorial_dag.py                                                      1           0  0.25s           2025-07-14T16:30:35
/home/airflow/.local/lib/python3.7/site-packages/airflow/example_dags/tutorial_taskflow_api_virtualenv.py                                  1           0  0.25s           2025-07-14T16:30:35
/home/airflow/.local/lib/python3.7/site-packages/airflow/example_dags/example_passing_params_via_test_command.py                           1           0  0.26s           2025-07-14T16:30:35
/home/airflow/.local/lib/python3.7/site-packages/airflow/example_dags/example_task_group_decorator.py                                      1           0  0.26s           2025-07-14T16:30:35
/home/airflow/.local/lib/python3.7/site-packages/airflow/example_dags/example_branch_python_dop_operator_3.py                              1           0  0.29s           2025-07-14T16:30:37
/home/airflow/.local/lib/python3.7/site-packages/airflow/example_dags/example_sla_dag.py                                                   1           0  0.18s           2025-07-14T16:30:38
/home/airflow/.local/lib/python3.7/site-packages/airflow/example_dags/example_nested_branch_dag.py                                         1           0  0.16s           2025-07-14T16:30:38
/home/airflow/.local/lib/python3.7/site-packages/airflow/example_dags/example_task_group.py                                                1           0  0.15s           2025-07-14T16:30:38
/home/airflow/.local/lib/python3.7/site-packages/airflow/example_dags/example_skip_dag.py                                                  1           0  0.17s           2025-07-14T16:30:38
/home/airflow/.local/lib/python3.7/site-packages/airflow/example_dags/example_external_task_marker_dag.py                                  2           0  0.58s           2025-07-14T16:30:34
/home/airflow/.local/lib/python3.7/site-packages/airflow/example_dags/example_xcomargs.py                                                  2           0  0.25s           2025-07-14T16:30:37
/home/airflow/.local/lib/python3.7/site-packages/airflow/example_dags/example_subdag_operator.py                                           3           0  0.61s           2025-07-14T16:30:34
/home/airflow/.local/lib/python3.7/site-packages/airflow/example_dags/example_branch_datetime_operator.py                                  3           0  0.26s           2025-07-14T16:30:35
/home/airflow/.local/lib/python3.7/site-packages/airflow/example_dags/example_datasets.py                                                  6           0  0.40s           2025-07-14T16:30:27
================================================================================
[2025-07-14T16:31:11.121+0000] {manager.py:846} INFO - 
================================================================================
DAG File Processing Stats

File Path                                                                                                         PID    Runtime      # DAGs    # Errors  Last Runtime    Last Run
----------------------------------------------------------------------------------------------------------------  -----  ---------  --------  ----------  --------------  -------------------
/opt/airflow/dags/ckan_sdmx_pipeline.py                                                                                                    0           1  0.15s           2025-07-14T16:31:08
/home/airflow/.local/lib/python3.7/site-packages/airflow/example_dags/plugins/workday.py                                                   0           0  0.08s           2025-07-14T16:31:08
/home/airflow/.local/lib/python3.7/site-packages/airflow/example_dags/subdags/subdag.py                                                    0           0  0.10s           2025-07-14T16:31:09
/home/airflow/.local/lib/python3.7/site-packages/airflow/example_dags/example_short_circuit_decorator.py                                   1           0  0.17s           2025-07-14T16:30:50
/home/airflow/.local/lib/python3.7/site-packages/airflow/example_dags/example_bash_operator.py                                             1           0  0.16s           2025-07-14T16:30:50
/home/airflow/.local/lib/python3.7/site-packages/airflow/example_dags/tutorial_taskflow_api.py                                             1           0  0.17s           2025-07-14T16:30:51
/home/airflow/.local/lib/python3.7/site-packages/airflow/example_dags/example_latest_only_with_trigger.py                                  1           0  0.16s           2025-07-14T16:30:51
/home/airflow/.local/lib/python3.7/site-packages/airflow/example_dags/tutorial.py                                                          1           0  0.16s           2025-07-14T16:30:52
/home/airflow/.local/lib/python3.7/site-packages/airflow/example_dags/example_branch_operator_decorator.py                                 1           0  0.16s           2025-07-14T16:30:52
/home/airflow/.local/lib/python3.7/site-packages/airflow/example_dags/example_complex.py                                                   1           0  0.17s           2025-07-14T16:30:53
/home/airflow/.local/lib/python3.7/site-packages/airflow/example_dags/example_branch_operator.py                                           1           0  0.15s           2025-07-14T16:30:53
/home/airflow/.local/lib/python3.7/site-packages/airflow/example_dags/example_python_operator.py                                           1           0  0.27s           2025-07-14T16:30:54
/home/airflow/.local/lib/python3.7/site-packages/airflow/example_dags/example_branch_labels.py                                             1           0  0.22s           2025-07-14T16:30:54
/home/airflow/.local/lib/python3.7/site-packages/airflow/example_dags/example_latest_only.py                                               1           0  0.23s           2025-07-14T16:30:55
/home/airflow/.local/lib/python3.7/site-packages/airflow/example_dags/example_kubernetes_executor.py                                       1           0  0.27s           2025-07-14T16:30:55
/home/airflow/.local/lib/python3.7/site-packages/airflow/example_dags/example_short_circuit_operator.py                                    1           0  0.21s           2025-07-14T16:30:55
/home/airflow/.local/lib/python3.7/site-packages/airflow/example_dags/example_dag_decorator.py                                             1           0  0.26s           2025-07-14T16:30:57
/home/airflow/.local/lib/python3.7/site-packages/airflow/example_dags/example_trigger_target_dag.py                                        1           0  0.27s           2025-07-14T16:31:05
/home/airflow/.local/lib/python3.7/site-packages/airflow/example_dags/example_xcom.py                                                      1           0  0.31s           2025-07-14T16:31:05
/home/airflow/.local/lib/python3.7/site-packages/airflow/example_dags/example_local_kubernetes_executor.py                                 1           0  0.32s           2025-07-14T16:31:06
/home/airflow/.local/lib/python3.7/site-packages/airflow/example_dags/example_branch_day_of_week_operator.py                               1           0  0.31s           2025-07-14T16:31:06
/home/airflow/.local/lib/python3.7/site-packages/airflow/example_dags/example_time_delta_sensor_async.py                                   1           0  0.75s           2025-07-14T16:31:08
/home/airflow/.local/lib/python3.7/site-packages/airflow/example_dags/example_trigger_controller_dag.py                                    1           0  0.27s           2025-07-14T16:31:06
/home/airflow/.local/lib/python3.7/site-packages/airflow/example_dags/tutorial_dag.py                                                      1           0  0.27s           2025-07-14T16:31:06
/home/airflow/.local/lib/python3.7/site-packages/airflow/example_dags/tutorial_taskflow_api_virtualenv.py                                  1           0  0.34s           2025-07-14T16:31:06
/home/airflow/.local/lib/python3.7/site-packages/airflow/example_dags/example_passing_params_via_test_command.py                           1           0  0.74s           2025-07-14T16:31:07
/home/airflow/.local/lib/python3.7/site-packages/airflow/example_dags/example_task_group_decorator.py                                      1           0  0.57s           2025-07-14T16:31:07
/home/airflow/.local/lib/python3.7/site-packages/airflow/example_dags/example_branch_python_dop_operator_3.py                              1           0  0.35s           2025-07-14T16:31:07
/home/airflow/.local/lib/python3.7/site-packages/airflow/example_dags/example_sla_dag.py                                                   1           0  0.31s           2025-07-14T16:31:08
/home/airflow/.local/lib/python3.7/site-packages/airflow/example_dags/example_nested_branch_dag.py                                         1           0  0.32s           2025-07-14T16:31:08
/home/airflow/.local/lib/python3.7/site-packages/airflow/example_dags/example_task_group.py                                                1           0  0.24s           2025-07-14T16:31:08
/home/airflow/.local/lib/python3.7/site-packages/airflow/example_dags/example_skip_dag.py                                                  1           0  0.25s           2025-07-14T16:31:09
/home/airflow/.local/lib/python3.7/site-packages/airflow/example_dags/example_external_task_marker_dag.py                                  2           0  0.45s           2025-07-14T16:31:05
/home/airflow/.local/lib/python3.7/site-packages/airflow/example_dags/example_xcomargs.py                                                  2           0  0.36s           2025-07-14T16:31:08
/home/airflow/.local/lib/python3.7/site-packages/airflow/example_dags/example_subdag_operator.py                                           3           0  0.49s           2025-07-14T16:31:05
/home/airflow/.local/lib/python3.7/site-packages/airflow/example_dags/example_branch_datetime_operator.py                                  3           0  0.47s           2025-07-14T16:31:06
/home/airflow/.local/lib/python3.7/site-packages/airflow/example_dags/example_datasets.py                                                  6           0  0.24s           2025-07-14T16:30:57
================================================================================
[2025-07-14T16:31:42.000+0000] {manager.py:846} INFO - 
================================================================================
DAG File Processing Stats

File Path                                                                                                         PID    Runtime      # DAGs    # Errors  Last Runtime    Last Run
----------------------------------------------------------------------------------------------------------------  -----  ---------  --------  ----------  --------------  -------------------
/opt/airflow/dags/ckan_sdmx_pipeline.py                                                                                                    0           1  0.10s           2025-07-14T16:31:38
/home/airflow/.local/lib/python3.7/site-packages/airflow/example_dags/plugins/workday.py                                                   0           0  0.09s           2025-07-14T16:31:39
/home/airflow/.local/lib/python3.7/site-packages/airflow/example_dags/subdags/subdag.py                                                    0           0  0.09s           2025-07-14T16:31:40
/home/airflow/.local/lib/python3.7/site-packages/airflow/example_dags/example_short_circuit_decorator.py                                   1           0  0.34s           2025-07-14T16:31:21
/home/airflow/.local/lib/python3.7/site-packages/airflow/example_dags/example_bash_operator.py                                             1           0  0.34s           2025-07-14T16:31:21
/home/airflow/.local/lib/python3.7/site-packages/airflow/example_dags/tutorial_taskflow_api.py                                             1           0  0.21s           2025-07-14T16:31:22
/home/airflow/.local/lib/python3.7/site-packages/airflow/example_dags/example_latest_only_with_trigger.py                                  1           0  0.19s           2025-07-14T16:31:22
/home/airflow/.local/lib/python3.7/site-packages/airflow/example_dags/tutorial.py                                                          1           0  0.18s           2025-07-14T16:31:23
/home/airflow/.local/lib/python3.7/site-packages/airflow/example_dags/example_branch_operator_decorator.py                                 1           0  0.18s           2025-07-14T16:31:23
/home/airflow/.local/lib/python3.7/site-packages/airflow/example_dags/example_complex.py                                                   1           0  0.20s           2025-07-14T16:31:24
/home/airflow/.local/lib/python3.7/site-packages/airflow/example_dags/example_branch_operator.py                                           1           0  0.18s           2025-07-14T16:31:23
/home/airflow/.local/lib/python3.7/site-packages/airflow/example_dags/example_python_operator.py                                           1           0  0.18s           2025-07-14T16:31:25
/home/airflow/.local/lib/python3.7/site-packages/airflow/example_dags/example_branch_labels.py                                             1           0  0.17s           2025-07-14T16:31:25
/home/airflow/.local/lib/python3.7/site-packages/airflow/example_dags/example_latest_only.py                                               1           0  0.17s           2025-07-14T16:31:26
/home/airflow/.local/lib/python3.7/site-packages/airflow/example_dags/example_kubernetes_executor.py                                       1           0  0.18s           2025-07-14T16:31:26
/home/airflow/.local/lib/python3.7/site-packages/airflow/example_dags/example_short_circuit_operator.py                                    1           0  0.16s           2025-07-14T16:31:26
/home/airflow/.local/lib/python3.7/site-packages/airflow/example_dags/example_dag_decorator.py                                             1           0  0.24s           2025-07-14T16:31:28
/home/airflow/.local/lib/python3.7/site-packages/airflow/example_dags/example_trigger_target_dag.py                                        1           0  0.19s           2025-07-14T16:31:36
/home/airflow/.local/lib/python3.7/site-packages/airflow/example_dags/example_xcom.py                                                      1           0  0.19s           2025-07-14T16:31:36
/home/airflow/.local/lib/python3.7/site-packages/airflow/example_dags/example_local_kubernetes_executor.py                                 1           0  0.21s           2025-07-14T16:31:36
/home/airflow/.local/lib/python3.7/site-packages/airflow/example_dags/example_branch_day_of_week_operator.py                               1           0  0.20s           2025-07-14T16:31:36
/home/airflow/.local/lib/python3.7/site-packages/airflow/example_dags/example_time_delta_sensor_async.py                                   1           0  0.42s           2025-07-14T16:31:38
/home/airflow/.local/lib/python3.7/site-packages/airflow/example_dags/example_trigger_controller_dag.py                                    1           0  0.20s           2025-07-14T16:31:36
/home/airflow/.local/lib/python3.7/site-packages/airflow/example_dags/tutorial_dag.py                                                      1           0  0.22s           2025-07-14T16:31:36
/home/airflow/.local/lib/python3.7/site-packages/airflow/example_dags/tutorial_taskflow_api_virtualenv.py                                  1           0  0.20s           2025-07-14T16:31:37
/home/airflow/.local/lib/python3.7/site-packages/airflow/example_dags/example_passing_params_via_test_command.py                           1           0  0.20s           2025-07-14T16:31:38
/home/airflow/.local/lib/python3.7/site-packages/airflow/example_dags/example_task_group_decorator.py                                      1           0  0.19s           2025-07-14T16:31:38
/home/airflow/.local/lib/python3.7/site-packages/airflow/example_dags/example_branch_python_dop_operator_3.py                              1           0  0.22s           2025-07-14T16:31:38
/home/airflow/.local/lib/python3.7/site-packages/airflow/example_dags/example_sla_dag.py                                                   1           0  0.22s           2025-07-14T16:31:38
/home/airflow/.local/lib/python3.7/site-packages/airflow/example_dags/example_nested_branch_dag.py                                         1           0  0.20s           2025-07-14T16:31:38
/home/airflow/.local/lib/python3.7/site-packages/airflow/example_dags/example_task_group.py                                                1           0  0.19s           2025-07-14T16:31:39
/home/airflow/.local/lib/python3.7/site-packages/airflow/example_dags/example_skip_dag.py                                                  1           0  0.17s           2025-07-14T16:31:39
/home/airflow/.local/lib/python3.7/site-packages/airflow/example_dags/example_external_task_marker_dag.py                                  2           0  0.39s           2025-07-14T16:31:35
/home/airflow/.local/lib/python3.7/site-packages/airflow/example_dags/example_xcomargs.py                                                  2           0  0.23s           2025-07-14T16:31:38
/home/airflow/.local/lib/python3.7/site-packages/airflow/example_dags/example_subdag_operator.py                                           3           0  0.43s           2025-07-14T16:31:35
/home/airflow/.local/lib/python3.7/site-packages/airflow/example_dags/example_branch_datetime_operator.py                                  3           0  0.22s           2025-07-14T16:31:37
/home/airflow/.local/lib/python3.7/site-packages/airflow/example_dags/example_datasets.py                                                  6           0  0.23s           2025-07-14T16:31:28
================================================================================
[2025-07-14T16:32:12.019+0000] {manager.py:846} INFO - 
================================================================================
DAG File Processing Stats

File Path                                                                                                         PID    Runtime      # DAGs    # Errors  Last Runtime    Last Run
----------------------------------------------------------------------------------------------------------------  -----  ---------  --------  ----------  --------------  -------------------
/opt/airflow/dags/ckan_sdmx_pipeline.py                                                                                                    0           1  0.16s           2025-07-14T16:32:09
/home/airflow/.local/lib/python3.7/site-packages/airflow/example_dags/plugins/workday.py                                                   0           0  0.09s           2025-07-14T16:32:10
/home/airflow/.local/lib/python3.7/site-packages/airflow/example_dags/subdags/subdag.py                                                    0           0  0.09s           2025-07-14T16:32:10
/home/airflow/.local/lib/python3.7/site-packages/airflow/example_dags/example_short_circuit_decorator.py                                   1           0  0.15s           2025-07-14T16:31:52
/home/airflow/.local/lib/python3.7/site-packages/airflow/example_dags/example_bash_operator.py                                             1           0  0.15s           2025-07-14T16:31:52
/home/airflow/.local/lib/python3.7/site-packages/airflow/example_dags/tutorial_taskflow_api.py                                             1           0  0.16s           2025-07-14T16:31:53
/home/airflow/.local/lib/python3.7/site-packages/airflow/example_dags/example_latest_only_with_trigger.py                                  1           0  0.15s           2025-07-14T16:31:53
/home/airflow/.local/lib/python3.7/site-packages/airflow/example_dags/tutorial.py                                                          1           0  0.17s           2025-07-14T16:31:54
/home/airflow/.local/lib/python3.7/site-packages/airflow/example_dags/example_branch_operator_decorator.py                                 1           0  0.17s           2025-07-14T16:31:54
/home/airflow/.local/lib/python3.7/site-packages/airflow/example_dags/example_complex.py                                                   1           0  0.19s           2025-07-14T16:31:54
/home/airflow/.local/lib/python3.7/site-packages/airflow/example_dags/example_branch_operator.py                                           1           0  0.22s           2025-07-14T16:31:54
/home/airflow/.local/lib/python3.7/site-packages/airflow/example_dags/example_python_operator.py                                           1           0  0.21s           2025-07-14T16:31:55
/home/airflow/.local/lib/python3.7/site-packages/airflow/example_dags/example_branch_labels.py                                             1           0  0.18s           2025-07-14T16:31:55
/home/airflow/.local/lib/python3.7/site-packages/airflow/example_dags/example_latest_only.py                                               1           0  0.38s           2025-07-14T16:31:57
/home/airflow/.local/lib/python3.7/site-packages/airflow/example_dags/example_kubernetes_executor.py                                       1           0  0.43s           2025-07-14T16:31:57
/home/airflow/.local/lib/python3.7/site-packages/airflow/example_dags/example_short_circuit_operator.py                                    1           0  0.28s           2025-07-14T16:31:57
/home/airflow/.local/lib/python3.7/site-packages/airflow/example_dags/example_dag_decorator.py                                             1           0  0.26s           2025-07-14T16:31:58
/home/airflow/.local/lib/python3.7/site-packages/airflow/example_dags/example_trigger_target_dag.py                                        1           0  0.26s           2025-07-14T16:32:07
/home/airflow/.local/lib/python3.7/site-packages/airflow/example_dags/example_xcom.py                                                      1           0  0.27s           2025-07-14T16:32:07
/home/airflow/.local/lib/python3.7/site-packages/airflow/example_dags/example_local_kubernetes_executor.py                                 1           0  0.30s           2025-07-14T16:32:08
/home/airflow/.local/lib/python3.7/site-packages/airflow/example_dags/example_branch_day_of_week_operator.py                               1           0  0.27s           2025-07-14T16:32:08
/home/airflow/.local/lib/python3.7/site-packages/airflow/example_dags/example_time_delta_sensor_async.py                                   1           0  0.79s           2025-07-14T16:32:09
/home/airflow/.local/lib/python3.7/site-packages/airflow/example_dags/example_trigger_controller_dag.py                                    1           0  0.30s           2025-07-14T16:32:08
/home/airflow/.local/lib/python3.7/site-packages/airflow/example_dags/tutorial_dag.py                                                      1           0  0.31s           2025-07-14T16:32:08
/home/airflow/.local/lib/python3.7/site-packages/airflow/example_dags/tutorial_taskflow_api_virtualenv.py                                  1           0  0.34s           2025-07-14T16:32:08
/home/airflow/.local/lib/python3.7/site-packages/airflow/example_dags/example_passing_params_via_test_command.py                           1           0  0.35s           2025-07-14T16:32:09
/home/airflow/.local/lib/python3.7/site-packages/airflow/example_dags/example_task_group_decorator.py                                      1           0  0.33s           2025-07-14T16:32:09
/home/airflow/.local/lib/python3.7/site-packages/airflow/example_dags/example_branch_python_dop_operator_3.py                              1           0  0.40s           2025-07-14T16:32:09
/home/airflow/.local/lib/python3.7/site-packages/airflow/example_dags/example_sla_dag.py                                                   1           0  0.33s           2025-07-14T16:32:10
/home/airflow/.local/lib/python3.7/site-packages/airflow/example_dags/example_nested_branch_dag.py                                         1           0  0.26s           2025-07-14T16:32:10
/home/airflow/.local/lib/python3.7/site-packages/airflow/example_dags/example_task_group.py                                                1           0  0.23s           2025-07-14T16:32:10
/home/airflow/.local/lib/python3.7/site-packages/airflow/example_dags/example_skip_dag.py                                                  1           0  0.21s           2025-07-14T16:32:10
/home/airflow/.local/lib/python3.7/site-packages/airflow/example_dags/example_external_task_marker_dag.py                                  2           0  0.83s           2025-07-14T16:32:07
/home/airflow/.local/lib/python3.7/site-packages/airflow/example_dags/example_xcomargs.py                                                  2           0  0.36s           2025-07-14T16:32:09
/home/airflow/.local/lib/python3.7/site-packages/airflow/example_dags/example_subdag_operator.py                                           3           0  0.93s           2025-07-14T16:32:07
/home/airflow/.local/lib/python3.7/site-packages/airflow/example_dags/example_branch_datetime_operator.py                                  3           0  0.38s           2025-07-14T16:32:08
/home/airflow/.local/lib/python3.7/site-packages/airflow/example_dags/example_datasets.py                                                  6           0  0.24s           2025-07-14T16:31:58
================================================================================
[2025-07-14T16:32:42.767+0000] {manager.py:846} INFO - 
================================================================================
DAG File Processing Stats

File Path                                                                                                         PID    Runtime      # DAGs    # Errors  Last Runtime    Last Run
----------------------------------------------------------------------------------------------------------------  -----  ---------  --------  ----------  --------------  -------------------
/opt/airflow/dags/ckan_sdmx_pipeline.py                                                                                                    0           1  0.11s           2025-07-14T16:32:39
/home/airflow/.local/lib/python3.7/site-packages/airflow/example_dags/plugins/workday.py                                                   0           0  0.09s           2025-07-14T16:32:41
/home/airflow/.local/lib/python3.7/site-packages/airflow/example_dags/subdags/subdag.py                                                    0           0  0.11s           2025-07-14T16:32:41
/home/airflow/.local/lib/python3.7/site-packages/airflow/example_dags/example_short_circuit_decorator.py                                   1           0  0.23s           2025-07-14T16:32:23
/home/airflow/.local/lib/python3.7/site-packages/airflow/example_dags/example_bash_operator.py                                             1           0  0.23s           2025-07-14T16:32:23
/home/airflow/.local/lib/python3.7/site-packages/airflow/example_dags/tutorial_taskflow_api.py                                             1           0  0.22s           2025-07-14T16:32:24
/home/airflow/.local/lib/python3.7/site-packages/airflow/example_dags/example_latest_only_with_trigger.py                                  1           0  0.19s           2025-07-14T16:32:24
/home/airflow/.local/lib/python3.7/site-packages/airflow/example_dags/tutorial.py                                                          1           0  0.17s           2025-07-14T16:32:25
/home/airflow/.local/lib/python3.7/site-packages/airflow/example_dags/example_branch_operator_decorator.py                                 1           0  0.17s           2025-07-14T16:32:25
/home/airflow/.local/lib/python3.7/site-packages/airflow/example_dags/example_complex.py                                                   1           0  0.19s           2025-07-14T16:32:25
/home/airflow/.local/lib/python3.7/site-packages/airflow/example_dags/example_branch_operator.py                                           1           0  0.19s           2025-07-14T16:32:25
/home/airflow/.local/lib/python3.7/site-packages/airflow/example_dags/example_python_operator.py                                           1           0  0.36s           2025-07-14T16:32:26
/home/airflow/.local/lib/python3.7/site-packages/airflow/example_dags/example_branch_labels.py                                             1           0  0.32s           2025-07-14T16:32:26
/home/airflow/.local/lib/python3.7/site-packages/airflow/example_dags/example_latest_only.py                                               1           0  0.18s           2025-07-14T16:32:28
/home/airflow/.local/lib/python3.7/site-packages/airflow/example_dags/example_kubernetes_executor.py                                       1           0  0.19s           2025-07-14T16:32:28
/home/airflow/.local/lib/python3.7/site-packages/airflow/example_dags/example_short_circuit_operator.py                                    1           0  0.21s           2025-07-14T16:32:28
/home/airflow/.local/lib/python3.7/site-packages/airflow/example_dags/example_dag_decorator.py                                             1           0  0.42s           2025-07-14T16:32:29
/home/airflow/.local/lib/python3.7/site-packages/airflow/example_dags/example_trigger_target_dag.py                                        1           0  0.20s           2025-07-14T16:32:38
/home/airflow/.local/lib/python3.7/site-packages/airflow/example_dags/example_xcom.py                                                      1           0  0.19s           2025-07-14T16:32:38
/home/airflow/.local/lib/python3.7/site-packages/airflow/example_dags/example_local_kubernetes_executor.py                                 1           0  0.20s           2025-07-14T16:32:38
/home/airflow/.local/lib/python3.7/site-packages/airflow/example_dags/example_branch_day_of_week_operator.py                               1           0  0.19s           2025-07-14T16:32:38
/home/airflow/.local/lib/python3.7/site-packages/airflow/example_dags/example_time_delta_sensor_async.py                                   1           0  0.64s           2025-07-14T16:32:40
/home/airflow/.local/lib/python3.7/site-packages/airflow/example_dags/example_trigger_controller_dag.py                                    1           0  0.19s           2025-07-14T16:32:38
/home/airflow/.local/lib/python3.7/site-packages/airflow/example_dags/tutorial_dag.py                                                      1           0  0.19s           2025-07-14T16:32:38
/home/airflow/.local/lib/python3.7/site-packages/airflow/example_dags/tutorial_taskflow_api_virtualenv.py                                  1           0  0.22s           2025-07-14T16:32:39
/home/airflow/.local/lib/python3.7/site-packages/airflow/example_dags/example_passing_params_via_test_command.py                           1           0  0.21s           2025-07-14T16:32:40
/home/airflow/.local/lib/python3.7/site-packages/airflow/example_dags/example_task_group_decorator.py                                      1           0  0.24s           2025-07-14T16:32:40
/home/airflow/.local/lib/python3.7/site-packages/airflow/example_dags/example_branch_python_dop_operator_3.py                              1           0  0.27s           2025-07-14T16:32:40
/home/airflow/.local/lib/python3.7/site-packages/airflow/example_dags/example_sla_dag.py                                                   1           0  0.44s           2025-07-14T16:32:41
/home/airflow/.local/lib/python3.7/site-packages/airflow/example_dags/example_nested_branch_dag.py                                         1           0  0.38s           2025-07-14T16:32:41
/home/airflow/.local/lib/python3.7/site-packages/airflow/example_dags/example_task_group.py                                                1           0  0.37s           2025-07-14T16:32:41
/home/airflow/.local/lib/python3.7/site-packages/airflow/example_dags/example_skip_dag.py                                                  1           0  0.35s           2025-07-14T16:32:41
/home/airflow/.local/lib/python3.7/site-packages/airflow/example_dags/example_external_task_marker_dag.py                                  2           0  0.41s           2025-07-14T16:32:37
/home/airflow/.local/lib/python3.7/site-packages/airflow/example_dags/example_xcomargs.py                                                  2           0  0.55s           2025-07-14T16:32:40
/home/airflow/.local/lib/python3.7/site-packages/airflow/example_dags/example_subdag_operator.py                                           3           0  0.45s           2025-07-14T16:32:38
/home/airflow/.local/lib/python3.7/site-packages/airflow/example_dags/example_branch_datetime_operator.py                                  3           0  0.20s           2025-07-14T16:32:39
/home/airflow/.local/lib/python3.7/site-packages/airflow/example_dags/example_datasets.py                                                  6           0  0.37s           2025-07-14T16:32:29
================================================================================
[2025-07-14T16:33:13.169+0000] {manager.py:846} INFO - 
================================================================================
DAG File Processing Stats

File Path                                                                                                         PID    Runtime      # DAGs    # Errors  Last Runtime    Last Run
----------------------------------------------------------------------------------------------------------------  -----  ---------  --------  ----------  --------------  -------------------
/opt/airflow/dags/ckan_sdmx_pipeline.py                                                                                                    0           1  0.23s           2025-07-14T16:33:10
/home/airflow/.local/lib/python3.7/site-packages/airflow/example_dags/plugins/workday.py                                                   0           0  0.07s           2025-07-14T16:33:12
/home/airflow/.local/lib/python3.7/site-packages/airflow/example_dags/subdags/subdag.py                                                    0           0  0.07s           2025-07-14T16:33:12
/home/airflow/.local/lib/python3.7/site-packages/airflow/example_dags/example_short_circuit_decorator.py                                   1           0  0.16s           2025-07-14T16:32:54
/home/airflow/.local/lib/python3.7/site-packages/airflow/example_dags/example_bash_operator.py                                             1           0  0.15s           2025-07-14T16:32:54
/home/airflow/.local/lib/python3.7/site-packages/airflow/example_dags/tutorial_taskflow_api.py                                             1           0  0.15s           2025-07-14T16:32:55
/home/airflow/.local/lib/python3.7/site-packages/airflow/example_dags/example_latest_only_with_trigger.py                                  1           0  0.15s           2025-07-14T16:32:55
/home/airflow/.local/lib/python3.7/site-packages/airflow/example_dags/tutorial.py                                                          1           0  0.15s           2025-07-14T16:32:56
/home/airflow/.local/lib/python3.7/site-packages/airflow/example_dags/example_branch_operator_decorator.py                                 1           0  0.16s           2025-07-14T16:32:56
/home/airflow/.local/lib/python3.7/site-packages/airflow/example_dags/example_complex.py                                                   1           0  0.16s           2025-07-14T16:32:56
/home/airflow/.local/lib/python3.7/site-packages/airflow/example_dags/example_branch_operator.py                                           1           0  0.18s           2025-07-14T16:32:56
/home/airflow/.local/lib/python3.7/site-packages/airflow/example_dags/example_python_operator.py                                           1           0  0.18s           2025-07-14T16:32:57
/home/airflow/.local/lib/python3.7/site-packages/airflow/example_dags/example_branch_labels.py                                             1           0  0.16s           2025-07-14T16:32:57
/home/airflow/.local/lib/python3.7/site-packages/airflow/example_dags/example_latest_only.py                                               1           0  0.14s           2025-07-14T16:32:58
/home/airflow/.local/lib/python3.7/site-packages/airflow/example_dags/example_kubernetes_executor.py                                       1           0  0.16s           2025-07-14T16:32:58
/home/airflow/.local/lib/python3.7/site-packages/airflow/example_dags/example_short_circuit_operator.py                                    1           0  0.16s           2025-07-14T16:32:58
/home/airflow/.local/lib/python3.7/site-packages/airflow/example_dags/example_dag_decorator.py                                             1           0  0.28s           2025-07-14T16:33:00
/home/airflow/.local/lib/python3.7/site-packages/airflow/example_dags/example_trigger_target_dag.py                                        1           0  0.26s           2025-07-14T16:33:09
/home/airflow/.local/lib/python3.7/site-packages/airflow/example_dags/example_xcom.py                                                      1           0  0.25s           2025-07-14T16:33:09
/home/airflow/.local/lib/python3.7/site-packages/airflow/example_dags/example_local_kubernetes_executor.py                                 1           0  0.32s           2025-07-14T16:33:09
/home/airflow/.local/lib/python3.7/site-packages/airflow/example_dags/example_branch_day_of_week_operator.py                               1           0  0.31s           2025-07-14T16:33:09
/home/airflow/.local/lib/python3.7/site-packages/airflow/example_dags/example_time_delta_sensor_async.py                                   1           0  0.56s           2025-07-14T16:33:11
/home/airflow/.local/lib/python3.7/site-packages/airflow/example_dags/example_trigger_controller_dag.py                                    1           0  0.27s           2025-07-14T16:33:09
/home/airflow/.local/lib/python3.7/site-packages/airflow/example_dags/tutorial_dag.py                                                      1           0  0.55s           2025-07-14T16:33:10
/home/airflow/.local/lib/python3.7/site-packages/airflow/example_dags/tutorial_taskflow_api_virtualenv.py                                  1           0  0.46s           2025-07-14T16:33:10
/home/airflow/.local/lib/python3.7/site-packages/airflow/example_dags/example_passing_params_via_test_command.py                           1           0  0.34s           2025-07-14T16:33:11
/home/airflow/.local/lib/python3.7/site-packages/airflow/example_dags/example_task_group_decorator.py                                      1           0  0.29s           2025-07-14T16:33:11
/home/airflow/.local/lib/python3.7/site-packages/airflow/example_dags/example_branch_python_dop_operator_3.py                              1           0  0.28s           2025-07-14T16:33:11
/home/airflow/.local/lib/python3.7/site-packages/airflow/example_dags/example_sla_dag.py                                                   1           0  0.21s           2025-07-14T16:33:11
/home/airflow/.local/lib/python3.7/site-packages/airflow/example_dags/example_nested_branch_dag.py                                         1           0  0.24s           2025-07-14T16:33:11
/home/airflow/.local/lib/python3.7/site-packages/airflow/example_dags/example_task_group.py                                                1           0  0.20s           2025-07-14T16:33:12
/home/airflow/.local/lib/python3.7/site-packages/airflow/example_dags/example_skip_dag.py                                                  1           0  0.21s           2025-07-14T16:33:12
/home/airflow/.local/lib/python3.7/site-packages/airflow/example_dags/example_external_task_marker_dag.py                                  2           0  0.68s           2025-07-14T16:33:08
/home/airflow/.local/lib/python3.7/site-packages/airflow/example_dags/example_xcomargs.py                                                  2           0  0.24s           2025-07-14T16:33:11
/home/airflow/.local/lib/python3.7/site-packages/airflow/example_dags/example_subdag_operator.py                                           3           0  0.70s           2025-07-14T16:33:08
/home/airflow/.local/lib/python3.7/site-packages/airflow/example_dags/example_branch_datetime_operator.py                                  3           0  0.44s           2025-07-14T16:33:10
/home/airflow/.local/lib/python3.7/site-packages/airflow/example_dags/example_datasets.py                                                  6           0  0.24s           2025-07-14T16:32:59
================================================================================
[2025-07-14T16:33:43.308+0000] {manager.py:846} INFO - 
================================================================================
DAG File Processing Stats

File Path                                                                                                           PID  Runtime      # DAGs    # Errors  Last Runtime    Last Run
----------------------------------------------------------------------------------------------------------------  -----  ---------  --------  ----------  --------------  -------------------
/opt/airflow/dags/ckan_sdmx_pipeline.py                                                                                                    0           1  0.08s           2025-07-14T16:33:40
/home/airflow/.local/lib/python3.7/site-packages/airflow/example_dags/plugins/workday.py                           4142  0.01s             0           0  0.07s           2025-07-14T16:33:12
/home/airflow/.local/lib/python3.7/site-packages/airflow/example_dags/subdags/subdag.py                                                    0           0  0.07s           2025-07-14T16:33:12
/home/airflow/.local/lib/python3.7/site-packages/airflow/example_dags/example_short_circuit_decorator.py                                   1           0  0.17s           2025-07-14T16:33:24
/home/airflow/.local/lib/python3.7/site-packages/airflow/example_dags/example_bash_operator.py                                             1           0  0.17s           2025-07-14T16:33:24
/home/airflow/.local/lib/python3.7/site-packages/airflow/example_dags/tutorial_taskflow_api.py                                             1           0  0.17s           2025-07-14T16:33:25
/home/airflow/.local/lib/python3.7/site-packages/airflow/example_dags/example_latest_only_with_trigger.py                                  1           0  0.15s           2025-07-14T16:33:25
/home/airflow/.local/lib/python3.7/site-packages/airflow/example_dags/tutorial.py                                                          1           0  0.16s           2025-07-14T16:33:26
/home/airflow/.local/lib/python3.7/site-packages/airflow/example_dags/example_branch_operator_decorator.py                                 1           0  0.19s           2025-07-14T16:33:26
/home/airflow/.local/lib/python3.7/site-packages/airflow/example_dags/example_complex.py                                                   1           0  0.26s           2025-07-14T16:33:26
/home/airflow/.local/lib/python3.7/site-packages/airflow/example_dags/example_branch_operator.py                                           1           0  0.23s           2025-07-14T16:33:26
/home/airflow/.local/lib/python3.7/site-packages/airflow/example_dags/example_python_operator.py                                           1           0  0.17s           2025-07-14T16:33:28
/home/airflow/.local/lib/python3.7/site-packages/airflow/example_dags/example_branch_labels.py                                             1           0  0.15s           2025-07-14T16:33:28
/home/airflow/.local/lib/python3.7/site-packages/airflow/example_dags/example_latest_only.py                                               1           0  0.15s           2025-07-14T16:33:29
/home/airflow/.local/lib/python3.7/site-packages/airflow/example_dags/example_kubernetes_executor.py                                       1           0  0.17s           2025-07-14T16:33:29
/home/airflow/.local/lib/python3.7/site-packages/airflow/example_dags/example_short_circuit_operator.py                                    1           0  0.24s           2025-07-14T16:33:29
/home/airflow/.local/lib/python3.7/site-packages/airflow/example_dags/example_dag_decorator.py                                             1           0  0.27s           2025-07-14T16:33:30
/home/airflow/.local/lib/python3.7/site-packages/airflow/example_dags/example_trigger_target_dag.py                                        1           0  0.17s           2025-07-14T16:33:40
/home/airflow/.local/lib/python3.7/site-packages/airflow/example_dags/example_xcom.py                                                      1           0  0.17s           2025-07-14T16:33:40
/home/airflow/.local/lib/python3.7/site-packages/airflow/example_dags/example_local_kubernetes_executor.py                                 1           0  0.18s           2025-07-14T16:33:40
/home/airflow/.local/lib/python3.7/site-packages/airflow/example_dags/example_branch_day_of_week_operator.py                               1           0  0.17s           2025-07-14T16:33:40
/home/airflow/.local/lib/python3.7/site-packages/airflow/example_dags/example_time_delta_sensor_async.py                                   1           0  0.78s           2025-07-14T16:33:42
/home/airflow/.local/lib/python3.7/site-packages/airflow/example_dags/example_trigger_controller_dag.py                                    1           0  0.15s           2025-07-14T16:33:40
/home/airflow/.local/lib/python3.7/site-packages/airflow/example_dags/tutorial_dag.py                                                      1           0  0.15s           2025-07-14T16:33:40
/home/airflow/.local/lib/python3.7/site-packages/airflow/example_dags/tutorial_taskflow_api_virtualenv.py                                  1           0  0.21s           2025-07-14T16:33:41
/home/airflow/.local/lib/python3.7/site-packages/airflow/example_dags/example_passing_params_via_test_command.py                           1           0  0.20s           2025-07-14T16:33:41
/home/airflow/.local/lib/python3.7/site-packages/airflow/example_dags/example_task_group_decorator.py                                      1           0  0.21s           2025-07-14T16:33:42
/home/airflow/.local/lib/python3.7/site-packages/airflow/example_dags/example_branch_python_dop_operator_3.py                              1           0  0.28s           2025-07-14T16:33:42
/home/airflow/.local/lib/python3.7/site-packages/airflow/example_dags/example_sla_dag.py                                                   1           0  0.26s           2025-07-14T16:33:43
/home/airflow/.local/lib/python3.7/site-packages/airflow/example_dags/example_nested_branch_dag.py                                         1           0  0.26s           2025-07-14T16:33:43
/home/airflow/.local/lib/python3.7/site-packages/airflow/example_dags/example_task_group.py                                                1           0  0.26s           2025-07-14T16:33:43
/home/airflow/.local/lib/python3.7/site-packages/airflow/example_dags/example_skip_dag.py                          4141  0.23s             1           0  0.21s           2025-07-14T16:33:12
/home/airflow/.local/lib/python3.7/site-packages/airflow/example_dags/example_external_task_marker_dag.py                                  2           0  0.33s           2025-07-14T16:33:39
/home/airflow/.local/lib/python3.7/site-packages/airflow/example_dags/example_xcomargs.py                                                  2           0  0.44s           2025-07-14T16:33:42
/home/airflow/.local/lib/python3.7/site-packages/airflow/example_dags/example_subdag_operator.py                                           3           0  0.39s           2025-07-14T16:33:40
/home/airflow/.local/lib/python3.7/site-packages/airflow/example_dags/example_branch_datetime_operator.py                                  3           0  0.23s           2025-07-14T16:33:41
/home/airflow/.local/lib/python3.7/site-packages/airflow/example_dags/example_datasets.py                                                  6           0  0.24s           2025-07-14T16:33:30
================================================================================
[2025-07-14T16:34:13.460+0000] {manager.py:846} INFO - 
================================================================================
DAG File Processing Stats

File Path                                                                                                           PID  Runtime      # DAGs    # Errors  Last Runtime    Last Run
----------------------------------------------------------------------------------------------------------------  -----  ---------  --------  ----------  --------------  -------------------
/opt/airflow/dags/ckan_sdmx_pipeline.py                                                                                                    0           1  0.10s           2025-07-14T16:34:11
/home/airflow/.local/lib/python3.7/site-packages/airflow/example_dags/plugins/workday.py                                                   0           0  0.07s           2025-07-14T16:33:43
/home/airflow/.local/lib/python3.7/site-packages/airflow/example_dags/subdags/subdag.py                                                    0           0  0.08s           2025-07-14T16:33:43
/home/airflow/.local/lib/python3.7/site-packages/airflow/example_dags/example_short_circuit_decorator.py                                   1           0  0.16s           2025-07-14T16:33:54
/home/airflow/.local/lib/python3.7/site-packages/airflow/example_dags/example_bash_operator.py                                             1           0  0.16s           2025-07-14T16:33:54
/home/airflow/.local/lib/python3.7/site-packages/airflow/example_dags/tutorial_taskflow_api.py                                             1           0  0.21s           2025-07-14T16:33:55
/home/airflow/.local/lib/python3.7/site-packages/airflow/example_dags/example_latest_only_with_trigger.py                                  1           0  0.20s           2025-07-14T16:33:55
/home/airflow/.local/lib/python3.7/site-packages/airflow/example_dags/tutorial.py                                                          1           0  0.31s           2025-07-14T16:33:57
/home/airflow/.local/lib/python3.7/site-packages/airflow/example_dags/example_branch_operator_decorator.py                                 1           0  0.33s           2025-07-14T16:33:57
/home/airflow/.local/lib/python3.7/site-packages/airflow/example_dags/example_complex.py                                                   1           0  0.25s           2025-07-14T16:33:57
/home/airflow/.local/lib/python3.7/site-packages/airflow/example_dags/example_branch_operator.py                                           1           0  0.23s           2025-07-14T16:33:57
/home/airflow/.local/lib/python3.7/site-packages/airflow/example_dags/example_python_operator.py                                           1           0  0.17s           2025-07-14T16:33:58
/home/airflow/.local/lib/python3.7/site-packages/airflow/example_dags/example_branch_labels.py                                             1           0  0.16s           2025-07-14T16:33:58
/home/airflow/.local/lib/python3.7/site-packages/airflow/example_dags/example_latest_only.py                                               1           0  0.18s           2025-07-14T16:33:59
/home/airflow/.local/lib/python3.7/site-packages/airflow/example_dags/example_kubernetes_executor.py                                       1           0  0.21s           2025-07-14T16:33:59
/home/airflow/.local/lib/python3.7/site-packages/airflow/example_dags/example_short_circuit_operator.py                                    1           0  0.23s           2025-07-14T16:33:59
/home/airflow/.local/lib/python3.7/site-packages/airflow/example_dags/example_dag_decorator.py                                             1           0  0.23s           2025-07-14T16:34:00
/home/airflow/.local/lib/python3.7/site-packages/airflow/example_dags/example_trigger_target_dag.py                                        1           0  0.23s           2025-07-14T16:34:10
/home/airflow/.local/lib/python3.7/site-packages/airflow/example_dags/example_xcom.py                                                      1           0  0.23s           2025-07-14T16:34:10
/home/airflow/.local/lib/python3.7/site-packages/airflow/example_dags/example_local_kubernetes_executor.py                                 1           0  0.23s           2025-07-14T16:34:11
/home/airflow/.local/lib/python3.7/site-packages/airflow/example_dags/example_branch_day_of_week_operator.py                               1           0  0.23s           2025-07-14T16:34:11
/home/airflow/.local/lib/python3.7/site-packages/airflow/example_dags/example_time_delta_sensor_async.py                                   1           0  0.31s           2025-07-14T16:34:13
/home/airflow/.local/lib/python3.7/site-packages/airflow/example_dags/example_trigger_controller_dag.py                                    1           0  0.20s           2025-07-14T16:34:11
/home/airflow/.local/lib/python3.7/site-packages/airflow/example_dags/tutorial_dag.py                                                      1           0  0.19s           2025-07-14T16:34:11
/home/airflow/.local/lib/python3.7/site-packages/airflow/example_dags/tutorial_taskflow_api_virtualenv.py                                  1           0  0.18s           2025-07-14T16:34:12
/home/airflow/.local/lib/python3.7/site-packages/airflow/example_dags/example_passing_params_via_test_command.py                           1           0  0.18s           2025-07-14T16:34:12
/home/airflow/.local/lib/python3.7/site-packages/airflow/example_dags/example_task_group_decorator.py                                      1           0  0.16s           2025-07-14T16:34:12
/home/airflow/.local/lib/python3.7/site-packages/airflow/example_dags/example_branch_python_dop_operator_3.py                              1           0  0.15s           2025-07-14T16:34:12
/home/airflow/.local/lib/python3.7/site-packages/airflow/example_dags/example_sla_dag.py                                                   1           0  0.16s           2025-07-14T16:34:13
/home/airflow/.local/lib/python3.7/site-packages/airflow/example_dags/example_nested_branch_dag.py                                         1           0  0.16s           2025-07-14T16:34:13
/home/airflow/.local/lib/python3.7/site-packages/airflow/example_dags/example_task_group.py                        4204  0.01s             1           0  0.26s           2025-07-14T16:33:43
/home/airflow/.local/lib/python3.7/site-packages/airflow/example_dags/example_skip_dag.py                          4205  0.01s             1           0  0.25s           2025-07-14T16:33:43
/home/airflow/.local/lib/python3.7/site-packages/airflow/example_dags/example_external_task_marker_dag.py                                  2           0  0.52s           2025-07-14T16:34:10
/home/airflow/.local/lib/python3.7/site-packages/airflow/example_dags/example_xcomargs.py                                                  2           0  0.15s           2025-07-14T16:34:12
/home/airflow/.local/lib/python3.7/site-packages/airflow/example_dags/example_subdag_operator.py                                           3           0  0.52s           2025-07-14T16:34:10
/home/airflow/.local/lib/python3.7/site-packages/airflow/example_dags/example_branch_datetime_operator.py                                  3           0  0.18s           2025-07-14T16:34:12
/home/airflow/.local/lib/python3.7/site-packages/airflow/example_dags/example_datasets.py                                                  6           0  0.21s           2025-07-14T16:34:00
================================================================================
[2025-07-14T16:34:15.678+0000] {manager.py:724} INFO - Searching for files in /opt/airflow/dags
[2025-07-14T16:34:15.738+0000] {manager.py:727} INFO - There are 37 files in /opt/airflow/dags
[2025-07-14T16:34:43.620+0000] {manager.py:846} INFO - 
================================================================================
DAG File Processing Stats

File Path                                                                                                           PID  Runtime      # DAGs    # Errors  Last Runtime    Last Run
----------------------------------------------------------------------------------------------------------------  -----  ---------  --------  ----------  --------------  -------------------
/opt/airflow/dags/ckan_sdmx_pipeline.py                                                                                                    0           1  0.10s           2025-07-14T16:34:41
/home/airflow/.local/lib/python3.7/site-packages/airflow/example_dags/plugins/workday.py                                                   0           0  0.06s           2025-07-14T16:34:13
/home/airflow/.local/lib/python3.7/site-packages/airflow/example_dags/subdags/subdag.py                                                    0           0  0.08s           2025-07-14T16:34:13
/home/airflow/.local/lib/python3.7/site-packages/airflow/example_dags/example_short_circuit_decorator.py                                   1           0  0.19s           2025-07-14T16:34:25
/home/airflow/.local/lib/python3.7/site-packages/airflow/example_dags/example_bash_operator.py                                             1           0  0.17s           2025-07-14T16:34:25
/home/airflow/.local/lib/python3.7/site-packages/airflow/example_dags/tutorial_taskflow_api.py                                             1           0  0.17s           2025-07-14T16:34:26
/home/airflow/.local/lib/python3.7/site-packages/airflow/example_dags/example_latest_only_with_trigger.py                                  1           0  0.15s           2025-07-14T16:34:26
/home/airflow/.local/lib/python3.7/site-packages/airflow/example_dags/tutorial.py                                                          1           0  0.16s           2025-07-14T16:34:28
/home/airflow/.local/lib/python3.7/site-packages/airflow/example_dags/example_branch_operator_decorator.py                                 1           0  0.15s           2025-07-14T16:34:28
/home/airflow/.local/lib/python3.7/site-packages/airflow/example_dags/example_complex.py                                                   1           0  0.19s           2025-07-14T16:34:28
/home/airflow/.local/lib/python3.7/site-packages/airflow/example_dags/example_branch_operator.py                                           1           0  0.19s           2025-07-14T16:34:28
/home/airflow/.local/lib/python3.7/site-packages/airflow/example_dags/example_python_operator.py                                           1           0  0.20s           2025-07-14T16:34:29
/home/airflow/.local/lib/python3.7/site-packages/airflow/example_dags/example_branch_labels.py                                             1           0  0.19s           2025-07-14T16:34:29
/home/airflow/.local/lib/python3.7/site-packages/airflow/example_dags/example_latest_only.py                                               1           0  0.19s           2025-07-14T16:34:30
/home/airflow/.local/lib/python3.7/site-packages/airflow/example_dags/example_kubernetes_executor.py                                       1           0  0.19s           2025-07-14T16:34:30
/home/airflow/.local/lib/python3.7/site-packages/airflow/example_dags/example_short_circuit_operator.py                                    1           0  0.17s           2025-07-14T16:34:30
/home/airflow/.local/lib/python3.7/site-packages/airflow/example_dags/example_dag_decorator.py                                             1           0  0.34s           2025-07-14T16:34:31
/home/airflow/.local/lib/python3.7/site-packages/airflow/example_dags/example_trigger_target_dag.py                                        1           0  0.15s           2025-07-14T16:34:41
/home/airflow/.local/lib/python3.7/site-packages/airflow/example_dags/example_xcom.py                                                      1           0  0.15s           2025-07-14T16:34:41
/home/airflow/.local/lib/python3.7/site-packages/airflow/example_dags/example_local_kubernetes_executor.py                                 1           0  0.15s           2025-07-14T16:34:41
/home/airflow/.local/lib/python3.7/site-packages/airflow/example_dags/example_branch_day_of_week_operator.py                               1           0  0.16s           2025-07-14T16:34:41
/home/airflow/.local/lib/python3.7/site-packages/airflow/example_dags/example_time_delta_sensor_async.py           4265  0.02s             1           0  0.31s           2025-07-14T16:34:13
/home/airflow/.local/lib/python3.7/site-packages/airflow/example_dags/example_trigger_controller_dag.py                                    1           0  0.16s           2025-07-14T16:34:41
/home/airflow/.local/lib/python3.7/site-packages/airflow/example_dags/tutorial_dag.py                                                      1           0  0.15s           2025-07-14T16:34:41
/home/airflow/.local/lib/python3.7/site-packages/airflow/example_dags/tutorial_taskflow_api_virtualenv.py                                  1           0  0.20s           2025-07-14T16:34:43
/home/airflow/.local/lib/python3.7/site-packages/airflow/example_dags/example_passing_params_via_test_command.py                           1           0  0.28s           2025-07-14T16:34:43
/home/airflow/.local/lib/python3.7/site-packages/airflow/example_dags/example_task_group_decorator.py                                      1           0  0.28s           2025-07-14T16:34:43
/home/airflow/.local/lib/python3.7/site-packages/airflow/example_dags/example_branch_python_dop_operator_3.py                              1           0  0.24s           2025-07-14T16:34:43
/home/airflow/.local/lib/python3.7/site-packages/airflow/example_dags/example_sla_dag.py                                                   1           0  0.16s           2025-07-14T16:34:13
/home/airflow/.local/lib/python3.7/site-packages/airflow/example_dags/example_nested_branch_dag.py                                         1           0  0.16s           2025-07-14T16:34:13
/home/airflow/.local/lib/python3.7/site-packages/airflow/example_dags/example_task_group.py                                                1           0  0.15s           2025-07-14T16:34:13
/home/airflow/.local/lib/python3.7/site-packages/airflow/example_dags/example_skip_dag.py                                                  1           0  0.15s           2025-07-14T16:34:13
/home/airflow/.local/lib/python3.7/site-packages/airflow/example_dags/example_external_task_marker_dag.py                                  2           0  0.32s           2025-07-14T16:34:41
/home/airflow/.local/lib/python3.7/site-packages/airflow/example_dags/example_xcomargs.py                          4266  0.01s             2           0  0.15s           2025-07-14T16:34:12
/home/airflow/.local/lib/python3.7/site-packages/airflow/example_dags/example_subdag_operator.py                                           3           0  0.35s           2025-07-14T16:34:41
/home/airflow/.local/lib/python3.7/site-packages/airflow/example_dags/example_branch_datetime_operator.py                                  3           0  0.20s           2025-07-14T16:34:43
/home/airflow/.local/lib/python3.7/site-packages/airflow/example_dags/example_datasets.py                                                  6           0  0.31s           2025-07-14T16:34:31
================================================================================
[2025-07-14T16:35:14.359+0000] {manager.py:846} INFO - 
================================================================================
DAG File Processing Stats

File Path                                                                                                           PID  Runtime      # DAGs    # Errors  Last Runtime    Last Run
----------------------------------------------------------------------------------------------------------------  -----  ---------  --------  ----------  --------------  -------------------
/opt/airflow/dags/ckan_sdmx_pipeline.py                                                                                                    0           1  0.15s           2025-07-14T16:35:12
/home/airflow/.local/lib/python3.7/site-packages/airflow/example_dags/plugins/workday.py                                                   0           0  0.09s           2025-07-14T16:34:44
/home/airflow/.local/lib/python3.7/site-packages/airflow/example_dags/subdags/subdag.py                                                    0           0  0.11s           2025-07-14T16:34:45
/home/airflow/.local/lib/python3.7/site-packages/airflow/example_dags/example_short_circuit_decorator.py                                   1           0  0.22s           2025-07-14T16:34:55
/home/airflow/.local/lib/python3.7/site-packages/airflow/example_dags/example_bash_operator.py                                             1           0  0.23s           2025-07-14T16:34:55
/home/airflow/.local/lib/python3.7/site-packages/airflow/example_dags/tutorial_taskflow_api.py                                             1           0  0.29s           2025-07-14T16:34:56
/home/airflow/.local/lib/python3.7/site-packages/airflow/example_dags/example_latest_only_with_trigger.py                                  1           0  0.29s           2025-07-14T16:34:56
/home/airflow/.local/lib/python3.7/site-packages/airflow/example_dags/tutorial.py                                                          1           0  0.20s           2025-07-14T16:34:58
/home/airflow/.local/lib/python3.7/site-packages/airflow/example_dags/example_branch_operator_decorator.py                                 1           0  0.21s           2025-07-14T16:34:58
/home/airflow/.local/lib/python3.7/site-packages/airflow/example_dags/example_complex.py                                                   1           0  0.24s           2025-07-14T16:34:58
/home/airflow/.local/lib/python3.7/site-packages/airflow/example_dags/example_branch_operator.py                                           1           0  0.23s           2025-07-14T16:34:58
/home/airflow/.local/lib/python3.7/site-packages/airflow/example_dags/example_python_operator.py                                           1           0  0.32s           2025-07-14T16:35:00
/home/airflow/.local/lib/python3.7/site-packages/airflow/example_dags/example_branch_labels.py                                             1           0  0.27s           2025-07-14T16:35:00
/home/airflow/.local/lib/python3.7/site-packages/airflow/example_dags/example_latest_only.py                                               1           0  0.22s           2025-07-14T16:35:01
/home/airflow/.local/lib/python3.7/site-packages/airflow/example_dags/example_kubernetes_executor.py                                       1           0  0.24s           2025-07-14T16:35:01
/home/airflow/.local/lib/python3.7/site-packages/airflow/example_dags/example_short_circuit_operator.py                                    1           0  0.23s           2025-07-14T16:35:01
/home/airflow/.local/lib/python3.7/site-packages/airflow/example_dags/example_dag_decorator.py                                             1           0  0.31s           2025-07-14T16:35:02
/home/airflow/.local/lib/python3.7/site-packages/airflow/example_dags/example_trigger_target_dag.py                                        1           0  0.21s           2025-07-14T16:35:12
/home/airflow/.local/lib/python3.7/site-packages/airflow/example_dags/example_xcom.py                                                      1           0  0.21s           2025-07-14T16:35:12
/home/airflow/.local/lib/python3.7/site-packages/airflow/example_dags/example_local_kubernetes_executor.py                                 1           0  0.21s           2025-07-14T16:35:12
/home/airflow/.local/lib/python3.7/site-packages/airflow/example_dags/example_branch_day_of_week_operator.py                               1           0  0.20s           2025-07-14T16:35:12
/home/airflow/.local/lib/python3.7/site-packages/airflow/example_dags/example_time_delta_sensor_async.py           4317  0.01s             1           0  0.58s           2025-07-14T16:34:44
/home/airflow/.local/lib/python3.7/site-packages/airflow/example_dags/example_trigger_controller_dag.py                                    1           0  0.20s           2025-07-14T16:35:12
/home/airflow/.local/lib/python3.7/site-packages/airflow/example_dags/tutorial_dag.py                                                      1           0  0.21s           2025-07-14T16:35:13
/home/airflow/.local/lib/python3.7/site-packages/airflow/example_dags/tutorial_taskflow_api_virtualenv.py                                  1           0  0.22s           2025-07-14T16:35:13
/home/airflow/.local/lib/python3.7/site-packages/airflow/example_dags/example_passing_params_via_test_command.py   4318  0.01s             1           0  0.28s           2025-07-14T16:34:43
/home/airflow/.local/lib/python3.7/site-packages/airflow/example_dags/example_task_group_decorator.py                                      1           0  0.28s           2025-07-14T16:34:43
/home/airflow/.local/lib/python3.7/site-packages/airflow/example_dags/example_branch_python_dop_operator_3.py                              1           0  0.24s           2025-07-14T16:34:43
/home/airflow/.local/lib/python3.7/site-packages/airflow/example_dags/example_sla_dag.py                                                   1           0  0.29s           2025-07-14T16:34:44
/home/airflow/.local/lib/python3.7/site-packages/airflow/example_dags/example_nested_branch_dag.py                                         1           0  0.31s           2025-07-14T16:34:44
/home/airflow/.local/lib/python3.7/site-packages/airflow/example_dags/example_task_group.py                                                1           0  0.33s           2025-07-14T16:34:44
/home/airflow/.local/lib/python3.7/site-packages/airflow/example_dags/example_skip_dag.py                                                  1           0  0.34s           2025-07-14T16:34:45
/home/airflow/.local/lib/python3.7/site-packages/airflow/example_dags/example_external_task_marker_dag.py                                  2           0  0.40s           2025-07-14T16:35:12
/home/airflow/.local/lib/python3.7/site-packages/airflow/example_dags/example_xcomargs.py                                                  2           0  0.25s           2025-07-14T16:34:43
/home/airflow/.local/lib/python3.7/site-packages/airflow/example_dags/example_subdag_operator.py                                           3           0  0.45s           2025-07-14T16:35:12
/home/airflow/.local/lib/python3.7/site-packages/airflow/example_dags/example_branch_datetime_operator.py                                  3           0  0.23s           2025-07-14T16:35:13
/home/airflow/.local/lib/python3.7/site-packages/airflow/example_dags/example_datasets.py                                                  6           0  0.27s           2025-07-14T16:35:02
================================================================================
[2025-07-14T16:35:44.894+0000] {manager.py:846} INFO - 
================================================================================
DAG File Processing Stats

File Path                                                                                                           PID  Runtime      # DAGs    # Errors  Last Runtime    Last Run
----------------------------------------------------------------------------------------------------------------  -----  ---------  --------  ----------  --------------  -------------------
/opt/airflow/dags/ckan_sdmx_pipeline.py                                                                                                    0           1  0.11s           2025-07-14T16:35:42
/home/airflow/.local/lib/python3.7/site-packages/airflow/example_dags/plugins/workday.py                                                   0           0  0.07s           2025-07-14T16:35:15
/home/airflow/.local/lib/python3.7/site-packages/airflow/example_dags/subdags/subdag.py                                                    0           0  0.09s           2025-07-14T16:35:15
/home/airflow/.local/lib/python3.7/site-packages/airflow/example_dags/example_short_circuit_decorator.py                                   1           0  0.20s           2025-07-14T16:35:25
/home/airflow/.local/lib/python3.7/site-packages/airflow/example_dags/example_bash_operator.py                                             1           0  0.20s           2025-07-14T16:35:25
/home/airflow/.local/lib/python3.7/site-packages/airflow/example_dags/tutorial_taskflow_api.py                                             1           0  0.40s           2025-07-14T16:35:27
/home/airflow/.local/lib/python3.7/site-packages/airflow/example_dags/example_latest_only_with_trigger.py                                  1           0  0.38s           2025-07-14T16:35:27
/home/airflow/.local/lib/python3.7/site-packages/airflow/example_dags/tutorial.py                                                          1           0  0.18s           2025-07-14T16:35:28
/home/airflow/.local/lib/python3.7/site-packages/airflow/example_dags/example_branch_operator_decorator.py                                 1           0  0.21s           2025-07-14T16:35:29
/home/airflow/.local/lib/python3.7/site-packages/airflow/example_dags/example_complex.py                                                   1           0  0.20s           2025-07-14T16:35:29
/home/airflow/.local/lib/python3.7/site-packages/airflow/example_dags/example_branch_operator.py                                           1           0  0.19s           2025-07-14T16:35:29
/home/airflow/.local/lib/python3.7/site-packages/airflow/example_dags/example_python_operator.py                                           1           0  0.21s           2025-07-14T16:35:30
/home/airflow/.local/lib/python3.7/site-packages/airflow/example_dags/example_branch_labels.py                                             1           0  0.22s           2025-07-14T16:35:30
/home/airflow/.local/lib/python3.7/site-packages/airflow/example_dags/example_latest_only.py                                               1           0  0.21s           2025-07-14T16:35:31
/home/airflow/.local/lib/python3.7/site-packages/airflow/example_dags/example_kubernetes_executor.py                                       1           0  0.25s           2025-07-14T16:35:31
/home/airflow/.local/lib/python3.7/site-packages/airflow/example_dags/example_short_circuit_operator.py                                    1           0  0.32s           2025-07-14T16:35:32
/home/airflow/.local/lib/python3.7/site-packages/airflow/example_dags/example_dag_decorator.py                                             1           0  0.33s           2025-07-14T16:35:33
/home/airflow/.local/lib/python3.7/site-packages/airflow/example_dags/example_trigger_target_dag.py                                        1           0  0.22s           2025-07-14T16:35:43
/home/airflow/.local/lib/python3.7/site-packages/airflow/example_dags/example_xcom.py                                                      1           0  0.22s           2025-07-14T16:35:43
/home/airflow/.local/lib/python3.7/site-packages/airflow/example_dags/example_local_kubernetes_executor.py                                 1           0  0.24s           2025-07-14T16:35:43
/home/airflow/.local/lib/python3.7/site-packages/airflow/example_dags/example_branch_day_of_week_operator.py                               1           0  0.25s           2025-07-14T16:35:43
/home/airflow/.local/lib/python3.7/site-packages/airflow/example_dags/example_time_delta_sensor_async.py           4381  0.01s             1           0  0.35s           2025-07-14T16:35:14
/home/airflow/.local/lib/python3.7/site-packages/airflow/example_dags/example_trigger_controller_dag.py                                    1           0  0.25s           2025-07-14T16:35:43
/home/airflow/.local/lib/python3.7/site-packages/airflow/example_dags/tutorial_dag.py                                                      1           0  0.25s           2025-07-14T16:35:43
/home/airflow/.local/lib/python3.7/site-packages/airflow/example_dags/tutorial_taskflow_api_virtualenv.py                                  1           0  0.26s           2025-07-14T16:35:43
/home/airflow/.local/lib/python3.7/site-packages/airflow/example_dags/example_passing_params_via_test_command.py   4382  0.01s             1           0  0.17s           2025-07-14T16:35:14
/home/airflow/.local/lib/python3.7/site-packages/airflow/example_dags/example_task_group_decorator.py                                      1           0  0.19s           2025-07-14T16:35:14
/home/airflow/.local/lib/python3.7/site-packages/airflow/example_dags/example_branch_python_dop_operator_3.py                              1           0  0.19s           2025-07-14T16:35:14
/home/airflow/.local/lib/python3.7/site-packages/airflow/example_dags/example_sla_dag.py                                                   1           0  0.19s           2025-07-14T16:35:15
/home/airflow/.local/lib/python3.7/site-packages/airflow/example_dags/example_nested_branch_dag.py                                         1           0  0.20s           2025-07-14T16:35:15
/home/airflow/.local/lib/python3.7/site-packages/airflow/example_dags/example_task_group.py                                                1           0  0.18s           2025-07-14T16:35:15
/home/airflow/.local/lib/python3.7/site-packages/airflow/example_dags/example_skip_dag.py                                                  1           0  0.18s           2025-07-14T16:35:15
/home/airflow/.local/lib/python3.7/site-packages/airflow/example_dags/example_external_task_marker_dag.py                                  2           0  0.38s           2025-07-14T16:35:42
/home/airflow/.local/lib/python3.7/site-packages/airflow/example_dags/example_xcomargs.py                                                  2           0  0.19s           2025-07-14T16:35:14
/home/airflow/.local/lib/python3.7/site-packages/airflow/example_dags/example_subdag_operator.py                                           3           0  0.42s           2025-07-14T16:35:42
/home/airflow/.local/lib/python3.7/site-packages/airflow/example_dags/example_branch_datetime_operator.py                                  3           0  0.27s           2025-07-14T16:35:43
/home/airflow/.local/lib/python3.7/site-packages/airflow/example_dags/example_datasets.py                                                  6           0  0.29s           2025-07-14T16:35:33
================================================================================
[2025-07-14T16:36:15.398+0000] {manager.py:846} INFO - 
================================================================================
DAG File Processing Stats

File Path                                                                                                           PID  Runtime      # DAGs    # Errors  Last Runtime    Last Run
----------------------------------------------------------------------------------------------------------------  -----  ---------  --------  ----------  --------------  -------------------
/opt/airflow/dags/ckan_sdmx_pipeline.py                                                                                                    0           1  0.12s           2025-07-14T16:36:12
/home/airflow/.local/lib/python3.7/site-packages/airflow/example_dags/plugins/workday.py                                                   0           0  0.10s           2025-07-14T16:35:46
/home/airflow/.local/lib/python3.7/site-packages/airflow/example_dags/subdags/subdag.py                                                    0           0  0.11s           2025-07-14T16:35:46
/home/airflow/.local/lib/python3.7/site-packages/airflow/example_dags/example_short_circuit_decorator.py                                   1           0  0.18s           2025-07-14T16:35:56
/home/airflow/.local/lib/python3.7/site-packages/airflow/example_dags/example_bash_operator.py                                             1           0  0.16s           2025-07-14T16:35:56
/home/airflow/.local/lib/python3.7/site-packages/airflow/example_dags/tutorial_taskflow_api.py                                             1           0  0.18s           2025-07-14T16:35:57
/home/airflow/.local/lib/python3.7/site-packages/airflow/example_dags/example_latest_only_with_trigger.py                                  1           0  0.16s           2025-07-14T16:35:57
/home/airflow/.local/lib/python3.7/site-packages/airflow/example_dags/tutorial.py                                                          1           0  0.25s           2025-07-14T16:35:59
/home/airflow/.local/lib/python3.7/site-packages/airflow/example_dags/example_branch_operator_decorator.py                                 1           0  0.27s           2025-07-14T16:35:59
/home/airflow/.local/lib/python3.7/site-packages/airflow/example_dags/example_complex.py                                                   1           0  0.21s           2025-07-14T16:35:59
/home/airflow/.local/lib/python3.7/site-packages/airflow/example_dags/example_branch_operator.py                                           1           0  0.21s           2025-07-14T16:35:59
/home/airflow/.local/lib/python3.7/site-packages/airflow/example_dags/example_python_operator.py                                           1           0  0.17s           2025-07-14T16:36:01
/home/airflow/.local/lib/python3.7/site-packages/airflow/example_dags/example_branch_labels.py                                             1           0  0.16s           2025-07-14T16:36:01
/home/airflow/.local/lib/python3.7/site-packages/airflow/example_dags/example_latest_only.py                                               1           0  0.27s           2025-07-14T16:36:02
/home/airflow/.local/lib/python3.7/site-packages/airflow/example_dags/example_kubernetes_executor.py                                       1           0  0.31s           2025-07-14T16:36:02
/home/airflow/.local/lib/python3.7/site-packages/airflow/example_dags/example_short_circuit_operator.py                                    1           0  0.27s           2025-07-14T16:36:02
/home/airflow/.local/lib/python3.7/site-packages/airflow/example_dags/example_dag_decorator.py                                             1           0  0.33s           2025-07-14T16:36:03
/home/airflow/.local/lib/python3.7/site-packages/airflow/example_dags/example_trigger_target_dag.py                                        1           0  0.17s           2025-07-14T16:36:13
/home/airflow/.local/lib/python3.7/site-packages/airflow/example_dags/example_xcom.py                                                      1           0  0.16s           2025-07-14T16:36:13
/home/airflow/.local/lib/python3.7/site-packages/airflow/example_dags/example_local_kubernetes_executor.py                                 1           0  0.20s           2025-07-14T16:36:13
/home/airflow/.local/lib/python3.7/site-packages/airflow/example_dags/example_branch_day_of_week_operator.py                               1           0  0.19s           2025-07-14T16:36:13
/home/airflow/.local/lib/python3.7/site-packages/airflow/example_dags/example_time_delta_sensor_async.py           4436  0.01s             1           0  0.41s           2025-07-14T16:35:45
/home/airflow/.local/lib/python3.7/site-packages/airflow/example_dags/example_trigger_controller_dag.py                                    1           0  0.21s           2025-07-14T16:36:13
/home/airflow/.local/lib/python3.7/site-packages/airflow/example_dags/tutorial_dag.py                                                      1           0  0.25s           2025-07-14T16:36:14
/home/airflow/.local/lib/python3.7/site-packages/airflow/example_dags/tutorial_taskflow_api_virtualenv.py                                  1           0  0.20s           2025-07-14T16:36:14
/home/airflow/.local/lib/python3.7/site-packages/airflow/example_dags/example_passing_params_via_test_command.py   4437  0.01s             1           0  0.22s           2025-07-14T16:35:45
/home/airflow/.local/lib/python3.7/site-packages/airflow/example_dags/example_task_group_decorator.py                                      1           0  0.21s           2025-07-14T16:35:45
/home/airflow/.local/lib/python3.7/site-packages/airflow/example_dags/example_branch_python_dop_operator_3.py                              1           0  0.22s           2025-07-14T16:35:45
/home/airflow/.local/lib/python3.7/site-packages/airflow/example_dags/example_sla_dag.py                                                   1           0  0.22s           2025-07-14T16:35:45
/home/airflow/.local/lib/python3.7/site-packages/airflow/example_dags/example_nested_branch_dag.py                                         1           0  0.28s           2025-07-14T16:35:46
/home/airflow/.local/lib/python3.7/site-packages/airflow/example_dags/example_task_group.py                                                1           0  0.22s           2025-07-14T16:35:45
/home/airflow/.local/lib/python3.7/site-packages/airflow/example_dags/example_skip_dag.py                                                  1           0  0.26s           2025-07-14T16:35:46
/home/airflow/.local/lib/python3.7/site-packages/airflow/example_dags/example_external_task_marker_dag.py                                  2           0  0.34s           2025-07-14T16:36:13
/home/airflow/.local/lib/python3.7/site-packages/airflow/example_dags/example_xcomargs.py                                                  2           0  0.22s           2025-07-14T16:35:45
/home/airflow/.local/lib/python3.7/site-packages/airflow/example_dags/example_subdag_operator.py                                           3           0  0.37s           2025-07-14T16:36:13
/home/airflow/.local/lib/python3.7/site-packages/airflow/example_dags/example_branch_datetime_operator.py                                  3           0  0.21s           2025-07-14T16:36:14
/home/airflow/.local/lib/python3.7/site-packages/airflow/example_dags/example_datasets.py                                                  6           0  0.30s           2025-07-14T16:36:03
================================================================================
[2025-07-14T16:36:46.075+0000] {manager.py:846} INFO - 
================================================================================
DAG File Processing Stats

File Path                                                                                                           PID  Runtime      # DAGs    # Errors  Last Runtime    Last Run
----------------------------------------------------------------------------------------------------------------  -----  ---------  --------  ----------  --------------  -------------------
/opt/airflow/dags/ckan_sdmx_pipeline.py                                                                                                    0           1  0.12s           2025-07-14T16:36:43
/home/airflow/.local/lib/python3.7/site-packages/airflow/example_dags/plugins/workday.py                                                   0           0  0.19s           2025-07-14T16:36:17
/home/airflow/.local/lib/python3.7/site-packages/airflow/example_dags/subdags/subdag.py                                                    0           0  0.19s           2025-07-14T16:36:17
/home/airflow/.local/lib/python3.7/site-packages/airflow/example_dags/example_short_circuit_decorator.py                                   1           0  0.17s           2025-07-14T16:36:27
/home/airflow/.local/lib/python3.7/site-packages/airflow/example_dags/example_bash_operator.py                                             1           0  0.17s           2025-07-14T16:36:27
/home/airflow/.local/lib/python3.7/site-packages/airflow/example_dags/tutorial_taskflow_api.py                                             1           0  0.31s           2025-07-14T16:36:27
/home/airflow/.local/lib/python3.7/site-packages/airflow/example_dags/example_latest_only_with_trigger.py                                  1           0  0.17s           2025-07-14T16:36:27
/home/airflow/.local/lib/python3.7/site-packages/airflow/example_dags/tutorial.py                                                          1           0  0.22s           2025-07-14T16:36:30
/home/airflow/.local/lib/python3.7/site-packages/airflow/example_dags/example_branch_operator_decorator.py                                 1           0  0.24s           2025-07-14T16:36:30
/home/airflow/.local/lib/python3.7/site-packages/airflow/example_dags/example_complex.py                                                   1           0  0.27s           2025-07-14T16:36:30
/home/airflow/.local/lib/python3.7/site-packages/airflow/example_dags/example_branch_operator.py                                           1           0  0.26s           2025-07-14T16:36:30
/home/airflow/.local/lib/python3.7/site-packages/airflow/example_dags/example_python_operator.py                                           1           0  0.28s           2025-07-14T16:36:31
/home/airflow/.local/lib/python3.7/site-packages/airflow/example_dags/example_branch_labels.py                                             1           0  0.24s           2025-07-14T16:36:31
/home/airflow/.local/lib/python3.7/site-packages/airflow/example_dags/example_latest_only.py                                               1           0  0.21s           2025-07-14T16:36:32
/home/airflow/.local/lib/python3.7/site-packages/airflow/example_dags/example_kubernetes_executor.py                                       1           0  0.22s           2025-07-14T16:36:32
/home/airflow/.local/lib/python3.7/site-packages/airflow/example_dags/example_short_circuit_operator.py                                    1           0  0.28s           2025-07-14T16:36:33
/home/airflow/.local/lib/python3.7/site-packages/airflow/example_dags/example_dag_decorator.py                                             1           0  0.27s           2025-07-14T16:36:34
/home/airflow/.local/lib/python3.7/site-packages/airflow/example_dags/example_trigger_target_dag.py                                        1           0  0.21s           2025-07-14T16:36:43
/home/airflow/.local/lib/python3.7/site-packages/airflow/example_dags/example_xcom.py                                                      1           0  0.23s           2025-07-14T16:36:44
/home/airflow/.local/lib/python3.7/site-packages/airflow/example_dags/example_local_kubernetes_executor.py                                 1           0  0.29s           2025-07-14T16:36:44
/home/airflow/.local/lib/python3.7/site-packages/airflow/example_dags/example_branch_day_of_week_operator.py                               1           0  0.29s           2025-07-14T16:36:44
/home/airflow/.local/lib/python3.7/site-packages/airflow/example_dags/example_time_delta_sensor_async.py           4500  0.02s             1           0  0.55s           2025-07-14T16:36:15
/home/airflow/.local/lib/python3.7/site-packages/airflow/example_dags/example_trigger_controller_dag.py                                    1           0  0.25s           2025-07-14T16:36:44
/home/airflow/.local/lib/python3.7/site-packages/airflow/example_dags/tutorial_dag.py                                                      1           0  0.26s           2025-07-14T16:36:44
/home/airflow/.local/lib/python3.7/site-packages/airflow/example_dags/tutorial_taskflow_api_virtualenv.py                                  1           0  0.25s           2025-07-14T16:36:45
/home/airflow/.local/lib/python3.7/site-packages/airflow/example_dags/example_passing_params_via_test_command.py   4501  0.01s             1           0  0.23s           2025-07-14T16:36:15
/home/airflow/.local/lib/python3.7/site-packages/airflow/example_dags/example_task_group_decorator.py                                      1           0  0.29s           2025-07-14T16:36:15
/home/airflow/.local/lib/python3.7/site-packages/airflow/example_dags/example_branch_python_dop_operator_3.py                              1           0  0.31s           2025-07-14T16:36:16
/home/airflow/.local/lib/python3.7/site-packages/airflow/example_dags/example_sla_dag.py                                                   1           0  0.24s           2025-07-14T16:36:16
/home/airflow/.local/lib/python3.7/site-packages/airflow/example_dags/example_nested_branch_dag.py                                         1           0  0.30s           2025-07-14T16:36:16
/home/airflow/.local/lib/python3.7/site-packages/airflow/example_dags/example_task_group.py                                                1           0  0.26s           2025-07-14T16:36:16
/home/airflow/.local/lib/python3.7/site-packages/airflow/example_dags/example_skip_dag.py                                                  1           0  0.51s           2025-07-14T16:36:17
/home/airflow/.local/lib/python3.7/site-packages/airflow/example_dags/example_external_task_marker_dag.py                                  2           0  0.43s           2025-07-14T16:36:43
/home/airflow/.local/lib/python3.7/site-packages/airflow/example_dags/example_xcomargs.py                                                  2           0  0.26s           2025-07-14T16:36:16
/home/airflow/.local/lib/python3.7/site-packages/airflow/example_dags/example_subdag_operator.py                                           3           0  0.51s           2025-07-14T16:36:44
/home/airflow/.local/lib/python3.7/site-packages/airflow/example_dags/example_branch_datetime_operator.py                                  3           0  0.25s           2025-07-14T16:36:45
/home/airflow/.local/lib/python3.7/site-packages/airflow/example_dags/example_datasets.py                                                  6           0  0.25s           2025-07-14T16:36:34
================================================================================
[2025-07-14T16:37:16.668+0000] {manager.py:846} INFO - 
================================================================================
DAG File Processing Stats

File Path                                                                                                           PID  Runtime      # DAGs    # Errors  Last Runtime    Last Run
----------------------------------------------------------------------------------------------------------------  -----  ---------  --------  ----------  --------------  -------------------
/opt/airflow/dags/ckan_sdmx_pipeline.py                                                                                                    0           1  0.12s           2025-07-14T16:37:13
/home/airflow/.local/lib/python3.7/site-packages/airflow/example_dags/plugins/workday.py                                                   0           0  0.07s           2025-07-14T16:36:47
/home/airflow/.local/lib/python3.7/site-packages/airflow/example_dags/subdags/subdag.py                                                    0           0  0.08s           2025-07-14T16:36:47
/home/airflow/.local/lib/python3.7/site-packages/airflow/example_dags/example_short_circuit_decorator.py                                   1           0  0.24s           2025-07-14T16:36:57
/home/airflow/.local/lib/python3.7/site-packages/airflow/example_dags/example_bash_operator.py                                             1           0  0.25s           2025-07-14T16:36:57
/home/airflow/.local/lib/python3.7/site-packages/airflow/example_dags/tutorial_taskflow_api.py                                             1           0  0.24s           2025-07-14T16:36:58
/home/airflow/.local/lib/python3.7/site-packages/airflow/example_dags/example_latest_only_with_trigger.py                                  1           0  0.25s           2025-07-14T16:36:58
/home/airflow/.local/lib/python3.7/site-packages/airflow/example_dags/tutorial.py                                                          1           0  0.20s           2025-07-14T16:37:00
/home/airflow/.local/lib/python3.7/site-packages/airflow/example_dags/example_branch_operator_decorator.py                                 1           0  0.20s           2025-07-14T16:37:00
/home/airflow/.local/lib/python3.7/site-packages/airflow/example_dags/example_complex.py                                                   1           0  0.22s           2025-07-14T16:37:00
/home/airflow/.local/lib/python3.7/site-packages/airflow/example_dags/example_branch_operator.py                                           1           0  0.24s           2025-07-14T16:37:00
/home/airflow/.local/lib/python3.7/site-packages/airflow/example_dags/example_python_operator.py                                           1           0  0.21s           2025-07-14T16:37:02
/home/airflow/.local/lib/python3.7/site-packages/airflow/example_dags/example_branch_labels.py                                             1           0  0.21s           2025-07-14T16:37:01
/home/airflow/.local/lib/python3.7/site-packages/airflow/example_dags/example_latest_only.py                                               1           0  0.16s           2025-07-14T16:37:03
/home/airflow/.local/lib/python3.7/site-packages/airflow/example_dags/example_kubernetes_executor.py                                       1           0  0.18s           2025-07-14T16:37:03
/home/airflow/.local/lib/python3.7/site-packages/airflow/example_dags/example_short_circuit_operator.py                                    1           0  0.21s           2025-07-14T16:37:04
/home/airflow/.local/lib/python3.7/site-packages/airflow/example_dags/example_dag_decorator.py                                             1           0  0.36s           2025-07-14T16:37:04
/home/airflow/.local/lib/python3.7/site-packages/airflow/example_dags/example_trigger_target_dag.py                                        1           0  0.17s           2025-07-14T16:37:14
/home/airflow/.local/lib/python3.7/site-packages/airflow/example_dags/example_xcom.py                                                      1           0  0.16s           2025-07-14T16:37:14
/home/airflow/.local/lib/python3.7/site-packages/airflow/example_dags/example_local_kubernetes_executor.py                                 1           0  0.20s           2025-07-14T16:37:14
/home/airflow/.local/lib/python3.7/site-packages/airflow/example_dags/example_branch_day_of_week_operator.py                               1           0  0.19s           2025-07-14T16:37:14
/home/airflow/.local/lib/python3.7/site-packages/airflow/example_dags/example_time_delta_sensor_async.py           4555  0.02s             1           0  0.52s           2025-07-14T16:36:46
/home/airflow/.local/lib/python3.7/site-packages/airflow/example_dags/example_trigger_controller_dag.py                                    1           0  0.20s           2025-07-14T16:37:15
/home/airflow/.local/lib/python3.7/site-packages/airflow/example_dags/tutorial_dag.py                                                      1           0  0.24s           2025-07-14T16:37:15
/home/airflow/.local/lib/python3.7/site-packages/airflow/example_dags/tutorial_taskflow_api_virtualenv.py                                  1           0  0.29s           2025-07-14T16:37:15
/home/airflow/.local/lib/python3.7/site-packages/airflow/example_dags/example_passing_params_via_test_command.py   4556  0.01s             1           0  0.26s           2025-07-14T16:36:46
/home/airflow/.local/lib/python3.7/site-packages/airflow/example_dags/example_task_group_decorator.py                                      1           0  0.28s           2025-07-14T16:36:46
/home/airflow/.local/lib/python3.7/site-packages/airflow/example_dags/example_branch_python_dop_operator_3.py                              1           0  0.33s           2025-07-14T16:36:46
/home/airflow/.local/lib/python3.7/site-packages/airflow/example_dags/example_sla_dag.py                                                   1           0  0.33s           2025-07-14T16:36:47
/home/airflow/.local/lib/python3.7/site-packages/airflow/example_dags/example_nested_branch_dag.py                                         1           0  0.33s           2025-07-14T16:36:47
/home/airflow/.local/lib/python3.7/site-packages/airflow/example_dags/example_task_group.py                                                1           0  0.25s           2025-07-14T16:36:47
/home/airflow/.local/lib/python3.7/site-packages/airflow/example_dags/example_skip_dag.py                                                  1           0  0.24s           2025-07-14T16:36:47
/home/airflow/.local/lib/python3.7/site-packages/airflow/example_dags/example_external_task_marker_dag.py                                  2           0  0.34s           2025-07-14T16:37:14
/home/airflow/.local/lib/python3.7/site-packages/airflow/example_dags/example_xcomargs.py                                                  2           0  0.32s           2025-07-14T16:36:46
/home/airflow/.local/lib/python3.7/site-packages/airflow/example_dags/example_subdag_operator.py                                           3           0  0.36s           2025-07-14T16:37:14
/home/airflow/.local/lib/python3.7/site-packages/airflow/example_dags/example_branch_datetime_operator.py                                  3           0  0.30s           2025-07-14T16:37:15
/home/airflow/.local/lib/python3.7/site-packages/airflow/example_dags/example_datasets.py                                                  6           0  0.31s           2025-07-14T16:37:04
================================================================================
[2025-07-14T16:37:46.694+0000] {manager.py:846} INFO - 
================================================================================
DAG File Processing Stats

File Path                                                                                                           PID  Runtime      # DAGs    # Errors  Last Runtime    Last Run
----------------------------------------------------------------------------------------------------------------  -----  ---------  --------  ----------  --------------  -------------------
/opt/airflow/dags/ckan_sdmx_pipeline.py                                                                                                    0           1  0.17s           2025-07-14T16:37:44
/home/airflow/.local/lib/python3.7/site-packages/airflow/example_dags/plugins/workday.py                                                   0           0  0.12s           2025-07-14T16:37:19
/home/airflow/.local/lib/python3.7/site-packages/airflow/example_dags/subdags/subdag.py                                                    0           0  0.13s           2025-07-14T16:37:19
/home/airflow/.local/lib/python3.7/site-packages/airflow/example_dags/example_short_circuit_decorator.py                                   1           0  0.21s           2025-07-14T16:37:28
/home/airflow/.local/lib/python3.7/site-packages/airflow/example_dags/example_bash_operator.py                                             1           0  0.19s           2025-07-14T16:37:28
/home/airflow/.local/lib/python3.7/site-packages/airflow/example_dags/tutorial_taskflow_api.py                                             1           0  0.22s           2025-07-14T16:37:28
/home/airflow/.local/lib/python3.7/site-packages/airflow/example_dags/example_latest_only_with_trigger.py                                  1           0  0.24s           2025-07-14T16:37:29
/home/airflow/.local/lib/python3.7/site-packages/airflow/example_dags/tutorial.py                                                          1           0  0.21s           2025-07-14T16:37:31
/home/airflow/.local/lib/python3.7/site-packages/airflow/example_dags/example_branch_operator_decorator.py                                 1           0  0.22s           2025-07-14T16:37:31
/home/airflow/.local/lib/python3.7/site-packages/airflow/example_dags/example_complex.py                                                   1           0  0.30s           2025-07-14T16:37:31
/home/airflow/.local/lib/python3.7/site-packages/airflow/example_dags/example_branch_operator.py                                           1           0  0.29s           2025-07-14T16:37:31
/home/airflow/.local/lib/python3.7/site-packages/airflow/example_dags/example_python_operator.py                                           1           0  0.32s           2025-07-14T16:37:32
/home/airflow/.local/lib/python3.7/site-packages/airflow/example_dags/example_branch_labels.py                                             1           0  0.30s           2025-07-14T16:37:32
/home/airflow/.local/lib/python3.7/site-packages/airflow/example_dags/example_latest_only.py                                               1           0  0.24s           2025-07-14T16:37:34
/home/airflow/.local/lib/python3.7/site-packages/airflow/example_dags/example_kubernetes_executor.py                                       1           0  0.25s           2025-07-14T16:37:34
/home/airflow/.local/lib/python3.7/site-packages/airflow/example_dags/example_short_circuit_operator.py                                    1           0  0.20s           2025-07-14T16:37:35
/home/airflow/.local/lib/python3.7/site-packages/airflow/example_dags/example_dag_decorator.py                                             1           0  0.25s           2025-07-14T16:37:35
/home/airflow/.local/lib/python3.7/site-packages/airflow/example_dags/example_trigger_target_dag.py                                        1           0  0.33s           2025-07-14T16:37:44
/home/airflow/.local/lib/python3.7/site-packages/airflow/example_dags/example_xcom.py                                                      1           0  0.32s           2025-07-14T16:37:45
/home/airflow/.local/lib/python3.7/site-packages/airflow/example_dags/example_local_kubernetes_executor.py                                 1           0  0.40s           2025-07-14T16:37:45
/home/airflow/.local/lib/python3.7/site-packages/airflow/example_dags/example_branch_day_of_week_operator.py                               1           0  0.48s           2025-07-14T16:37:46
/home/airflow/.local/lib/python3.7/site-packages/airflow/example_dags/example_time_delta_sensor_async.py                                   1           0  1.52s           2025-07-14T16:37:18
/home/airflow/.local/lib/python3.7/site-packages/airflow/example_dags/example_trigger_controller_dag.py                                    1           0  0.35s           2025-07-14T16:37:46
/home/airflow/.local/lib/python3.7/site-packages/airflow/example_dags/tutorial_dag.py                                                      1           0  0.30s           2025-07-14T16:37:46
/home/airflow/.local/lib/python3.7/site-packages/airflow/example_dags/tutorial_taskflow_api_virtualenv.py                                  1           0  0.37s           2025-07-14T16:37:46
/home/airflow/.local/lib/python3.7/site-packages/airflow/example_dags/example_passing_params_via_test_command.py                           1           0  0.70s           2025-07-14T16:37:17
/home/airflow/.local/lib/python3.7/site-packages/airflow/example_dags/example_task_group_decorator.py                                      1           0  0.83s           2025-07-14T16:37:18
/home/airflow/.local/lib/python3.7/site-packages/airflow/example_dags/example_branch_python_dop_operator_3.py                              1           0  0.45s           2025-07-14T16:37:18
/home/airflow/.local/lib/python3.7/site-packages/airflow/example_dags/example_sla_dag.py                                                   1           0  0.30s           2025-07-14T16:37:18
/home/airflow/.local/lib/python3.7/site-packages/airflow/example_dags/example_nested_branch_dag.py                                         1           0  0.31s           2025-07-14T16:37:18
/home/airflow/.local/lib/python3.7/site-packages/airflow/example_dags/example_task_group.py                                                1           0  0.33s           2025-07-14T16:37:19
/home/airflow/.local/lib/python3.7/site-packages/airflow/example_dags/example_skip_dag.py                                                  1           0  0.32s           2025-07-14T16:37:19
/home/airflow/.local/lib/python3.7/site-packages/airflow/example_dags/example_external_task_marker_dag.py                                  2           0  0.79s           2025-07-14T16:37:45
/home/airflow/.local/lib/python3.7/site-packages/airflow/example_dags/example_xcomargs.py                                                  2           0  0.46s           2025-07-14T16:37:18
/home/airflow/.local/lib/python3.7/site-packages/airflow/example_dags/example_subdag_operator.py                                           3           0  0.75s           2025-07-14T16:37:45
/home/airflow/.local/lib/python3.7/site-packages/airflow/example_dags/example_branch_datetime_operator.py          4618  0.23s             3           0  0.30s           2025-07-14T16:37:15
/home/airflow/.local/lib/python3.7/site-packages/airflow/example_dags/example_datasets.py                                                  6           0  0.23s           2025-07-14T16:37:35
================================================================================
[2025-07-14T16:38:04.872+0000] {manager.py:465} INFO - Exiting gracefully upon receiving signal 15
[2025-07-14T16:50:59.081+0000] {manager.py:483} INFO - Processing files using up to 2 processes at a time 
[2025-07-14T16:50:59.086+0000] {manager.py:484} INFO - Process each file at most once every 30 seconds
[2025-07-14T16:50:59.087+0000] {manager.py:486} INFO - Checking for new files in /opt/airflow/dags every 300 seconds
[2025-07-14T16:50:59.088+0000] {manager.py:724} INFO - Searching for files in /opt/airflow/dags
[2025-07-14T16:50:59.136+0000] {manager.py:727} INFO - There are 37 files in /opt/airflow/dags
[2025-07-14T16:50:59.217+0000] {manager.py:846} INFO - 
================================================================================
DAG File Processing Stats

File Path                                                                                                           PID  Runtime      # DAGs    # Errors  Last Runtime    Last Run
----------------------------------------------------------------------------------------------------------------  -----  ---------  --------  ----------  --------------  ----------
/opt/airflow/dags/ckan_sdmx_pipeline.py                                                                              46  0.03s             0           0
/home/airflow/.local/lib/python3.7/site-packages/airflow/example_dags/example_short_circuit_decorator.py             47  0.02s             0           0
/home/airflow/.local/lib/python3.7/site-packages/airflow/example_dags/example_bash_operator.py                                             0           0
/home/airflow/.local/lib/python3.7/site-packages/airflow/example_dags/tutorial_taskflow_api.py                                             0           0
/home/airflow/.local/lib/python3.7/site-packages/airflow/example_dags/example_latest_only_with_trigger.py                                  0           0
/home/airflow/.local/lib/python3.7/site-packages/airflow/example_dags/tutorial.py                                                          0           0
/home/airflow/.local/lib/python3.7/site-packages/airflow/example_dags/example_branch_operator_decorator.py                                 0           0
/home/airflow/.local/lib/python3.7/site-packages/airflow/example_dags/example_complex.py                                                   0           0
/home/airflow/.local/lib/python3.7/site-packages/airflow/example_dags/example_branch_operator.py                                           0           0
/home/airflow/.local/lib/python3.7/site-packages/airflow/example_dags/example_python_operator.py                                           0           0
/home/airflow/.local/lib/python3.7/site-packages/airflow/example_dags/example_branch_labels.py                                             0           0
/home/airflow/.local/lib/python3.7/site-packages/airflow/example_dags/example_latest_only.py                                               0           0
/home/airflow/.local/lib/python3.7/site-packages/airflow/example_dags/example_subdag_operator.py                                           0           0
/home/airflow/.local/lib/python3.7/site-packages/airflow/example_dags/example_kubernetes_executor.py                                       0           0
/home/airflow/.local/lib/python3.7/site-packages/airflow/example_dags/example_external_task_marker_dag.py                                  0           0
/home/airflow/.local/lib/python3.7/site-packages/airflow/example_dags/example_short_circuit_operator.py                                    0           0
/home/airflow/.local/lib/python3.7/site-packages/airflow/example_dags/example_dag_decorator.py                                             0           0
/home/airflow/.local/lib/python3.7/site-packages/airflow/example_dags/example_datasets.py                                                  0           0
/home/airflow/.local/lib/python3.7/site-packages/airflow/example_dags/example_trigger_target_dag.py                                        0           0
/home/airflow/.local/lib/python3.7/site-packages/airflow/example_dags/example_xcom.py                                                      0           0
/home/airflow/.local/lib/python3.7/site-packages/airflow/example_dags/example_local_kubernetes_executor.py                                 0           0
/home/airflow/.local/lib/python3.7/site-packages/airflow/example_dags/example_branch_day_of_week_operator.py                               0           0
/home/airflow/.local/lib/python3.7/site-packages/airflow/example_dags/example_time_delta_sensor_async.py                                   0           0
/home/airflow/.local/lib/python3.7/site-packages/airflow/example_dags/example_trigger_controller_dag.py                                    0           0
/home/airflow/.local/lib/python3.7/site-packages/airflow/example_dags/tutorial_dag.py                                                      0           0
/home/airflow/.local/lib/python3.7/site-packages/airflow/example_dags/tutorial_taskflow_api_virtualenv.py                                  0           0
/home/airflow/.local/lib/python3.7/site-packages/airflow/example_dags/example_branch_datetime_operator.py                                  0           0
/home/airflow/.local/lib/python3.7/site-packages/airflow/example_dags/example_passing_params_via_test_command.py                           0           0
/home/airflow/.local/lib/python3.7/site-packages/airflow/example_dags/example_task_group_decorator.py                                      0           0
/home/airflow/.local/lib/python3.7/site-packages/airflow/example_dags/example_branch_python_dop_operator_3.py                              0           0
/home/airflow/.local/lib/python3.7/site-packages/airflow/example_dags/example_xcomargs.py                                                  0           0
/home/airflow/.local/lib/python3.7/site-packages/airflow/example_dags/example_sla_dag.py                                                   0           0
/home/airflow/.local/lib/python3.7/site-packages/airflow/example_dags/example_nested_branch_dag.py                                         0           0
/home/airflow/.local/lib/python3.7/site-packages/airflow/example_dags/example_task_group.py                                                0           0
/home/airflow/.local/lib/python3.7/site-packages/airflow/example_dags/example_skip_dag.py                                                  0           0
/home/airflow/.local/lib/python3.7/site-packages/airflow/example_dags/plugins/workday.py                                                   0           0
/home/airflow/.local/lib/python3.7/site-packages/airflow/example_dags/subdags/subdag.py                                                    0           0
================================================================================
[2025-07-14T16:51:29.244+0000] {manager.py:846} INFO - 
================================================================================
DAG File Processing Stats

File Path                                                                                                         PID    Runtime      # DAGs    # Errors  Last Runtime    Last Run
----------------------------------------------------------------------------------------------------------------  -----  ---------  --------  ----------  --------------  -------------------
/opt/airflow/dags/ckan_sdmx_pipeline.py                                                                                                    0           1  0.09s           2025-07-14T16:50:59
/home/airflow/.local/lib/python3.7/site-packages/airflow/example_dags/plugins/workday.py                                                   0           0  0.11s           2025-07-14T16:51:05
/home/airflow/.local/lib/python3.7/site-packages/airflow/example_dags/subdags/subdag.py                                                    0           0  0.10s           2025-07-14T16:51:06
/home/airflow/.local/lib/python3.7/site-packages/airflow/example_dags/example_short_circuit_decorator.py                                   1           0  0.26s           2025-07-14T16:50:59
/home/airflow/.local/lib/python3.7/site-packages/airflow/example_dags/example_bash_operator.py                                             1           0  0.28s           2025-07-14T16:50:59
/home/airflow/.local/lib/python3.7/site-packages/airflow/example_dags/tutorial_taskflow_api.py                                             1           0  0.23s           2025-07-14T16:50:59
/home/airflow/.local/lib/python3.7/site-packages/airflow/example_dags/example_latest_only_with_trigger.py                                  1           0  0.26s           2025-07-14T16:50:59
/home/airflow/.local/lib/python3.7/site-packages/airflow/example_dags/tutorial.py                                                          1           0  0.33s           2025-07-14T16:51:00
/home/airflow/.local/lib/python3.7/site-packages/airflow/example_dags/example_branch_operator_decorator.py                                 1           0  0.29s           2025-07-14T16:51:00
/home/airflow/.local/lib/python3.7/site-packages/airflow/example_dags/example_complex.py                                                   1           0  0.24s           2025-07-14T16:51:00
/home/airflow/.local/lib/python3.7/site-packages/airflow/example_dags/example_branch_operator.py                                           1           0  0.23s           2025-07-14T16:51:00
/home/airflow/.local/lib/python3.7/site-packages/airflow/example_dags/example_python_operator.py                                           1           0  0.27s           2025-07-14T16:51:00
/home/airflow/.local/lib/python3.7/site-packages/airflow/example_dags/example_branch_labels.py                                             1           0  0.21s           2025-07-14T16:51:00
/home/airflow/.local/lib/python3.7/site-packages/airflow/example_dags/example_latest_only.py                                               1           0  0.23s           2025-07-14T16:51:00
/home/airflow/.local/lib/python3.7/site-packages/airflow/example_dags/example_kubernetes_executor.py                                       1           0  0.41s           2025-07-14T16:51:01
/home/airflow/.local/lib/python3.7/site-packages/airflow/example_dags/example_short_circuit_operator.py                                    1           0  0.31s           2025-07-14T16:51:01
/home/airflow/.local/lib/python3.7/site-packages/airflow/example_dags/example_dag_decorator.py                                             1           0  0.53s           2025-07-14T16:51:02
/home/airflow/.local/lib/python3.7/site-packages/airflow/example_dags/example_trigger_target_dag.py                                        1           0  0.38s           2025-07-14T16:51:02
/home/airflow/.local/lib/python3.7/site-packages/airflow/example_dags/example_xcom.py                                                      1           0  0.41s           2025-07-14T16:51:03
/home/airflow/.local/lib/python3.7/site-packages/airflow/example_dags/example_local_kubernetes_executor.py                                 1           0  0.37s           2025-07-14T16:51:03
/home/airflow/.local/lib/python3.7/site-packages/airflow/example_dags/example_branch_day_of_week_operator.py                               1           0  0.32s           2025-07-14T16:51:03
/home/airflow/.local/lib/python3.7/site-packages/airflow/example_dags/example_time_delta_sensor_async.py                                   1           0  0.71s           2025-07-14T16:51:04
/home/airflow/.local/lib/python3.7/site-packages/airflow/example_dags/example_trigger_controller_dag.py                                    1           0  0.36s           2025-07-14T16:51:03
/home/airflow/.local/lib/python3.7/site-packages/airflow/example_dags/tutorial_dag.py                                                      1           0  0.36s           2025-07-14T16:51:04
/home/airflow/.local/lib/python3.7/site-packages/airflow/example_dags/tutorial_taskflow_api_virtualenv.py                                  1           0  0.51s           2025-07-14T16:51:04
/home/airflow/.local/lib/python3.7/site-packages/airflow/example_dags/example_passing_params_via_test_command.py                           1           0  0.40s           2025-07-14T16:51:05
/home/airflow/.local/lib/python3.7/site-packages/airflow/example_dags/example_task_group_decorator.py                                      1           0  0.39s           2025-07-14T16:51:05
/home/airflow/.local/lib/python3.7/site-packages/airflow/example_dags/example_branch_python_dop_operator_3.py                              1           0  0.30s           2025-07-14T16:51:05
/home/airflow/.local/lib/python3.7/site-packages/airflow/example_dags/example_sla_dag.py                                                   1           0  0.26s           2025-07-14T16:51:05
/home/airflow/.local/lib/python3.7/site-packages/airflow/example_dags/example_nested_branch_dag.py                                         1           0  0.24s           2025-07-14T16:51:05
/home/airflow/.local/lib/python3.7/site-packages/airflow/example_dags/example_task_group.py                                                1           0  0.23s           2025-07-14T16:51:05
/home/airflow/.local/lib/python3.7/site-packages/airflow/example_dags/example_skip_dag.py                                                  1           0  0.28s           2025-07-14T16:51:05
/home/airflow/.local/lib/python3.7/site-packages/airflow/example_dags/example_external_task_marker_dag.py                                  2           0  0.65s           2025-07-14T16:51:01
/home/airflow/.local/lib/python3.7/site-packages/airflow/example_dags/example_xcomargs.py                                                  2           0  0.28s           2025-07-14T16:51:05
/home/airflow/.local/lib/python3.7/site-packages/airflow/example_dags/example_subdag_operator.py                                           3           0  0.77s           2025-07-14T16:51:01
/home/airflow/.local/lib/python3.7/site-packages/airflow/example_dags/example_branch_datetime_operator.py                                  3           0  0.54s           2025-07-14T16:51:04
/home/airflow/.local/lib/python3.7/site-packages/airflow/example_dags/example_datasets.py                                                  6           0  0.74s           2025-07-14T16:51:02
================================================================================
[2025-07-14T16:51:59.769+0000] {manager.py:846} INFO - 
================================================================================
DAG File Processing Stats

File Path                                                                                                         PID    Runtime      # DAGs    # Errors  Last Runtime    Last Run
----------------------------------------------------------------------------------------------------------------  -----  ---------  --------  ----------  --------------  -------------------
/opt/airflow/dags/ckan_sdmx_pipeline.py                                                                                                    0           1  0.08s           2025-07-14T16:51:30
/home/airflow/.local/lib/python3.7/site-packages/airflow/example_dags/plugins/workday.py                                                   0           0  0.10s           2025-07-14T16:51:36
/home/airflow/.local/lib/python3.7/site-packages/airflow/example_dags/subdags/subdag.py                                                    0           0  0.07s           2025-07-14T16:51:36
/home/airflow/.local/lib/python3.7/site-packages/airflow/example_dags/example_short_circuit_decorator.py                                   1           0  0.15s           2025-07-14T16:51:30
/home/airflow/.local/lib/python3.7/site-packages/airflow/example_dags/example_bash_operator.py                                             1           0  0.13s           2025-07-14T16:51:30
/home/airflow/.local/lib/python3.7/site-packages/airflow/example_dags/tutorial_taskflow_api.py                                             1           0  0.14s           2025-07-14T16:51:30
/home/airflow/.local/lib/python3.7/site-packages/airflow/example_dags/example_latest_only_with_trigger.py                                  1           0  0.13s           2025-07-14T16:51:30
/home/airflow/.local/lib/python3.7/site-packages/airflow/example_dags/tutorial.py                                                          1           0  0.12s           2025-07-14T16:51:30
/home/airflow/.local/lib/python3.7/site-packages/airflow/example_dags/example_branch_operator_decorator.py                                 1           0  0.13s           2025-07-14T16:51:30
/home/airflow/.local/lib/python3.7/site-packages/airflow/example_dags/example_complex.py                                                   1           0  0.15s           2025-07-14T16:51:30
/home/airflow/.local/lib/python3.7/site-packages/airflow/example_dags/example_branch_operator.py                                           1           0  0.15s           2025-07-14T16:51:30
/home/airflow/.local/lib/python3.7/site-packages/airflow/example_dags/example_python_operator.py                                           1           0  0.20s           2025-07-14T16:51:30
/home/airflow/.local/lib/python3.7/site-packages/airflow/example_dags/example_branch_labels.py                                             1           0  0.17s           2025-07-14T16:51:31
/home/airflow/.local/lib/python3.7/site-packages/airflow/example_dags/example_latest_only.py                                               1           0  0.12s           2025-07-14T16:51:31
/home/airflow/.local/lib/python3.7/site-packages/airflow/example_dags/example_kubernetes_executor.py                                       1           0  0.18s           2025-07-14T16:51:32
/home/airflow/.local/lib/python3.7/site-packages/airflow/example_dags/example_short_circuit_operator.py                                    1           0  0.14s           2025-07-14T16:51:32
/home/airflow/.local/lib/python3.7/site-packages/airflow/example_dags/example_dag_decorator.py                                             1           0  0.16s           2025-07-14T16:51:32
/home/airflow/.local/lib/python3.7/site-packages/airflow/example_dags/example_trigger_target_dag.py                                        1           0  0.14s           2025-07-14T16:51:33
/home/airflow/.local/lib/python3.7/site-packages/airflow/example_dags/example_xcom.py                                                      1           0  0.13s           2025-07-14T16:51:33
/home/airflow/.local/lib/python3.7/site-packages/airflow/example_dags/example_local_kubernetes_executor.py                                 1           0  0.15s           2025-07-14T16:51:33
/home/airflow/.local/lib/python3.7/site-packages/airflow/example_dags/example_branch_day_of_week_operator.py                               1           0  0.13s           2025-07-14T16:51:33
/home/airflow/.local/lib/python3.7/site-packages/airflow/example_dags/example_time_delta_sensor_async.py                                   1           0  0.28s           2025-07-14T16:51:35
/home/airflow/.local/lib/python3.7/site-packages/airflow/example_dags/example_trigger_controller_dag.py                                    1           0  0.15s           2025-07-14T16:51:33
/home/airflow/.local/lib/python3.7/site-packages/airflow/example_dags/tutorial_dag.py                                                      1           0  0.28s           2025-07-14T16:51:35
/home/airflow/.local/lib/python3.7/site-packages/airflow/example_dags/tutorial_taskflow_api_virtualenv.py                                  1           0  0.24s           2025-07-14T16:51:35
/home/airflow/.local/lib/python3.7/site-packages/airflow/example_dags/example_passing_params_via_test_command.py                           1           0  0.25s           2025-07-14T16:51:35
/home/airflow/.local/lib/python3.7/site-packages/airflow/example_dags/example_task_group_decorator.py                                      1           0  0.16s           2025-07-14T16:51:35
/home/airflow/.local/lib/python3.7/site-packages/airflow/example_dags/example_branch_python_dop_operator_3.py                              1           0  0.27s           2025-07-14T16:51:36
/home/airflow/.local/lib/python3.7/site-packages/airflow/example_dags/example_sla_dag.py                                                   1           0  0.21s           2025-07-14T16:51:36
/home/airflow/.local/lib/python3.7/site-packages/airflow/example_dags/example_nested_branch_dag.py                                         1           0  0.20s           2025-07-14T16:51:36
/home/airflow/.local/lib/python3.7/site-packages/airflow/example_dags/example_task_group.py                                                1           0  0.19s           2025-07-14T16:51:36
/home/airflow/.local/lib/python3.7/site-packages/airflow/example_dags/example_skip_dag.py                                                  1           0  0.23s           2025-07-14T16:51:36
/home/airflow/.local/lib/python3.7/site-packages/airflow/example_dags/example_external_task_marker_dag.py                                  2           0  0.17s           2025-07-14T16:51:32
/home/airflow/.local/lib/python3.7/site-packages/airflow/example_dags/example_xcomargs.py                                                  2           0  0.31s           2025-07-14T16:51:36
/home/airflow/.local/lib/python3.7/site-packages/airflow/example_dags/example_subdag_operator.py                                           3           0  0.20s           2025-07-14T16:51:32
/home/airflow/.local/lib/python3.7/site-packages/airflow/example_dags/example_branch_datetime_operator.py                                  3           0  0.18s           2025-07-14T16:51:35
/home/airflow/.local/lib/python3.7/site-packages/airflow/example_dags/example_datasets.py                                                  6           0  0.18s           2025-07-14T16:51:33
================================================================================
[2025-07-14T16:52:30.189+0000] {manager.py:846} INFO - 
================================================================================
DAG File Processing Stats

File Path                                                                                                         PID    Runtime      # DAGs    # Errors  Last Runtime    Last Run
----------------------------------------------------------------------------------------------------------------  -----  ---------  --------  ----------  --------------  -------------------
/opt/airflow/dags/ckan_sdmx_pipeline.py                                                                                                    0           1  0.10s           2025-07-14T16:52:00
/home/airflow/.local/lib/python3.7/site-packages/airflow/example_dags/plugins/workday.py                                                   0           0  0.07s           2025-07-14T16:52:06
/home/airflow/.local/lib/python3.7/site-packages/airflow/example_dags/subdags/subdag.py                                                    0           0  0.06s           2025-07-14T16:52:07
/home/airflow/.local/lib/python3.7/site-packages/airflow/example_dags/example_short_circuit_decorator.py                                   1           0  0.18s           2025-07-14T16:52:00
/home/airflow/.local/lib/python3.7/site-packages/airflow/example_dags/example_bash_operator.py                                             1           0  0.15s           2025-07-14T16:52:01
/home/airflow/.local/lib/python3.7/site-packages/airflow/example_dags/tutorial_taskflow_api.py                                             1           0  0.15s           2025-07-14T16:52:01
/home/airflow/.local/lib/python3.7/site-packages/airflow/example_dags/example_latest_only_with_trigger.py                                  1           0  0.14s           2025-07-14T16:52:01
/home/airflow/.local/lib/python3.7/site-packages/airflow/example_dags/tutorial.py                                                          1           0  0.14s           2025-07-14T16:52:01
/home/airflow/.local/lib/python3.7/site-packages/airflow/example_dags/example_branch_operator_decorator.py                                 1           0  0.15s           2025-07-14T16:52:01
/home/airflow/.local/lib/python3.7/site-packages/airflow/example_dags/example_complex.py                                                   1           0  0.19s           2025-07-14T16:52:01
/home/airflow/.local/lib/python3.7/site-packages/airflow/example_dags/example_branch_operator.py                                           1           0  0.20s           2025-07-14T16:52:01
/home/airflow/.local/lib/python3.7/site-packages/airflow/example_dags/example_python_operator.py                                           1           0  0.25s           2025-07-14T16:52:01
/home/airflow/.local/lib/python3.7/site-packages/airflow/example_dags/example_branch_labels.py                                             1           0  0.25s           2025-07-14T16:52:01
/home/airflow/.local/lib/python3.7/site-packages/airflow/example_dags/example_latest_only.py                                               1           0  0.23s           2025-07-14T16:52:01
/home/airflow/.local/lib/python3.7/site-packages/airflow/example_dags/example_kubernetes_executor.py                                       1           0  0.32s           2025-07-14T16:52:03
/home/airflow/.local/lib/python3.7/site-packages/airflow/example_dags/example_short_circuit_operator.py                                    1           0  0.17s           2025-07-14T16:52:03
/home/airflow/.local/lib/python3.7/site-packages/airflow/example_dags/example_dag_decorator.py                                             1           0  0.35s           2025-07-14T16:52:03
/home/airflow/.local/lib/python3.7/site-packages/airflow/example_dags/example_trigger_target_dag.py                                        1           0  0.21s           2025-07-14T16:52:03
/home/airflow/.local/lib/python3.7/site-packages/airflow/example_dags/example_xcom.py                                                      1           0  0.16s           2025-07-14T16:52:04
/home/airflow/.local/lib/python3.7/site-packages/airflow/example_dags/example_local_kubernetes_executor.py                                 1           0  0.22s           2025-07-14T16:52:04
/home/airflow/.local/lib/python3.7/site-packages/airflow/example_dags/example_branch_day_of_week_operator.py                               1           0  0.22s           2025-07-14T16:52:04
/home/airflow/.local/lib/python3.7/site-packages/airflow/example_dags/example_time_delta_sensor_async.py                                   1           0  0.31s           2025-07-14T16:52:05
/home/airflow/.local/lib/python3.7/site-packages/airflow/example_dags/example_trigger_controller_dag.py                                    1           0  0.18s           2025-07-14T16:52:04
/home/airflow/.local/lib/python3.7/site-packages/airflow/example_dags/tutorial_dag.py                                                      1           0  0.15s           2025-07-14T16:52:05
/home/airflow/.local/lib/python3.7/site-packages/airflow/example_dags/tutorial_taskflow_api_virtualenv.py                                  1           0  0.14s           2025-07-14T16:52:05
/home/airflow/.local/lib/python3.7/site-packages/airflow/example_dags/example_passing_params_via_test_command.py                           1           0  0.19s           2025-07-14T16:52:06
/home/airflow/.local/lib/python3.7/site-packages/airflow/example_dags/example_task_group_decorator.py                                      1           0  0.17s           2025-07-14T16:52:06
/home/airflow/.local/lib/python3.7/site-packages/airflow/example_dags/example_branch_python_dop_operator_3.py                              1           0  0.24s           2025-07-14T16:52:06
/home/airflow/.local/lib/python3.7/site-packages/airflow/example_dags/example_sla_dag.py                                                   1           0  0.25s           2025-07-14T16:52:06
/home/airflow/.local/lib/python3.7/site-packages/airflow/example_dags/example_nested_branch_dag.py                                         1           0  0.22s           2025-07-14T16:52:06
/home/airflow/.local/lib/python3.7/site-packages/airflow/example_dags/example_task_group.py                                                1           0  0.19s           2025-07-14T16:52:06
/home/airflow/.local/lib/python3.7/site-packages/airflow/example_dags/example_skip_dag.py                                                  1           0  0.18s           2025-07-14T16:52:07
/home/airflow/.local/lib/python3.7/site-packages/airflow/example_dags/example_external_task_marker_dag.py                                  2           0  0.45s           2025-07-14T16:52:03
/home/airflow/.local/lib/python3.7/site-packages/airflow/example_dags/example_xcomargs.py                                                  2           0  0.26s           2025-07-14T16:52:06
/home/airflow/.local/lib/python3.7/site-packages/airflow/example_dags/example_subdag_operator.py                                           3           0  0.42s           2025-07-14T16:52:03
/home/airflow/.local/lib/python3.7/site-packages/airflow/example_dags/example_branch_datetime_operator.py                                  3           0  0.19s           2025-07-14T16:52:05
/home/airflow/.local/lib/python3.7/site-packages/airflow/example_dags/example_datasets.py                                                  6           0  0.36s           2025-07-14T16:52:03
================================================================================
[2025-07-14T16:53:00.704+0000] {manager.py:846} INFO - 
================================================================================
DAG File Processing Stats

File Path                                                                                                         PID    Runtime      # DAGs    # Errors  Last Runtime    Last Run
----------------------------------------------------------------------------------------------------------------  -----  ---------  --------  ----------  --------------  -------------------
/opt/airflow/dags/ckan_sdmx_pipeline.py                                                                                                    0           1  0.10s           2025-07-14T16:52:31
/home/airflow/.local/lib/python3.7/site-packages/airflow/example_dags/plugins/workday.py                                                   0           0  0.06s           2025-07-14T16:52:37
/home/airflow/.local/lib/python3.7/site-packages/airflow/example_dags/subdags/subdag.py                                                    0           0  0.06s           2025-07-14T16:52:37
/home/airflow/.local/lib/python3.7/site-packages/airflow/example_dags/example_short_circuit_decorator.py                                   1           0  0.14s           2025-07-14T16:52:31
/home/airflow/.local/lib/python3.7/site-packages/airflow/example_dags/example_bash_operator.py                                             1           0  0.14s           2025-07-14T16:52:31
/home/airflow/.local/lib/python3.7/site-packages/airflow/example_dags/tutorial_taskflow_api.py                                             1           0  0.13s           2025-07-14T16:52:31
/home/airflow/.local/lib/python3.7/site-packages/airflow/example_dags/example_latest_only_with_trigger.py                                  1           0  0.12s           2025-07-14T16:52:31
/home/airflow/.local/lib/python3.7/site-packages/airflow/example_dags/tutorial.py                                                          1           0  0.12s           2025-07-14T16:52:31
/home/airflow/.local/lib/python3.7/site-packages/airflow/example_dags/example_branch_operator_decorator.py                                 1           0  0.13s           2025-07-14T16:52:31
/home/airflow/.local/lib/python3.7/site-packages/airflow/example_dags/example_complex.py                                                   1           0  0.13s           2025-07-14T16:52:31
/home/airflow/.local/lib/python3.7/site-packages/airflow/example_dags/example_branch_operator.py                                           1           0  0.21s           2025-07-14T16:52:31
/home/airflow/.local/lib/python3.7/site-packages/airflow/example_dags/example_python_operator.py                                           1           0  0.21s           2025-07-14T16:52:31
/home/airflow/.local/lib/python3.7/site-packages/airflow/example_dags/example_branch_labels.py                                             1           0  0.13s           2025-07-14T16:52:32
/home/airflow/.local/lib/python3.7/site-packages/airflow/example_dags/example_latest_only.py                                               1           0  0.11s           2025-07-14T16:52:32
/home/airflow/.local/lib/python3.7/site-packages/airflow/example_dags/example_kubernetes_executor.py                                       1           0  0.14s           2025-07-14T16:52:34
/home/airflow/.local/lib/python3.7/site-packages/airflow/example_dags/example_short_circuit_operator.py                                    1           0  0.16s           2025-07-14T16:52:34
/home/airflow/.local/lib/python3.7/site-packages/airflow/example_dags/example_dag_decorator.py                                             1           0  0.18s           2025-07-14T16:52:34
/home/airflow/.local/lib/python3.7/site-packages/airflow/example_dags/example_trigger_target_dag.py                                        1           0  0.19s           2025-07-14T16:52:34
/home/airflow/.local/lib/python3.7/site-packages/airflow/example_dags/example_xcom.py                                                      1           0  0.17s           2025-07-14T16:52:35
/home/airflow/.local/lib/python3.7/site-packages/airflow/example_dags/example_local_kubernetes_executor.py                                 1           0  0.15s           2025-07-14T16:52:35
/home/airflow/.local/lib/python3.7/site-packages/airflow/example_dags/example_branch_day_of_week_operator.py                               1           0  0.17s           2025-07-14T16:52:35
/home/airflow/.local/lib/python3.7/site-packages/airflow/example_dags/example_time_delta_sensor_async.py                                   1           0  0.31s           2025-07-14T16:52:36
/home/airflow/.local/lib/python3.7/site-packages/airflow/example_dags/example_trigger_controller_dag.py                                    1           0  0.22s           2025-07-14T16:52:35
/home/airflow/.local/lib/python3.7/site-packages/airflow/example_dags/tutorial_dag.py                                                      1           0  0.13s           2025-07-14T16:52:36
/home/airflow/.local/lib/python3.7/site-packages/airflow/example_dags/tutorial_taskflow_api_virtualenv.py                                  1           0  0.15s           2025-07-14T16:52:36
/home/airflow/.local/lib/python3.7/site-packages/airflow/example_dags/example_passing_params_via_test_command.py                           1           0  0.16s           2025-07-14T16:52:36
/home/airflow/.local/lib/python3.7/site-packages/airflow/example_dags/example_task_group_decorator.py                                      1           0  0.20s           2025-07-14T16:52:36
/home/airflow/.local/lib/python3.7/site-packages/airflow/example_dags/example_branch_python_dop_operator_3.py                              1           0  0.21s           2025-07-14T16:52:36
/home/airflow/.local/lib/python3.7/site-packages/airflow/example_dags/example_sla_dag.py                                                   1           0  0.18s           2025-07-14T16:52:37
/home/airflow/.local/lib/python3.7/site-packages/airflow/example_dags/example_nested_branch_dag.py                                         1           0  0.23s           2025-07-14T16:52:37
/home/airflow/.local/lib/python3.7/site-packages/airflow/example_dags/example_task_group.py                                                1           0  0.19s           2025-07-14T16:52:37
/home/airflow/.local/lib/python3.7/site-packages/airflow/example_dags/example_skip_dag.py                                                  1           0  0.19s           2025-07-14T16:52:37
/home/airflow/.local/lib/python3.7/site-packages/airflow/example_dags/example_external_task_marker_dag.py                                  2           0  0.31s           2025-07-14T16:52:34
/home/airflow/.local/lib/python3.7/site-packages/airflow/example_dags/example_xcomargs.py                                                  2           0  0.19s           2025-07-14T16:52:37
/home/airflow/.local/lib/python3.7/site-packages/airflow/example_dags/example_subdag_operator.py                                           3           0  0.29s           2025-07-14T16:52:34
/home/airflow/.local/lib/python3.7/site-packages/airflow/example_dags/example_branch_datetime_operator.py                                  3           0  0.17s           2025-07-14T16:52:36
/home/airflow/.local/lib/python3.7/site-packages/airflow/example_dags/example_datasets.py                                                  6           0  0.17s           2025-07-14T16:52:34
================================================================================
[2025-07-14T16:53:31.045+0000] {manager.py:846} INFO - 
================================================================================
DAG File Processing Stats

File Path                                                                                                         PID    Runtime      # DAGs    # Errors  Last Runtime    Last Run
----------------------------------------------------------------------------------------------------------------  -----  ---------  --------  ----------  --------------  -------------------
/opt/airflow/dags/ckan_sdmx_pipeline.py                                                                                                    0           1  0.09s           2025-07-14T16:53:01
/home/airflow/.local/lib/python3.7/site-packages/airflow/example_dags/plugins/workday.py                                                   0           0  0.05s           2025-07-14T16:53:07
/home/airflow/.local/lib/python3.7/site-packages/airflow/example_dags/subdags/subdag.py                                                    0           0  0.04s           2025-07-14T16:53:07
/home/airflow/.local/lib/python3.7/site-packages/airflow/example_dags/example_short_circuit_decorator.py                                   1           0  0.15s           2025-07-14T16:53:01
/home/airflow/.local/lib/python3.7/site-packages/airflow/example_dags/example_bash_operator.py                                             1           0  0.15s           2025-07-14T16:53:01
/home/airflow/.local/lib/python3.7/site-packages/airflow/example_dags/tutorial_taskflow_api.py                                             1           0  0.14s           2025-07-14T16:53:02
/home/airflow/.local/lib/python3.7/site-packages/airflow/example_dags/example_latest_only_with_trigger.py                                  1           0  0.12s           2025-07-14T16:53:02
/home/airflow/.local/lib/python3.7/site-packages/airflow/example_dags/tutorial.py                                                          1           0  0.13s           2025-07-14T16:53:02
/home/airflow/.local/lib/python3.7/site-packages/airflow/example_dags/example_branch_operator_decorator.py                                 1           0  0.14s           2025-07-14T16:53:02
/home/airflow/.local/lib/python3.7/site-packages/airflow/example_dags/example_complex.py                                                   1           0  0.15s           2025-07-14T16:53:02
/home/airflow/.local/lib/python3.7/site-packages/airflow/example_dags/example_branch_operator.py                                           1           0  0.13s           2025-07-14T16:53:02
/home/airflow/.local/lib/python3.7/site-packages/airflow/example_dags/example_python_operator.py                                           1           0  0.14s           2025-07-14T16:53:02
/home/airflow/.local/lib/python3.7/site-packages/airflow/example_dags/example_branch_labels.py                                             1           0  0.14s           2025-07-14T16:53:02
/home/airflow/.local/lib/python3.7/site-packages/airflow/example_dags/example_latest_only.py                                               1           0  0.12s           2025-07-14T16:53:02
/home/airflow/.local/lib/python3.7/site-packages/airflow/example_dags/example_kubernetes_executor.py                                       1           0  0.19s           2025-07-14T16:53:04
/home/airflow/.local/lib/python3.7/site-packages/airflow/example_dags/example_short_circuit_operator.py                                    1           0  0.14s           2025-07-14T16:53:05
/home/airflow/.local/lib/python3.7/site-packages/airflow/example_dags/example_dag_decorator.py                                             1           0  0.20s           2025-07-14T16:53:05
/home/airflow/.local/lib/python3.7/site-packages/airflow/example_dags/example_trigger_target_dag.py                                        1           0  0.13s           2025-07-14T16:53:05
/home/airflow/.local/lib/python3.7/site-packages/airflow/example_dags/example_xcom.py                                                      1           0  0.13s           2025-07-14T16:53:05
/home/airflow/.local/lib/python3.7/site-packages/airflow/example_dags/example_local_kubernetes_executor.py                                 1           0  0.12s           2025-07-14T16:53:05
/home/airflow/.local/lib/python3.7/site-packages/airflow/example_dags/example_branch_day_of_week_operator.py                               1           0  0.12s           2025-07-14T16:53:05
/home/airflow/.local/lib/python3.7/site-packages/airflow/example_dags/example_time_delta_sensor_async.py                                   1           0  0.30s           2025-07-14T16:53:06
/home/airflow/.local/lib/python3.7/site-packages/airflow/example_dags/example_trigger_controller_dag.py                                    1           0  0.12s           2025-07-14T16:53:05
/home/airflow/.local/lib/python3.7/site-packages/airflow/example_dags/tutorial_dag.py                                                      1           0  0.13s           2025-07-14T16:53:06
/home/airflow/.local/lib/python3.7/site-packages/airflow/example_dags/tutorial_taskflow_api_virtualenv.py                                  1           0  0.14s           2025-07-14T16:53:06
/home/airflow/.local/lib/python3.7/site-packages/airflow/example_dags/example_passing_params_via_test_command.py                           1           0  0.16s           2025-07-14T16:53:07
/home/airflow/.local/lib/python3.7/site-packages/airflow/example_dags/example_task_group_decorator.py                                      1           0  0.15s           2025-07-14T16:53:07
/home/airflow/.local/lib/python3.7/site-packages/airflow/example_dags/example_branch_python_dop_operator_3.py                              1           0  0.15s           2025-07-14T16:53:07
/home/airflow/.local/lib/python3.7/site-packages/airflow/example_dags/example_sla_dag.py                                                   1           0  0.15s           2025-07-14T16:53:07
/home/airflow/.local/lib/python3.7/site-packages/airflow/example_dags/example_nested_branch_dag.py                                         1           0  0.14s           2025-07-14T16:53:07
/home/airflow/.local/lib/python3.7/site-packages/airflow/example_dags/example_task_group.py                                                1           0  0.13s           2025-07-14T16:53:07
/home/airflow/.local/lib/python3.7/site-packages/airflow/example_dags/example_skip_dag.py                                                  1           0  0.13s           2025-07-14T16:53:07
/home/airflow/.local/lib/python3.7/site-packages/airflow/example_dags/example_external_task_marker_dag.py                                  2           0  0.27s           2025-07-14T16:53:04
/home/airflow/.local/lib/python3.7/site-packages/airflow/example_dags/example_xcomargs.py                                                  2           0  0.16s           2025-07-14T16:53:07
/home/airflow/.local/lib/python3.7/site-packages/airflow/example_dags/example_subdag_operator.py                                           3           0  0.34s           2025-07-14T16:53:04
/home/airflow/.local/lib/python3.7/site-packages/airflow/example_dags/example_branch_datetime_operator.py                                  3           0  0.16s           2025-07-14T16:53:07
/home/airflow/.local/lib/python3.7/site-packages/airflow/example_dags/example_datasets.py                                                  6           0  0.17s           2025-07-14T16:53:05
================================================================================
[2025-07-14T16:54:01.824+0000] {manager.py:846} INFO - 
================================================================================
DAG File Processing Stats

File Path                                                                                                         PID    Runtime      # DAGs    # Errors  Last Runtime    Last Run
----------------------------------------------------------------------------------------------------------------  -----  ---------  --------  ----------  --------------  -------------------
/opt/airflow/dags/ckan_sdmx_pipeline.py                                                                                                    0           1  0.09s           2025-07-14T16:53:32
/home/airflow/.local/lib/python3.7/site-packages/airflow/example_dags/plugins/workday.py                                                   0           0  0.06s           2025-07-14T16:53:38
/home/airflow/.local/lib/python3.7/site-packages/airflow/example_dags/subdags/subdag.py                                                    0           0  0.07s           2025-07-14T16:53:38
/home/airflow/.local/lib/python3.7/site-packages/airflow/example_dags/example_short_circuit_decorator.py                                   1           0  0.17s           2025-07-14T16:53:32
/home/airflow/.local/lib/python3.7/site-packages/airflow/example_dags/example_bash_operator.py                                             1           0  0.15s           2025-07-14T16:53:32
/home/airflow/.local/lib/python3.7/site-packages/airflow/example_dags/tutorial_taskflow_api.py                                             1           0  0.15s           2025-07-14T16:53:32
/home/airflow/.local/lib/python3.7/site-packages/airflow/example_dags/example_latest_only_with_trigger.py                                  1           0  0.14s           2025-07-14T16:53:32
/home/airflow/.local/lib/python3.7/site-packages/airflow/example_dags/tutorial.py                                                          1           0  0.14s           2025-07-14T16:53:32
/home/airflow/.local/lib/python3.7/site-packages/airflow/example_dags/example_branch_operator_decorator.py                                 1           0  0.15s           2025-07-14T16:53:32
/home/airflow/.local/lib/python3.7/site-packages/airflow/example_dags/example_complex.py                                                   1           0  0.14s           2025-07-14T16:53:32
/home/airflow/.local/lib/python3.7/site-packages/airflow/example_dags/example_branch_operator.py                                           1           0  0.14s           2025-07-14T16:53:32
/home/airflow/.local/lib/python3.7/site-packages/airflow/example_dags/example_python_operator.py                                           1           0  0.14s           2025-07-14T16:53:32
/home/airflow/.local/lib/python3.7/site-packages/airflow/example_dags/example_branch_labels.py                                             1           0  0.13s           2025-07-14T16:53:32
/home/airflow/.local/lib/python3.7/site-packages/airflow/example_dags/example_latest_only.py                                               1           0  0.14s           2025-07-14T16:53:32
/home/airflow/.local/lib/python3.7/site-packages/airflow/example_dags/example_kubernetes_executor.py                                       1           0  0.15s           2025-07-14T16:53:35
/home/airflow/.local/lib/python3.7/site-packages/airflow/example_dags/example_short_circuit_operator.py                                    1           0  0.14s           2025-07-14T16:53:35
/home/airflow/.local/lib/python3.7/site-packages/airflow/example_dags/example_dag_decorator.py                                             1           0  0.19s           2025-07-14T16:53:35
/home/airflow/.local/lib/python3.7/site-packages/airflow/example_dags/example_trigger_target_dag.py                                        1           0  0.15s           2025-07-14T16:53:35
/home/airflow/.local/lib/python3.7/site-packages/airflow/example_dags/example_xcom.py                                                      1           0  0.17s           2025-07-14T16:53:35
/home/airflow/.local/lib/python3.7/site-packages/airflow/example_dags/example_local_kubernetes_executor.py                                 1           0  0.17s           2025-07-14T16:53:35
/home/airflow/.local/lib/python3.7/site-packages/airflow/example_dags/example_branch_day_of_week_operator.py                               1           0  0.17s           2025-07-14T16:53:36
/home/airflow/.local/lib/python3.7/site-packages/airflow/example_dags/example_time_delta_sensor_async.py                                   1           0  0.45s           2025-07-14T16:53:37
/home/airflow/.local/lib/python3.7/site-packages/airflow/example_dags/example_trigger_controller_dag.py                                    1           0  0.16s           2025-07-14T16:53:36
/home/airflow/.local/lib/python3.7/site-packages/airflow/example_dags/tutorial_dag.py                                                      1           0  0.17s           2025-07-14T16:53:37
/home/airflow/.local/lib/python3.7/site-packages/airflow/example_dags/tutorial_taskflow_api_virtualenv.py                                  1           0  0.20s           2025-07-14T16:53:37
/home/airflow/.local/lib/python3.7/site-packages/airflow/example_dags/example_passing_params_via_test_command.py                           1           0  0.24s           2025-07-14T16:53:37
/home/airflow/.local/lib/python3.7/site-packages/airflow/example_dags/example_task_group_decorator.py                                      1           0  0.29s           2025-07-14T16:53:37
/home/airflow/.local/lib/python3.7/site-packages/airflow/example_dags/example_branch_python_dop_operator_3.py                              1           0  0.28s           2025-07-14T16:53:37
/home/airflow/.local/lib/python3.7/site-packages/airflow/example_dags/example_sla_dag.py                                                   1           0  0.28s           2025-07-14T16:53:38
/home/airflow/.local/lib/python3.7/site-packages/airflow/example_dags/example_nested_branch_dag.py                                         1           0  0.24s           2025-07-14T16:53:38
/home/airflow/.local/lib/python3.7/site-packages/airflow/example_dags/example_task_group.py                                                1           0  0.21s           2025-07-14T16:53:38
/home/airflow/.local/lib/python3.7/site-packages/airflow/example_dags/example_skip_dag.py                                                  1           0  0.19s           2025-07-14T16:53:38
/home/airflow/.local/lib/python3.7/site-packages/airflow/example_dags/example_external_task_marker_dag.py                                  2           0  0.30s           2025-07-14T16:53:35
/home/airflow/.local/lib/python3.7/site-packages/airflow/example_dags/example_xcomargs.py                                                  2           0  0.29s           2025-07-14T16:53:38
/home/airflow/.local/lib/python3.7/site-packages/airflow/example_dags/example_subdag_operator.py                                           3           0  0.33s           2025-07-14T16:53:35
/home/airflow/.local/lib/python3.7/site-packages/airflow/example_dags/example_branch_datetime_operator.py                                  3           0  0.24s           2025-07-14T16:53:37
/home/airflow/.local/lib/python3.7/site-packages/airflow/example_dags/example_datasets.py                                                  6           0  0.20s           2025-07-14T16:53:35
================================================================================
[2025-07-14T16:54:32.025+0000] {manager.py:846} INFO - 
================================================================================
DAG File Processing Stats

File Path                                                                                                         PID    Runtime      # DAGs    # Errors  Last Runtime    Last Run
----------------------------------------------------------------------------------------------------------------  -----  ---------  --------  ----------  --------------  -------------------
/opt/airflow/dags/ckan_sdmx_pipeline.py                                                                                                    0           1  0.09s           2025-07-14T16:54:02
/home/airflow/.local/lib/python3.7/site-packages/airflow/example_dags/plugins/workday.py                                                   0           0  0.05s           2025-07-14T16:54:08
/home/airflow/.local/lib/python3.7/site-packages/airflow/example_dags/subdags/subdag.py                                                    0           0  0.05s           2025-07-14T16:54:08
/home/airflow/.local/lib/python3.7/site-packages/airflow/example_dags/example_short_circuit_decorator.py                                   1           0  0.14s           2025-07-14T16:54:02
/home/airflow/.local/lib/python3.7/site-packages/airflow/example_dags/example_bash_operator.py                                             1           0  0.14s           2025-07-14T16:54:03
/home/airflow/.local/lib/python3.7/site-packages/airflow/example_dags/tutorial_taskflow_api.py                                             1           0  0.14s           2025-07-14T16:54:03
/home/airflow/.local/lib/python3.7/site-packages/airflow/example_dags/example_latest_only_with_trigger.py                                  1           0  0.13s           2025-07-14T16:54:03
/home/airflow/.local/lib/python3.7/site-packages/airflow/example_dags/tutorial.py                                                          1           0  0.12s           2025-07-14T16:54:03
/home/airflow/.local/lib/python3.7/site-packages/airflow/example_dags/example_branch_operator_decorator.py                                 1           0  0.13s           2025-07-14T16:54:03
/home/airflow/.local/lib/python3.7/site-packages/airflow/example_dags/example_complex.py                                                   1           0  0.14s           2025-07-14T16:54:03
/home/airflow/.local/lib/python3.7/site-packages/airflow/example_dags/example_branch_operator.py                                           1           0  0.13s           2025-07-14T16:54:03
/home/airflow/.local/lib/python3.7/site-packages/airflow/example_dags/example_python_operator.py                                           1           0  0.13s           2025-07-14T16:54:03
/home/airflow/.local/lib/python3.7/site-packages/airflow/example_dags/example_branch_labels.py                                             1           0  0.13s           2025-07-14T16:54:03
/home/airflow/.local/lib/python3.7/site-packages/airflow/example_dags/example_latest_only.py                                               1           0  0.14s           2025-07-14T16:54:03
/home/airflow/.local/lib/python3.7/site-packages/airflow/example_dags/example_kubernetes_executor.py                                       1           0  0.15s           2025-07-14T16:54:05
/home/airflow/.local/lib/python3.7/site-packages/airflow/example_dags/example_short_circuit_operator.py                                    1           0  0.20s           2025-07-14T16:54:06
/home/airflow/.local/lib/python3.7/site-packages/airflow/example_dags/example_dag_decorator.py                                             1           0  0.20s           2025-07-14T16:54:06
/home/airflow/.local/lib/python3.7/site-packages/airflow/example_dags/example_trigger_target_dag.py                                        1           0  0.15s           2025-07-14T16:54:06
/home/airflow/.local/lib/python3.7/site-packages/airflow/example_dags/example_xcom.py                                                      1           0  0.17s           2025-07-14T16:54:06
/home/airflow/.local/lib/python3.7/site-packages/airflow/example_dags/example_local_kubernetes_executor.py                                 1           0  0.22s           2025-07-14T16:54:06
/home/airflow/.local/lib/python3.7/site-packages/airflow/example_dags/example_branch_day_of_week_operator.py                               1           0  0.26s           2025-07-14T16:54:07
/home/airflow/.local/lib/python3.7/site-packages/airflow/example_dags/example_time_delta_sensor_async.py                                   1           0  0.30s           2025-07-14T16:54:07
/home/airflow/.local/lib/python3.7/site-packages/airflow/example_dags/example_trigger_controller_dag.py                                    1           0  0.19s           2025-07-14T16:54:07
/home/airflow/.local/lib/python3.7/site-packages/airflow/example_dags/tutorial_dag.py                                                      1           0  0.16s           2025-07-14T16:54:07
/home/airflow/.local/lib/python3.7/site-packages/airflow/example_dags/tutorial_taskflow_api_virtualenv.py                                  1           0  0.16s           2025-07-14T16:54:07
/home/airflow/.local/lib/python3.7/site-packages/airflow/example_dags/example_passing_params_via_test_command.py                           1           0  0.17s           2025-07-14T16:54:07
/home/airflow/.local/lib/python3.7/site-packages/airflow/example_dags/example_task_group_decorator.py                                      1           0  0.19s           2025-07-14T16:54:08
/home/airflow/.local/lib/python3.7/site-packages/airflow/example_dags/example_branch_python_dop_operator_3.py                              1           0  0.18s           2025-07-14T16:54:08
/home/airflow/.local/lib/python3.7/site-packages/airflow/example_dags/example_sla_dag.py                                                   1           0  0.14s           2025-07-14T16:54:08
/home/airflow/.local/lib/python3.7/site-packages/airflow/example_dags/example_nested_branch_dag.py                                         1           0  0.15s           2025-07-14T16:54:08
/home/airflow/.local/lib/python3.7/site-packages/airflow/example_dags/example_task_group.py                                                1           0  0.13s           2025-07-14T16:54:08
/home/airflow/.local/lib/python3.7/site-packages/airflow/example_dags/example_skip_dag.py                                                  1           0  0.13s           2025-07-14T16:54:08
/home/airflow/.local/lib/python3.7/site-packages/airflow/example_dags/example_external_task_marker_dag.py                                  2           0  0.41s           2025-07-14T16:54:06
/home/airflow/.local/lib/python3.7/site-packages/airflow/example_dags/example_xcomargs.py                                                  2           0  0.15s           2025-07-14T16:54:08
/home/airflow/.local/lib/python3.7/site-packages/airflow/example_dags/example_subdag_operator.py                                           3           0  0.35s           2025-07-14T16:54:05
/home/airflow/.local/lib/python3.7/site-packages/airflow/example_dags/example_branch_datetime_operator.py                                  3           0  0.18s           2025-07-14T16:54:07
/home/airflow/.local/lib/python3.7/site-packages/airflow/example_dags/example_datasets.py                                                  6           0  0.25s           2025-07-14T16:54:06
================================================================================
[2025-07-14T16:55:02.785+0000] {manager.py:846} INFO - 
================================================================================
DAG File Processing Stats

File Path                                                                                                         PID    Runtime      # DAGs    # Errors  Last Runtime    Last Run
----------------------------------------------------------------------------------------------------------------  -----  ---------  --------  ----------  --------------  -------------------
/opt/airflow/dags/ckan_sdmx_pipeline.py                                                                                                    0           1  0.12s           2025-07-14T16:54:33
/home/airflow/.local/lib/python3.7/site-packages/airflow/example_dags/plugins/workday.py                                                   0           0  0.04s           2025-07-14T16:54:39
/home/airflow/.local/lib/python3.7/site-packages/airflow/example_dags/subdags/subdag.py                                                    0           0  0.04s           2025-07-14T16:54:39
/home/airflow/.local/lib/python3.7/site-packages/airflow/example_dags/example_short_circuit_decorator.py                                   1           0  0.20s           2025-07-14T16:54:33
/home/airflow/.local/lib/python3.7/site-packages/airflow/example_dags/example_bash_operator.py                                             1           0  0.20s           2025-07-14T16:54:33
/home/airflow/.local/lib/python3.7/site-packages/airflow/example_dags/tutorial_taskflow_api.py                                             1           0  0.21s           2025-07-14T16:54:33
/home/airflow/.local/lib/python3.7/site-packages/airflow/example_dags/example_latest_only_with_trigger.py                                  1           0  0.14s           2025-07-14T16:54:33
/home/airflow/.local/lib/python3.7/site-packages/airflow/example_dags/tutorial.py                                                          1           0  0.16s           2025-07-14T16:54:33
/home/airflow/.local/lib/python3.7/site-packages/airflow/example_dags/example_branch_operator_decorator.py                                 1           0  0.18s           2025-07-14T16:54:33
/home/airflow/.local/lib/python3.7/site-packages/airflow/example_dags/example_complex.py                                                   1           0  0.17s           2025-07-14T16:54:33
/home/airflow/.local/lib/python3.7/site-packages/airflow/example_dags/example_branch_operator.py                                           1           0  0.14s           2025-07-14T16:54:33
/home/airflow/.local/lib/python3.7/site-packages/airflow/example_dags/example_python_operator.py                                           1           0  0.17s           2025-07-14T16:54:33
/home/airflow/.local/lib/python3.7/site-packages/airflow/example_dags/example_branch_labels.py                                             1           0  0.16s           2025-07-14T16:54:33
/home/airflow/.local/lib/python3.7/site-packages/airflow/example_dags/example_latest_only.py                                               1           0  0.14s           2025-07-14T16:54:34
/home/airflow/.local/lib/python3.7/site-packages/airflow/example_dags/example_kubernetes_executor.py                                       1           0  0.18s           2025-07-14T16:54:36
/home/airflow/.local/lib/python3.7/site-packages/airflow/example_dags/example_short_circuit_operator.py                                    1           0  0.13s           2025-07-14T16:54:36
/home/airflow/.local/lib/python3.7/site-packages/airflow/example_dags/example_dag_decorator.py                                             1           0  0.33s           2025-07-14T16:54:36
/home/airflow/.local/lib/python3.7/site-packages/airflow/example_dags/example_trigger_target_dag.py                                        1           0  0.16s           2025-07-14T16:54:37
/home/airflow/.local/lib/python3.7/site-packages/airflow/example_dags/example_xcom.py                                                      1           0  0.14s           2025-07-14T16:54:37
/home/airflow/.local/lib/python3.7/site-packages/airflow/example_dags/example_local_kubernetes_executor.py                                 1           0  0.14s           2025-07-14T16:54:37
/home/airflow/.local/lib/python3.7/site-packages/airflow/example_dags/example_branch_day_of_week_operator.py                               1           0  0.16s           2025-07-14T16:54:37
/home/airflow/.local/lib/python3.7/site-packages/airflow/example_dags/example_time_delta_sensor_async.py                                   1           0  0.30s           2025-07-14T16:54:38
/home/airflow/.local/lib/python3.7/site-packages/airflow/example_dags/example_trigger_controller_dag.py                                    1           0  0.15s           2025-07-14T16:54:37
/home/airflow/.local/lib/python3.7/site-packages/airflow/example_dags/tutorial_dag.py                                                      1           0  0.15s           2025-07-14T16:54:37
/home/airflow/.local/lib/python3.7/site-packages/airflow/example_dags/tutorial_taskflow_api_virtualenv.py                                  1           0  0.14s           2025-07-14T16:54:38
/home/airflow/.local/lib/python3.7/site-packages/airflow/example_dags/example_passing_params_via_test_command.py                           1           0  0.14s           2025-07-14T16:54:38
/home/airflow/.local/lib/python3.7/site-packages/airflow/example_dags/example_task_group_decorator.py                                      1           0  0.14s           2025-07-14T16:54:38
/home/airflow/.local/lib/python3.7/site-packages/airflow/example_dags/example_branch_python_dop_operator_3.py                              1           0  0.17s           2025-07-14T16:54:38
/home/airflow/.local/lib/python3.7/site-packages/airflow/example_dags/example_sla_dag.py                                                   1           0  0.20s           2025-07-14T16:54:39
/home/airflow/.local/lib/python3.7/site-packages/airflow/example_dags/example_nested_branch_dag.py                                         1           0  0.17s           2025-07-14T16:54:39
/home/airflow/.local/lib/python3.7/site-packages/airflow/example_dags/example_task_group.py                                                1           0  0.16s           2025-07-14T16:54:39
/home/airflow/.local/lib/python3.7/site-packages/airflow/example_dags/example_skip_dag.py                                                  1           0  0.14s           2025-07-14T16:54:39
/home/airflow/.local/lib/python3.7/site-packages/airflow/example_dags/example_external_task_marker_dag.py                                  2           0  0.30s           2025-07-14T16:54:36
/home/airflow/.local/lib/python3.7/site-packages/airflow/example_dags/example_xcomargs.py                                                  2           0  0.21s           2025-07-14T16:54:39
/home/airflow/.local/lib/python3.7/site-packages/airflow/example_dags/example_subdag_operator.py                                           3           0  0.34s           2025-07-14T16:54:36
/home/airflow/.local/lib/python3.7/site-packages/airflow/example_dags/example_branch_datetime_operator.py                                  3           0  0.16s           2025-07-14T16:54:38
/home/airflow/.local/lib/python3.7/site-packages/airflow/example_dags/example_datasets.py                                                  6           0  0.20s           2025-07-14T16:54:37
================================================================================
[2025-07-14T16:55:33.472+0000] {manager.py:846} INFO - 
================================================================================
DAG File Processing Stats

File Path                                                                                                         PID    Runtime      # DAGs    # Errors  Last Runtime    Last Run
----------------------------------------------------------------------------------------------------------------  -----  ---------  --------  ----------  --------------  -------------------
/opt/airflow/dags/ckan_sdmx_pipeline.py                                                                                                    0           1  0.10s           2025-07-14T16:55:03
/home/airflow/.local/lib/python3.7/site-packages/airflow/example_dags/plugins/workday.py                                                   0           0  0.06s           2025-07-14T16:55:10
/home/airflow/.local/lib/python3.7/site-packages/airflow/example_dags/subdags/subdag.py                                                    0           0  0.08s           2025-07-14T16:55:10
/home/airflow/.local/lib/python3.7/site-packages/airflow/example_dags/example_short_circuit_decorator.py                                   1           0  0.14s           2025-07-14T16:55:03
/home/airflow/.local/lib/python3.7/site-packages/airflow/example_dags/example_bash_operator.py                                             1           0  0.14s           2025-07-14T16:55:04
/home/airflow/.local/lib/python3.7/site-packages/airflow/example_dags/tutorial_taskflow_api.py                                             1           0  0.13s           2025-07-14T16:55:04
/home/airflow/.local/lib/python3.7/site-packages/airflow/example_dags/example_latest_only_with_trigger.py                                  1           0  0.16s           2025-07-14T16:55:04
/home/airflow/.local/lib/python3.7/site-packages/airflow/example_dags/tutorial.py                                                          1           0  0.16s           2025-07-14T16:55:04
/home/airflow/.local/lib/python3.7/site-packages/airflow/example_dags/example_branch_operator_decorator.py                                 1           0  0.14s           2025-07-14T16:55:04
/home/airflow/.local/lib/python3.7/site-packages/airflow/example_dags/example_complex.py                                                   1           0  0.13s           2025-07-14T16:55:04
/home/airflow/.local/lib/python3.7/site-packages/airflow/example_dags/example_branch_operator.py                                           1           0  0.14s           2025-07-14T16:55:04
/home/airflow/.local/lib/python3.7/site-packages/airflow/example_dags/example_python_operator.py                                           1           0  0.15s           2025-07-14T16:55:04
/home/airflow/.local/lib/python3.7/site-packages/airflow/example_dags/example_branch_labels.py                                             1           0  0.13s           2025-07-14T16:55:04
/home/airflow/.local/lib/python3.7/site-packages/airflow/example_dags/example_latest_only.py                                               1           0  0.12s           2025-07-14T16:55:04
/home/airflow/.local/lib/python3.7/site-packages/airflow/example_dags/example_kubernetes_executor.py                                       1           0  0.16s           2025-07-14T16:55:06
/home/airflow/.local/lib/python3.7/site-packages/airflow/example_dags/example_short_circuit_operator.py                                    1           0  0.12s           2025-07-14T16:55:07
/home/airflow/.local/lib/python3.7/site-packages/airflow/example_dags/example_dag_decorator.py                                             1           0  0.18s           2025-07-14T16:55:07
/home/airflow/.local/lib/python3.7/site-packages/airflow/example_dags/example_trigger_target_dag.py                                        1           0  0.13s           2025-07-14T16:55:07
/home/airflow/.local/lib/python3.7/site-packages/airflow/example_dags/example_xcom.py                                                      1           0  0.15s           2025-07-14T16:55:07
/home/airflow/.local/lib/python3.7/site-packages/airflow/example_dags/example_local_kubernetes_executor.py                                 1           0  0.14s           2025-07-14T16:55:07
/home/airflow/.local/lib/python3.7/site-packages/airflow/example_dags/example_branch_day_of_week_operator.py                               1           0  0.16s           2025-07-14T16:55:07
/home/airflow/.local/lib/python3.7/site-packages/airflow/example_dags/example_time_delta_sensor_async.py                                   1           0  0.30s           2025-07-14T16:55:09
/home/airflow/.local/lib/python3.7/site-packages/airflow/example_dags/example_trigger_controller_dag.py                                    1           0  0.15s           2025-07-14T16:55:07
/home/airflow/.local/lib/python3.7/site-packages/airflow/example_dags/tutorial_dag.py                                                      1           0  0.14s           2025-07-14T16:55:08
/home/airflow/.local/lib/python3.7/site-packages/airflow/example_dags/tutorial_taskflow_api_virtualenv.py                                  1           0  0.15s           2025-07-14T16:55:09
/home/airflow/.local/lib/python3.7/site-packages/airflow/example_dags/example_passing_params_via_test_command.py                           1           0  0.14s           2025-07-14T16:55:09
/home/airflow/.local/lib/python3.7/site-packages/airflow/example_dags/example_task_group_decorator.py                                      1           0  0.14s           2025-07-14T16:55:09
/home/airflow/.local/lib/python3.7/site-packages/airflow/example_dags/example_branch_python_dop_operator_3.py                              1           0  0.18s           2025-07-14T16:55:09
/home/airflow/.local/lib/python3.7/site-packages/airflow/example_dags/example_sla_dag.py                                                   1           0  0.18s           2025-07-14T16:55:09
/home/airflow/.local/lib/python3.7/site-packages/airflow/example_dags/example_nested_branch_dag.py                                         1           0  0.15s           2025-07-14T16:55:10
/home/airflow/.local/lib/python3.7/site-packages/airflow/example_dags/example_task_group.py                                                1           0  0.16s           2025-07-14T16:55:10
/home/airflow/.local/lib/python3.7/site-packages/airflow/example_dags/example_skip_dag.py                                                  1           0  0.15s           2025-07-14T16:55:10
/home/airflow/.local/lib/python3.7/site-packages/airflow/example_dags/example_external_task_marker_dag.py                                  2           0  0.32s           2025-07-14T16:55:07
/home/airflow/.local/lib/python3.7/site-packages/airflow/example_dags/example_xcomargs.py                                                  2           0  0.16s           2025-07-14T16:55:09
/home/airflow/.local/lib/python3.7/site-packages/airflow/example_dags/example_subdag_operator.py                                           3           0  0.36s           2025-07-14T16:55:07
/home/airflow/.local/lib/python3.7/site-packages/airflow/example_dags/example_branch_datetime_operator.py                                  3           0  0.13s           2025-07-14T16:55:09
/home/airflow/.local/lib/python3.7/site-packages/airflow/example_dags/example_datasets.py                                                  6           0  0.16s           2025-07-14T16:55:07
================================================================================
[2025-07-14T17:00:11.471+0000] {manager.py:724} INFO - Searching for files in /opt/airflow/dags
[2025-07-14T17:00:12.155+0000] {manager.py:727} INFO - There are 37 files in /opt/airflow/dags
[2025-07-14T21:02:24.038+0000] {manager.py:724} INFO - Searching for files in /opt/airflow/dags
[2025-07-14T21:02:25.718+0000] {manager.py:727} INFO - There are 37 files in /opt/airflow/dags
[2025-07-14T21:02:25.974+0000] {manager.py:1137} ERROR - Processor for /home/airflow/.local/lib/python3.7/site-packages/airflow/example_dags/example_branch_operator_decorator.py with PID 658 started at 2025-07-14T17:00:14.125279+00:00 has timed out, killing it.
[2025-07-14T21:02:25.978+0000] {manager.py:1137} ERROR - Processor for /home/airflow/.local/lib/python3.7/site-packages/airflow/example_dags/example_complex.py with PID 659 started at 2025-07-14T17:00:14.291891+00:00 has timed out, killing it.
[2025-07-14T21:02:26.312+0000] {manager.py:846} INFO - 
================================================================================
DAG File Processing Stats

File Path                                                                                                           PID  Runtime      # DAGs    # Errors  Last Runtime    Last Run
----------------------------------------------------------------------------------------------------------------  -----  ---------  --------  ----------  --------------  -------------------
/opt/airflow/dags/ckan_sdmx_pipeline.py                                                                                                    0           1  0.54s           2025-07-14T17:00:12
/home/airflow/.local/lib/python3.7/site-packages/airflow/example_dags/plugins/workday.py                                                   0           0  0.09s           2025-07-14T16:55:42
/home/airflow/.local/lib/python3.7/site-packages/airflow/example_dags/subdags/subdag.py                                                    0           0  0.10s           2025-07-14T16:55:42
/home/airflow/.local/lib/python3.7/site-packages/airflow/example_dags/example_short_circuit_decorator.py                                   1           0  0.87s           2025-07-14T17:00:13
/home/airflow/.local/lib/python3.7/site-packages/airflow/example_dags/example_bash_operator.py                                             1           0  0.65s           2025-07-14T17:00:13
/home/airflow/.local/lib/python3.7/site-packages/airflow/example_dags/tutorial_taskflow_api.py                                             1           0  0.74s           2025-07-14T17:00:13
/home/airflow/.local/lib/python3.7/site-packages/airflow/example_dags/example_latest_only_with_trigger.py                                  1           0  0.58s           2025-07-14T17:00:14
/home/airflow/.local/lib/python3.7/site-packages/airflow/example_dags/tutorial.py                                                          1           0  0.41s           2025-07-14T17:00:14
/home/airflow/.local/lib/python3.7/site-packages/airflow/example_dags/example_branch_operator_decorator.py                                 1           0  0.41s           2025-07-14T16:55:35
/home/airflow/.local/lib/python3.7/site-packages/airflow/example_dags/example_complex.py                                                   1           0  0.43s           2025-07-14T16:55:35
/home/airflow/.local/lib/python3.7/site-packages/airflow/example_dags/example_branch_operator.py                    668  0.07s             1           0  0.16s           2025-07-14T16:55:35
/home/airflow/.local/lib/python3.7/site-packages/airflow/example_dags/example_python_operator.py                    669  0.03s             1           0  0.17s           2025-07-14T16:55:35
/home/airflow/.local/lib/python3.7/site-packages/airflow/example_dags/example_branch_labels.py                                             1           0  0.18s           2025-07-14T16:55:35
/home/airflow/.local/lib/python3.7/site-packages/airflow/example_dags/example_latest_only.py                                               1           0  0.16s           2025-07-14T16:55:35
/home/airflow/.local/lib/python3.7/site-packages/airflow/example_dags/example_kubernetes_executor.py                                       1           0  0.38s           2025-07-14T16:55:37
/home/airflow/.local/lib/python3.7/site-packages/airflow/example_dags/example_short_circuit_operator.py                                    1           0  0.29s           2025-07-14T16:55:38
/home/airflow/.local/lib/python3.7/site-packages/airflow/example_dags/example_dag_decorator.py                                             1           0  0.41s           2025-07-14T16:55:38
/home/airflow/.local/lib/python3.7/site-packages/airflow/example_dags/example_trigger_target_dag.py                                        1           0  0.43s           2025-07-14T16:55:38
/home/airflow/.local/lib/python3.7/site-packages/airflow/example_dags/example_xcom.py                                                      1           0  0.39s           2025-07-14T16:55:39
/home/airflow/.local/lib/python3.7/site-packages/airflow/example_dags/example_local_kubernetes_executor.py                                 1           0  0.32s           2025-07-14T16:55:39
/home/airflow/.local/lib/python3.7/site-packages/airflow/example_dags/example_branch_day_of_week_operator.py                               1           0  0.27s           2025-07-14T16:55:39
/home/airflow/.local/lib/python3.7/site-packages/airflow/example_dags/example_time_delta_sensor_async.py                                   1           0  0.85s           2025-07-14T16:55:40
/home/airflow/.local/lib/python3.7/site-packages/airflow/example_dags/example_trigger_controller_dag.py                                    1           0  0.26s           2025-07-14T16:55:39
/home/airflow/.local/lib/python3.7/site-packages/airflow/example_dags/tutorial_dag.py                                                      1           0  0.36s           2025-07-14T16:55:39
/home/airflow/.local/lib/python3.7/site-packages/airflow/example_dags/tutorial_taskflow_api_virtualenv.py                                  1           0  0.41s           2025-07-14T16:55:40
/home/airflow/.local/lib/python3.7/site-packages/airflow/example_dags/example_passing_params_via_test_command.py                           1           0  0.38s           2025-07-14T16:55:40
/home/airflow/.local/lib/python3.7/site-packages/airflow/example_dags/example_task_group_decorator.py                                      1           0  0.38s           2025-07-14T16:55:41
/home/airflow/.local/lib/python3.7/site-packages/airflow/example_dags/example_branch_python_dop_operator_3.py                              1           0  0.34s           2025-07-14T16:55:41
/home/airflow/.local/lib/python3.7/site-packages/airflow/example_dags/example_sla_dag.py                                                   1           0  0.41s           2025-07-14T16:55:41
/home/airflow/.local/lib/python3.7/site-packages/airflow/example_dags/example_nested_branch_dag.py                                         1           0  0.37s           2025-07-14T16:55:41
/home/airflow/.local/lib/python3.7/site-packages/airflow/example_dags/example_task_group.py                                                1           0  0.35s           2025-07-14T16:55:41
/home/airflow/.local/lib/python3.7/site-packages/airflow/example_dags/example_skip_dag.py                                                  1           0  0.33s           2025-07-14T16:55:42
/home/airflow/.local/lib/python3.7/site-packages/airflow/example_dags/example_external_task_marker_dag.py                                  2           0  0.79s           2025-07-14T16:55:38
/home/airflow/.local/lib/python3.7/site-packages/airflow/example_dags/example_xcomargs.py                                                  2           0  0.48s           2025-07-14T16:55:41
/home/airflow/.local/lib/python3.7/site-packages/airflow/example_dags/example_subdag_operator.py                                           3           0  0.83s           2025-07-14T16:55:38
/home/airflow/.local/lib/python3.7/site-packages/airflow/example_dags/example_branch_datetime_operator.py                                  3           0  0.34s           2025-07-14T16:55:40
/home/airflow/.local/lib/python3.7/site-packages/airflow/example_dags/example_datasets.py                                                  6           0  0.48s           2025-07-14T16:55:38
================================================================================
[2025-07-14T22:37:42.645+0000] {manager.py:520} INFO - DAG example_local_kubernetes_executor is missing and will be deactivated.
[2025-07-14T22:37:42.697+0000] {manager.py:530} INFO - Deactivated 1 DAGs which are no longer present in file.
[2025-07-14T22:37:42.734+0000] {manager.py:534} INFO - Deleted DAG example_local_kubernetes_executor in serialized_dag table
[2025-07-14T22:37:42.750+0000] {manager.py:724} INFO - Searching for files in /opt/airflow/dags
[2025-07-14T22:37:43.246+0000] {manager.py:727} INFO - There are 37 files in /opt/airflow/dags
[2025-07-14T22:37:43.284+0000] {manager.py:1137} ERROR - Processor for /home/airflow/.local/lib/python3.7/site-packages/airflow/example_dags/example_branch_day_of_week_operator.py with PID 683 started at 2025-07-14T21:02:34.984813+00:00 has timed out, killing it.
[2025-07-14T22:37:59.697+0000] {manager.py:846} INFO - 
================================================================================
DAG File Processing Stats

File Path                                                                                                         PID    Runtime      # DAGs    # Errors  Last Runtime    Last Run
----------------------------------------------------------------------------------------------------------------  -----  ---------  --------  ----------  --------------  -------------------
/opt/airflow/dags/ckan_sdmx_pipeline.py                                                                                                    0           1  0.27s           2025-07-14T22:37:51
/home/airflow/.local/lib/python3.7/site-packages/airflow/example_dags/plugins/workday.py                                                   0           0  0.36s           2025-07-14T22:37:51
/home/airflow/.local/lib/python3.7/site-packages/airflow/example_dags/subdags/subdag.py                                                    0           0  0.22s           2025-07-14T22:37:51
/home/airflow/.local/lib/python3.7/site-packages/airflow/example_dags/example_short_circuit_decorator.py                                   1           0  0.53s           2025-07-14T22:37:52
/home/airflow/.local/lib/python3.7/site-packages/airflow/example_dags/example_bash_operator.py                                             1           0  0.68s           2025-07-14T22:37:52
/home/airflow/.local/lib/python3.7/site-packages/airflow/example_dags/tutorial_taskflow_api.py                                             1           0  0.53s           2025-07-14T22:37:53
/home/airflow/.local/lib/python3.7/site-packages/airflow/example_dags/example_latest_only_with_trigger.py                                  1           0  0.45s           2025-07-14T22:37:53
/home/airflow/.local/lib/python3.7/site-packages/airflow/example_dags/tutorial.py                                                          1           0  0.61s           2025-07-14T22:37:53
/home/airflow/.local/lib/python3.7/site-packages/airflow/example_dags/example_branch_operator_decorator.py                                 1           0  0.58s           2025-07-14T22:37:53
/home/airflow/.local/lib/python3.7/site-packages/airflow/example_dags/example_complex.py                                                   1           0  0.57s           2025-07-14T22:37:54
/home/airflow/.local/lib/python3.7/site-packages/airflow/example_dags/example_branch_operator.py                                           1           0  0.54s           2025-07-14T22:37:54
/home/airflow/.local/lib/python3.7/site-packages/airflow/example_dags/example_python_operator.py                                           1           0  0.57s           2025-07-14T22:37:54
/home/airflow/.local/lib/python3.7/site-packages/airflow/example_dags/example_branch_labels.py                                             1           0  0.41s           2025-07-14T22:37:55
/home/airflow/.local/lib/python3.7/site-packages/airflow/example_dags/example_latest_only.py                                               1           0  0.44s           2025-07-14T22:37:55
/home/airflow/.local/lib/python3.7/site-packages/airflow/example_dags/example_kubernetes_executor.py                                       1           0  0.58s           2025-07-14T22:37:55
/home/airflow/.local/lib/python3.7/site-packages/airflow/example_dags/example_short_circuit_operator.py                                    1           0  0.58s           2025-07-14T22:37:57
/home/airflow/.local/lib/python3.7/site-packages/airflow/example_dags/example_dag_decorator.py                                             1           0  0.73s           2025-07-14T22:37:57
/home/airflow/.local/lib/python3.7/site-packages/airflow/example_dags/example_trigger_target_dag.py                                        1           0  0.49s           2025-07-14T22:37:58
/home/airflow/.local/lib/python3.7/site-packages/airflow/example_dags/example_xcom.py                                                      1           0  0.42s           2025-07-14T22:37:58
/home/airflow/.local/lib/python3.7/site-packages/airflow/example_dags/example_local_kubernetes_executor.py                                 1           0  5707.64s        2025-07-14T22:37:42
/home/airflow/.local/lib/python3.7/site-packages/airflow/example_dags/example_branch_day_of_week_operator.py                               1           0  0.43s           2025-07-14T22:37:58
/home/airflow/.local/lib/python3.7/site-packages/airflow/example_dags/example_time_delta_sensor_async.py                                   1           0  1.89s           2025-07-14T22:37:45
/home/airflow/.local/lib/python3.7/site-packages/airflow/example_dags/example_trigger_controller_dag.py                                    1           0  0.92s           2025-07-14T22:37:44
/home/airflow/.local/lib/python3.7/site-packages/airflow/example_dags/tutorial_dag.py                                                      1           0  0.56s           2025-07-14T22:37:44
/home/airflow/.local/lib/python3.7/site-packages/airflow/example_dags/tutorial_taskflow_api_virtualenv.py                                  1           0  1.05s           2025-07-14T22:37:45
/home/airflow/.local/lib/python3.7/site-packages/airflow/example_dags/example_passing_params_via_test_command.py                           1           0  0.89s           2025-07-14T22:37:46
/home/airflow/.local/lib/python3.7/site-packages/airflow/example_dags/example_task_group_decorator.py                                      1           0  2.06s           2025-07-14T22:37:48
/home/airflow/.local/lib/python3.7/site-packages/airflow/example_dags/example_branch_python_dop_operator_3.py                              1           0  1.44s           2025-07-14T22:37:48
/home/airflow/.local/lib/python3.7/site-packages/airflow/example_dags/example_sla_dag.py                                                   1           0  1.82s           2025-07-14T22:37:50
/home/airflow/.local/lib/python3.7/site-packages/airflow/example_dags/example_nested_branch_dag.py                                         1           0  0.87s           2025-07-14T22:37:50
/home/airflow/.local/lib/python3.7/site-packages/airflow/example_dags/example_task_group.py                                                1           0  0.65s           2025-07-14T22:37:51
/home/airflow/.local/lib/python3.7/site-packages/airflow/example_dags/example_skip_dag.py                                                  1           0  0.71s           2025-07-14T22:37:51
/home/airflow/.local/lib/python3.7/site-packages/airflow/example_dags/example_external_task_marker_dag.py                                  2           0  1.22s           2025-07-14T22:37:57
/home/airflow/.local/lib/python3.7/site-packages/airflow/example_dags/example_xcomargs.py                                                  2           0  1.57s           2025-07-14T22:37:49
/home/airflow/.local/lib/python3.7/site-packages/airflow/example_dags/example_subdag_operator.py                                           3           0  1.44s           2025-07-14T22:37:56
/home/airflow/.local/lib/python3.7/site-packages/airflow/example_dags/example_branch_datetime_operator.py                                  3           0  1.14s           2025-07-14T22:37:46
/home/airflow/.local/lib/python3.7/site-packages/airflow/example_dags/example_datasets.py                                                  6           0  0.53s           2025-07-14T22:37:57
================================================================================
[2025-07-14T22:38:30.275+0000] {manager.py:846} INFO - 
================================================================================
DAG File Processing Stats

File Path                                                                                                         PID    Runtime      # DAGs    # Errors  Last Runtime    Last Run
----------------------------------------------------------------------------------------------------------------  -----  ---------  --------  ----------  --------------  -------------------
/opt/airflow/dags/ckan_sdmx_pipeline.py                                                                                                    0           1  0.07s           2025-07-14T22:38:22
/home/airflow/.local/lib/python3.7/site-packages/airflow/example_dags/plugins/workday.py                                                   0           0  0.04s           2025-07-14T22:38:21
/home/airflow/.local/lib/python3.7/site-packages/airflow/example_dags/subdags/subdag.py                                                    0           0  0.04s           2025-07-14T22:38:22
/home/airflow/.local/lib/python3.7/site-packages/airflow/example_dags/example_short_circuit_decorator.py                                   1           0  0.14s           2025-07-14T22:38:22
/home/airflow/.local/lib/python3.7/site-packages/airflow/example_dags/example_bash_operator.py                                             1           0  0.14s           2025-07-14T22:38:22
/home/airflow/.local/lib/python3.7/site-packages/airflow/example_dags/tutorial_taskflow_api.py                                             1           0  0.17s           2025-07-14T22:38:23
/home/airflow/.local/lib/python3.7/site-packages/airflow/example_dags/example_latest_only_with_trigger.py                                  1           0  0.15s           2025-07-14T22:38:23
/home/airflow/.local/lib/python3.7/site-packages/airflow/example_dags/tutorial.py                                                          1           0  0.14s           2025-07-14T22:38:24
/home/airflow/.local/lib/python3.7/site-packages/airflow/example_dags/example_branch_operator_decorator.py                                 1           0  0.14s           2025-07-14T22:38:24
/home/airflow/.local/lib/python3.7/site-packages/airflow/example_dags/example_complex.py                                                   1           0  0.17s           2025-07-14T22:38:25
/home/airflow/.local/lib/python3.7/site-packages/airflow/example_dags/example_branch_operator.py                                           1           0  0.16s           2025-07-14T22:38:25
/home/airflow/.local/lib/python3.7/site-packages/airflow/example_dags/example_python_operator.py                                           1           0  0.17s           2025-07-14T22:38:25
/home/airflow/.local/lib/python3.7/site-packages/airflow/example_dags/example_branch_labels.py                                             1           0  0.14s           2025-07-14T22:38:25
/home/airflow/.local/lib/python3.7/site-packages/airflow/example_dags/example_latest_only.py                                               1           0  0.13s           2025-07-14T22:38:25
/home/airflow/.local/lib/python3.7/site-packages/airflow/example_dags/example_kubernetes_executor.py                                       1           0  0.15s           2025-07-14T22:38:26
/home/airflow/.local/lib/python3.7/site-packages/airflow/example_dags/example_short_circuit_operator.py                                    1           0  0.13s           2025-07-14T22:38:27
/home/airflow/.local/lib/python3.7/site-packages/airflow/example_dags/example_dag_decorator.py                                             1           0  0.18s           2025-07-14T22:38:28
/home/airflow/.local/lib/python3.7/site-packages/airflow/example_dags/example_trigger_target_dag.py                                        1           0  0.17s           2025-07-14T22:38:29
/home/airflow/.local/lib/python3.7/site-packages/airflow/example_dags/example_xcom.py                                                      1           0  0.19s           2025-07-14T22:38:29
/home/airflow/.local/lib/python3.7/site-packages/airflow/example_dags/example_local_kubernetes_executor.py                                 1           0  0.17s           2025-07-14T22:38:12
/home/airflow/.local/lib/python3.7/site-packages/airflow/example_dags/example_branch_day_of_week_operator.py                               1           0  0.13s           2025-07-14T22:38:29
/home/airflow/.local/lib/python3.7/site-packages/airflow/example_dags/example_time_delta_sensor_async.py                                   1           0  0.25s           2025-07-14T22:38:16
/home/airflow/.local/lib/python3.7/site-packages/airflow/example_dags/example_trigger_controller_dag.py                                    1           0  0.13s           2025-07-14T22:38:14
/home/airflow/.local/lib/python3.7/site-packages/airflow/example_dags/tutorial_dag.py                                                      1           0  0.13s           2025-07-14T22:38:14
/home/airflow/.local/lib/python3.7/site-packages/airflow/example_dags/tutorial_taskflow_api_virtualenv.py                                  1           0  0.12s           2025-07-14T22:38:16
/home/airflow/.local/lib/python3.7/site-packages/airflow/example_dags/example_passing_params_via_test_command.py                           1           0  0.13s           2025-07-14T22:38:17
/home/airflow/.local/lib/python3.7/site-packages/airflow/example_dags/example_task_group_decorator.py                                      1           0  0.14s           2025-07-14T22:38:19
/home/airflow/.local/lib/python3.7/site-packages/airflow/example_dags/example_branch_python_dop_operator_3.py                              1           0  0.12s           2025-07-14T22:38:19
/home/airflow/.local/lib/python3.7/site-packages/airflow/example_dags/example_sla_dag.py                                                   1           0  0.13s           2025-07-14T22:38:20
/home/airflow/.local/lib/python3.7/site-packages/airflow/example_dags/example_nested_branch_dag.py                                         1           0  0.14s           2025-07-14T22:38:21
/home/airflow/.local/lib/python3.7/site-packages/airflow/example_dags/example_task_group.py                                                1           0  0.13s           2025-07-14T22:38:21
/home/airflow/.local/lib/python3.7/site-packages/airflow/example_dags/example_skip_dag.py                                                  1           0  0.13s           2025-07-14T22:38:22
/home/airflow/.local/lib/python3.7/site-packages/airflow/example_dags/example_external_task_marker_dag.py                                  2           0  0.30s           2025-07-14T22:38:28
/home/airflow/.local/lib/python3.7/site-packages/airflow/example_dags/example_xcomargs.py                                                  2           0  0.14s           2025-07-14T22:38:20
/home/airflow/.local/lib/python3.7/site-packages/airflow/example_dags/example_subdag_operator.py                                           3           0  0.30s           2025-07-14T22:38:27
/home/airflow/.local/lib/python3.7/site-packages/airflow/example_dags/example_branch_datetime_operator.py                                  3           0  0.14s           2025-07-14T22:38:17
/home/airflow/.local/lib/python3.7/site-packages/airflow/example_dags/example_datasets.py                                                  6           0  0.18s           2025-07-14T22:38:28
================================================================================
[2025-07-14T22:39:00.785+0000] {manager.py:846} INFO - 
================================================================================
DAG File Processing Stats

File Path                                                                                                         PID    Runtime      # DAGs    # Errors  Last Runtime    Last Run
----------------------------------------------------------------------------------------------------------------  -----  ---------  --------  ----------  --------------  -------------------
/opt/airflow/dags/ckan_sdmx_pipeline.py                                                                                                    0           1  0.12s           2025-07-14T22:38:52
/home/airflow/.local/lib/python3.7/site-packages/airflow/example_dags/plugins/workday.py                                                   0           0  0.08s           2025-07-14T22:38:52
/home/airflow/.local/lib/python3.7/site-packages/airflow/example_dags/subdags/subdag.py                                                    0           0  0.07s           2025-07-14T22:38:53
/home/airflow/.local/lib/python3.7/site-packages/airflow/example_dags/example_short_circuit_decorator.py                                   1           0  0.59s           2025-07-14T22:38:53
/home/airflow/.local/lib/python3.7/site-packages/airflow/example_dags/example_bash_operator.py                                             1           0  0.23s           2025-07-14T22:38:53
/home/airflow/.local/lib/python3.7/site-packages/airflow/example_dags/tutorial_taskflow_api.py                                             1           0  0.37s           2025-07-14T22:38:54
/home/airflow/.local/lib/python3.7/site-packages/airflow/example_dags/example_latest_only_with_trigger.py                                  1           0  0.31s           2025-07-14T22:38:54
/home/airflow/.local/lib/python3.7/site-packages/airflow/example_dags/tutorial.py                                                          1           0  0.33s           2025-07-14T22:38:55
/home/airflow/.local/lib/python3.7/site-packages/airflow/example_dags/example_branch_operator_decorator.py                                 1           0  0.34s           2025-07-14T22:38:55
/home/airflow/.local/lib/python3.7/site-packages/airflow/example_dags/example_complex.py                                                   1           0  0.44s           2025-07-14T22:38:56
/home/airflow/.local/lib/python3.7/site-packages/airflow/example_dags/example_branch_operator.py                                           1           0  0.38s           2025-07-14T22:38:56
/home/airflow/.local/lib/python3.7/site-packages/airflow/example_dags/example_python_operator.py                                           1           0  0.23s           2025-07-14T22:38:56
/home/airflow/.local/lib/python3.7/site-packages/airflow/example_dags/example_branch_labels.py                                             1           0  0.20s           2025-07-14T22:38:56
/home/airflow/.local/lib/python3.7/site-packages/airflow/example_dags/example_latest_only.py                                               1           0  0.26s           2025-07-14T22:38:57
/home/airflow/.local/lib/python3.7/site-packages/airflow/example_dags/example_kubernetes_executor.py                                       1           0  0.28s           2025-07-14T22:38:57
/home/airflow/.local/lib/python3.7/site-packages/airflow/example_dags/example_short_circuit_operator.py                                    1           0  0.17s           2025-07-14T22:38:58
/home/airflow/.local/lib/python3.7/site-packages/airflow/example_dags/example_dag_decorator.py                                             1           0  0.20s           2025-07-14T22:38:58
/home/airflow/.local/lib/python3.7/site-packages/airflow/example_dags/example_trigger_target_dag.py                                        1           0  0.22s           2025-07-14T22:38:59
/home/airflow/.local/lib/python3.7/site-packages/airflow/example_dags/example_xcom.py                                                      1           0  0.21s           2025-07-14T22:38:59
/home/airflow/.local/lib/python3.7/site-packages/airflow/example_dags/example_local_kubernetes_executor.py                                 1           0  0.15s           2025-07-14T22:38:43
/home/airflow/.local/lib/python3.7/site-packages/airflow/example_dags/example_branch_day_of_week_operator.py                               1           0  0.16s           2025-07-14T22:38:59
/home/airflow/.local/lib/python3.7/site-packages/airflow/example_dags/example_time_delta_sensor_async.py                                   1           0  0.39s           2025-07-14T22:38:46
/home/airflow/.local/lib/python3.7/site-packages/airflow/example_dags/example_trigger_controller_dag.py                                    1           0  0.13s           2025-07-14T22:38:45
/home/airflow/.local/lib/python3.7/site-packages/airflow/example_dags/tutorial_dag.py                                                      1           0  0.13s           2025-07-14T22:38:45
/home/airflow/.local/lib/python3.7/site-packages/airflow/example_dags/tutorial_taskflow_api_virtualenv.py                                  1           0  0.24s           2025-07-14T22:38:46
/home/airflow/.local/lib/python3.7/site-packages/airflow/example_dags/example_passing_params_via_test_command.py                           1           0  0.15s           2025-07-14T22:38:47
/home/airflow/.local/lib/python3.7/site-packages/airflow/example_dags/example_task_group_decorator.py                                      1           0  0.15s           2025-07-14T22:38:50
/home/airflow/.local/lib/python3.7/site-packages/airflow/example_dags/example_branch_python_dop_operator_3.py                              1           0  0.16s           2025-07-14T22:38:50
/home/airflow/.local/lib/python3.7/site-packages/airflow/example_dags/example_sla_dag.py                                                   1           0  0.33s           2025-07-14T22:38:51
/home/airflow/.local/lib/python3.7/site-packages/airflow/example_dags/example_nested_branch_dag.py                                         1           0  0.47s           2025-07-14T22:38:52
/home/airflow/.local/lib/python3.7/site-packages/airflow/example_dags/example_task_group.py                                                1           0  0.39s           2025-07-14T22:38:52
/home/airflow/.local/lib/python3.7/site-packages/airflow/example_dags/example_skip_dag.py                                                  1           0  0.61s           2025-07-14T22:38:53
/home/airflow/.local/lib/python3.7/site-packages/airflow/example_dags/example_external_task_marker_dag.py                                  2           0  0.18s           2025-07-14T22:38:58
/home/airflow/.local/lib/python3.7/site-packages/airflow/example_dags/example_xcomargs.py                                                  2           0  0.31s           2025-07-14T22:38:51
/home/airflow/.local/lib/python3.7/site-packages/airflow/example_dags/example_subdag_operator.py                                           3           0  0.50s           2025-07-14T22:38:57
/home/airflow/.local/lib/python3.7/site-packages/airflow/example_dags/example_branch_datetime_operator.py                                  3           0  0.15s           2025-07-14T22:38:47
/home/airflow/.local/lib/python3.7/site-packages/airflow/example_dags/example_datasets.py                                                  6           0  0.23s           2025-07-14T22:38:58
================================================================================
[2025-07-14T22:39:31.612+0000] {manager.py:846} INFO - 
================================================================================
DAG File Processing Stats

File Path                                                                                                         PID    Runtime      # DAGs    # Errors  Last Runtime    Last Run
----------------------------------------------------------------------------------------------------------------  -----  ---------  --------  ----------  --------------  -------------------
/opt/airflow/dags/ckan_sdmx_pipeline.py                                                                                                    0           1  0.06s           2025-07-14T22:39:22
/home/airflow/.local/lib/python3.7/site-packages/airflow/example_dags/plugins/workday.py                                                   0           0  0.04s           2025-07-14T22:39:22
/home/airflow/.local/lib/python3.7/site-packages/airflow/example_dags/subdags/subdag.py                                                    0           0  0.05s           2025-07-14T22:39:24
/home/airflow/.local/lib/python3.7/site-packages/airflow/example_dags/example_short_circuit_decorator.py                                   1           0  0.29s           2025-07-14T22:39:24
/home/airflow/.local/lib/python3.7/site-packages/airflow/example_dags/example_bash_operator.py                                             1           0  0.27s           2025-07-14T22:39:24
/home/airflow/.local/lib/python3.7/site-packages/airflow/example_dags/tutorial_taskflow_api.py                                             1           0  0.26s           2025-07-14T22:39:25
/home/airflow/.local/lib/python3.7/site-packages/airflow/example_dags/example_latest_only_with_trigger.py                                  1           0  0.25s           2025-07-14T22:39:25
/home/airflow/.local/lib/python3.7/site-packages/airflow/example_dags/tutorial.py                                                          1           0  0.12s           2025-07-14T22:39:25
/home/airflow/.local/lib/python3.7/site-packages/airflow/example_dags/example_branch_operator_decorator.py                                 1           0  0.15s           2025-07-14T22:39:25
/home/airflow/.local/lib/python3.7/site-packages/airflow/example_dags/example_complex.py                                                   1           0  0.17s           2025-07-14T22:39:26
/home/airflow/.local/lib/python3.7/site-packages/airflow/example_dags/example_branch_operator.py                                           1           0  0.16s           2025-07-14T22:39:26
/home/airflow/.local/lib/python3.7/site-packages/airflow/example_dags/example_python_operator.py                                           1           0  0.16s           2025-07-14T22:39:27
/home/airflow/.local/lib/python3.7/site-packages/airflow/example_dags/example_branch_labels.py                                             1           0  0.14s           2025-07-14T22:39:27
/home/airflow/.local/lib/python3.7/site-packages/airflow/example_dags/example_latest_only.py                                               1           0  0.13s           2025-07-14T22:39:28
/home/airflow/.local/lib/python3.7/site-packages/airflow/example_dags/example_kubernetes_executor.py                                       1           0  0.14s           2025-07-14T22:39:28
/home/airflow/.local/lib/python3.7/site-packages/airflow/example_dags/example_short_circuit_operator.py                                    1           0  0.21s           2025-07-14T22:39:29
/home/airflow/.local/lib/python3.7/site-packages/airflow/example_dags/example_dag_decorator.py                                             1           0  0.15s           2025-07-14T22:39:29
/home/airflow/.local/lib/python3.7/site-packages/airflow/example_dags/example_trigger_target_dag.py                                        1           0  0.14s           2025-07-14T22:39:30
/home/airflow/.local/lib/python3.7/site-packages/airflow/example_dags/example_xcom.py                                                      1           0  0.15s           2025-07-14T22:39:30
/home/airflow/.local/lib/python3.7/site-packages/airflow/example_dags/example_local_kubernetes_executor.py                                 1           0  0.30s           2025-07-14T22:39:14
/home/airflow/.local/lib/python3.7/site-packages/airflow/example_dags/example_branch_day_of_week_operator.py                               1           0  0.12s           2025-07-14T22:39:30
/home/airflow/.local/lib/python3.7/site-packages/airflow/example_dags/example_time_delta_sensor_async.py                                   1           0  0.13s           2025-07-14T22:39:17
/home/airflow/.local/lib/python3.7/site-packages/airflow/example_dags/example_trigger_controller_dag.py                                    1           0  0.16s           2025-07-14T22:39:16
/home/airflow/.local/lib/python3.7/site-packages/airflow/example_dags/tutorial_dag.py                                                      1           0  0.16s           2025-07-14T22:39:16
/home/airflow/.local/lib/python3.7/site-packages/airflow/example_dags/tutorial_taskflow_api_virtualenv.py                                  1           0  0.13s           2025-07-14T22:39:17
/home/airflow/.local/lib/python3.7/site-packages/airflow/example_dags/example_passing_params_via_test_command.py                           1           0  0.13s           2025-07-14T22:39:18
/home/airflow/.local/lib/python3.7/site-packages/airflow/example_dags/example_task_group_decorator.py                                      1           0  0.15s           2025-07-14T22:39:20
/home/airflow/.local/lib/python3.7/site-packages/airflow/example_dags/example_branch_python_dop_operator_3.py                              1           0  0.14s           2025-07-14T22:39:20
/home/airflow/.local/lib/python3.7/site-packages/airflow/example_dags/example_sla_dag.py                                                   1           0  0.13s           2025-07-14T22:39:21
/home/airflow/.local/lib/python3.7/site-packages/airflow/example_dags/example_nested_branch_dag.py                                         1           0  0.14s           2025-07-14T22:39:22
/home/airflow/.local/lib/python3.7/site-packages/airflow/example_dags/example_task_group.py                                                1           0  0.12s           2025-07-14T22:39:22
/home/airflow/.local/lib/python3.7/site-packages/airflow/example_dags/example_skip_dag.py                                                  1           0  0.15s           2025-07-14T22:39:24
/home/airflow/.local/lib/python3.7/site-packages/airflow/example_dags/example_external_task_marker_dag.py                                  2           0  0.21s           2025-07-14T22:39:29
/home/airflow/.local/lib/python3.7/site-packages/airflow/example_dags/example_xcomargs.py                                                  2           0  0.14s           2025-07-14T22:39:21
/home/airflow/.local/lib/python3.7/site-packages/airflow/example_dags/example_subdag_operator.py                                           3           0  0.16s           2025-07-14T22:39:28
/home/airflow/.local/lib/python3.7/site-packages/airflow/example_dags/example_branch_datetime_operator.py                                  3           0  0.14s           2025-07-14T22:39:18
/home/airflow/.local/lib/python3.7/site-packages/airflow/example_dags/example_datasets.py                                                  6           0  0.16s           2025-07-14T22:39:29
================================================================================
[2025-07-14T22:40:01.663+0000] {manager.py:846} INFO - 
================================================================================
DAG File Processing Stats

File Path                                                                                                         PID    Runtime      # DAGs    # Errors  Last Runtime    Last Run
----------------------------------------------------------------------------------------------------------------  -----  ---------  --------  ----------  --------------  -------------------
/opt/airflow/dags/ckan_sdmx_pipeline.py                                                                                                    0           1  0.08s           2025-07-14T22:39:53
/home/airflow/.local/lib/python3.7/site-packages/airflow/example_dags/plugins/workday.py                                                   0           0  0.04s           2025-07-14T22:39:53
/home/airflow/.local/lib/python3.7/site-packages/airflow/example_dags/subdags/subdag.py                                                    0           0  0.06s           2025-07-14T22:39:55
/home/airflow/.local/lib/python3.7/site-packages/airflow/example_dags/example_short_circuit_decorator.py                                   1           0  0.16s           2025-07-14T22:39:55
/home/airflow/.local/lib/python3.7/site-packages/airflow/example_dags/example_bash_operator.py                                             1           0  0.17s           2025-07-14T22:39:55
/home/airflow/.local/lib/python3.7/site-packages/airflow/example_dags/tutorial_taskflow_api.py                                             1           0  0.27s           2025-07-14T22:39:56
/home/airflow/.local/lib/python3.7/site-packages/airflow/example_dags/example_latest_only_with_trigger.py                                  1           0  0.25s           2025-07-14T22:39:56
/home/airflow/.local/lib/python3.7/site-packages/airflow/example_dags/tutorial.py                                                          1           0  0.31s           2025-07-14T22:39:56
/home/airflow/.local/lib/python3.7/site-packages/airflow/example_dags/example_branch_operator_decorator.py                                 1           0  0.32s           2025-07-14T22:39:56
/home/airflow/.local/lib/python3.7/site-packages/airflow/example_dags/example_complex.py                                                   1           0  0.17s           2025-07-14T22:39:57
/home/airflow/.local/lib/python3.7/site-packages/airflow/example_dags/example_branch_operator.py                                           1           0  0.15s           2025-07-14T22:39:57
/home/airflow/.local/lib/python3.7/site-packages/airflow/example_dags/example_python_operator.py                                           1           0  0.16s           2025-07-14T22:39:58
/home/airflow/.local/lib/python3.7/site-packages/airflow/example_dags/example_branch_labels.py                                             1           0  0.14s           2025-07-14T22:39:58
/home/airflow/.local/lib/python3.7/site-packages/airflow/example_dags/example_latest_only.py                                               1           0  0.15s           2025-07-14T22:39:59
/home/airflow/.local/lib/python3.7/site-packages/airflow/example_dags/example_kubernetes_executor.py                                       1           0  0.24s           2025-07-14T22:39:59
/home/airflow/.local/lib/python3.7/site-packages/airflow/example_dags/example_short_circuit_operator.py                                    1           0  0.30s           2025-07-14T22:39:59
/home/airflow/.local/lib/python3.7/site-packages/airflow/example_dags/example_dag_decorator.py                                             1           0  0.36s           2025-07-14T22:40:00
/home/airflow/.local/lib/python3.7/site-packages/airflow/example_dags/example_trigger_target_dag.py                                        1           0  0.17s           2025-07-14T22:40:01
/home/airflow/.local/lib/python3.7/site-packages/airflow/example_dags/example_xcom.py                                                      1           0  0.17s           2025-07-14T22:40:01
/home/airflow/.local/lib/python3.7/site-packages/airflow/example_dags/example_local_kubernetes_executor.py                                 1           0  0.17s           2025-07-14T22:39:44
/home/airflow/.local/lib/python3.7/site-packages/airflow/example_dags/example_branch_day_of_week_operator.py                               1           0  0.24s           2025-07-14T22:40:01
/home/airflow/.local/lib/python3.7/site-packages/airflow/example_dags/example_time_delta_sensor_async.py                                   1           0  0.32s           2025-07-14T22:39:48
/home/airflow/.local/lib/python3.7/site-packages/airflow/example_dags/example_trigger_controller_dag.py                                    1           0  0.16s           2025-07-14T22:39:46
/home/airflow/.local/lib/python3.7/site-packages/airflow/example_dags/tutorial_dag.py                                                      1           0  0.15s           2025-07-14T22:39:46
/home/airflow/.local/lib/python3.7/site-packages/airflow/example_dags/tutorial_taskflow_api_virtualenv.py                                  1           0  0.14s           2025-07-14T22:39:48
/home/airflow/.local/lib/python3.7/site-packages/airflow/example_dags/example_passing_params_via_test_command.py                           1           0  0.14s           2025-07-14T22:39:49
/home/airflow/.local/lib/python3.7/site-packages/airflow/example_dags/example_task_group_decorator.py                                      1           0  0.33s           2025-07-14T22:39:51
/home/airflow/.local/lib/python3.7/site-packages/airflow/example_dags/example_branch_python_dop_operator_3.py                              1           0  0.29s           2025-07-14T22:39:51
/home/airflow/.local/lib/python3.7/site-packages/airflow/example_dags/example_sla_dag.py                                                   1           0  0.22s           2025-07-14T22:39:52
/home/airflow/.local/lib/python3.7/site-packages/airflow/example_dags/example_nested_branch_dag.py                                         1           0  0.16s           2025-07-14T22:39:53
/home/airflow/.local/lib/python3.7/site-packages/airflow/example_dags/example_task_group.py                                                1           0  0.14s           2025-07-14T22:39:53
/home/airflow/.local/lib/python3.7/site-packages/airflow/example_dags/example_skip_dag.py                                                  1           0  0.22s           2025-07-14T22:39:55
/home/airflow/.local/lib/python3.7/site-packages/airflow/example_dags/example_external_task_marker_dag.py                                  2           0  0.76s           2025-07-14T22:40:00
/home/airflow/.local/lib/python3.7/site-packages/airflow/example_dags/example_xcomargs.py                                                  2           0  0.23s           2025-07-14T22:39:52
/home/airflow/.local/lib/python3.7/site-packages/airflow/example_dags/example_subdag_operator.py                                           3           0  0.59s           2025-07-14T22:39:59
/home/airflow/.local/lib/python3.7/site-packages/airflow/example_dags/example_branch_datetime_operator.py                                  3           0  0.14s           2025-07-14T22:39:49
/home/airflow/.local/lib/python3.7/site-packages/airflow/example_dags/example_datasets.py                                                  6           0  0.34s           2025-07-14T22:40:00
================================================================================
[2025-07-14T22:40:32.460+0000] {manager.py:846} INFO - 
================================================================================
DAG File Processing Stats

File Path                                                                                                           PID  Runtime      # DAGs    # Errors  Last Runtime    Last Run
----------------------------------------------------------------------------------------------------------------  -----  ---------  --------  ----------  --------------  -------------------
/opt/airflow/dags/ckan_sdmx_pipeline.py                                                                                                    0           1  0.08s           2025-07-14T22:40:24
/home/airflow/.local/lib/python3.7/site-packages/airflow/example_dags/plugins/workday.py                                                   0           0  0.07s           2025-07-14T22:40:24
/home/airflow/.local/lib/python3.7/site-packages/airflow/example_dags/subdags/subdag.py                                                    0           0  0.04s           2025-07-14T22:40:26
/home/airflow/.local/lib/python3.7/site-packages/airflow/example_dags/example_short_circuit_decorator.py                                   1           0  0.16s           2025-07-14T22:40:26
/home/airflow/.local/lib/python3.7/site-packages/airflow/example_dags/example_bash_operator.py                                             1           0  0.17s           2025-07-14T22:40:26
/home/airflow/.local/lib/python3.7/site-packages/airflow/example_dags/tutorial_taskflow_api.py                                             1           0  0.15s           2025-07-14T22:40:27
/home/airflow/.local/lib/python3.7/site-packages/airflow/example_dags/example_latest_only_with_trigger.py                                  1           0  0.14s           2025-07-14T22:40:27
/home/airflow/.local/lib/python3.7/site-packages/airflow/example_dags/tutorial.py                                                          1           0  0.16s           2025-07-14T22:40:27
/home/airflow/.local/lib/python3.7/site-packages/airflow/example_dags/example_branch_operator_decorator.py                                 1           0  0.14s           2025-07-14T22:40:27
/home/airflow/.local/lib/python3.7/site-packages/airflow/example_dags/example_complex.py                                                   1           0  0.15s           2025-07-14T22:40:28
/home/airflow/.local/lib/python3.7/site-packages/airflow/example_dags/example_branch_operator.py                                           1           0  0.13s           2025-07-14T22:40:28
/home/airflow/.local/lib/python3.7/site-packages/airflow/example_dags/example_python_operator.py                                           1           0  0.15s           2025-07-14T22:40:28
/home/airflow/.local/lib/python3.7/site-packages/airflow/example_dags/example_branch_labels.py                                             1           0  0.13s           2025-07-14T22:40:28
/home/airflow/.local/lib/python3.7/site-packages/airflow/example_dags/example_latest_only.py                                               1           0  0.14s           2025-07-14T22:40:29
/home/airflow/.local/lib/python3.7/site-packages/airflow/example_dags/example_kubernetes_executor.py                                       1           0  0.13s           2025-07-14T22:40:30
/home/airflow/.local/lib/python3.7/site-packages/airflow/example_dags/example_short_circuit_operator.py                                    1           0  0.13s           2025-07-14T22:40:30
/home/airflow/.local/lib/python3.7/site-packages/airflow/example_dags/example_dag_decorator.py                                             1           0  0.18s           2025-07-14T22:40:30
/home/airflow/.local/lib/python3.7/site-packages/airflow/example_dags/example_trigger_target_dag.py                                        1           0  0.17s           2025-07-14T22:40:31
/home/airflow/.local/lib/python3.7/site-packages/airflow/example_dags/example_xcom.py                                                      1           0  0.16s           2025-07-14T22:40:31
/home/airflow/.local/lib/python3.7/site-packages/airflow/example_dags/example_local_kubernetes_executor.py                                 1           0  0.16s           2025-07-14T22:40:15
/home/airflow/.local/lib/python3.7/site-packages/airflow/example_dags/example_branch_day_of_week_operator.py       1040  0.00s             1           0  0.24s           2025-07-14T22:40:01
/home/airflow/.local/lib/python3.7/site-packages/airflow/example_dags/example_time_delta_sensor_async.py                                   1           0  0.40s           2025-07-14T22:40:18
/home/airflow/.local/lib/python3.7/site-packages/airflow/example_dags/example_trigger_controller_dag.py                                    1           0  0.14s           2025-07-14T22:40:17
/home/airflow/.local/lib/python3.7/site-packages/airflow/example_dags/tutorial_dag.py                                                      1           0  0.13s           2025-07-14T22:40:17
/home/airflow/.local/lib/python3.7/site-packages/airflow/example_dags/tutorial_taskflow_api_virtualenv.py                                  1           0  0.21s           2025-07-14T22:40:18
/home/airflow/.local/lib/python3.7/site-packages/airflow/example_dags/example_passing_params_via_test_command.py                           1           0  0.37s           2025-07-14T22:40:20
/home/airflow/.local/lib/python3.7/site-packages/airflow/example_dags/example_task_group_decorator.py                                      1           0  0.17s           2025-07-14T22:40:22
/home/airflow/.local/lib/python3.7/site-packages/airflow/example_dags/example_branch_python_dop_operator_3.py                              1           0  0.17s           2025-07-14T22:40:22
/home/airflow/.local/lib/python3.7/site-packages/airflow/example_dags/example_sla_dag.py                                                   1           0  0.17s           2025-07-14T22:40:23
/home/airflow/.local/lib/python3.7/site-packages/airflow/example_dags/example_nested_branch_dag.py                                         1           0  0.29s           2025-07-14T22:40:24
/home/airflow/.local/lib/python3.7/site-packages/airflow/example_dags/example_task_group.py                                                1           0  0.31s           2025-07-14T22:40:24
/home/airflow/.local/lib/python3.7/site-packages/airflow/example_dags/example_skip_dag.py                                                  1           0  0.12s           2025-07-14T22:40:26
/home/airflow/.local/lib/python3.7/site-packages/airflow/example_dags/example_external_task_marker_dag.py                                  2           0  0.27s           2025-07-14T22:40:30
/home/airflow/.local/lib/python3.7/site-packages/airflow/example_dags/example_xcomargs.py                                                  2           0  0.18s           2025-07-14T22:40:23
/home/airflow/.local/lib/python3.7/site-packages/airflow/example_dags/example_subdag_operator.py                                           3           0  0.30s           2025-07-14T22:40:30
/home/airflow/.local/lib/python3.7/site-packages/airflow/example_dags/example_branch_datetime_operator.py                                  3           0  0.39s           2025-07-14T22:40:20
/home/airflow/.local/lib/python3.7/site-packages/airflow/example_dags/example_datasets.py                                                  6           0  0.17s           2025-07-14T22:40:30
================================================================================
[2025-07-14T22:41:02.900+0000] {manager.py:846} INFO - 
================================================================================
DAG File Processing Stats

File Path                                                                                                           PID  Runtime      # DAGs    # Errors  Last Runtime    Last Run
----------------------------------------------------------------------------------------------------------------  -----  ---------  --------  ----------  --------------  -------------------
/opt/airflow/dags/ckan_sdmx_pipeline.py                                                                                                    0           1  0.11s           2025-07-14T22:40:54
/home/airflow/.local/lib/python3.7/site-packages/airflow/example_dags/plugins/workday.py                                                   0           0  0.06s           2025-07-14T22:40:55
/home/airflow/.local/lib/python3.7/site-packages/airflow/example_dags/subdags/subdag.py                                                    0           0  0.05s           2025-07-14T22:40:56
/home/airflow/.local/lib/python3.7/site-packages/airflow/example_dags/example_short_circuit_decorator.py                                   1           0  0.17s           2025-07-14T22:40:56
/home/airflow/.local/lib/python3.7/site-packages/airflow/example_dags/example_bash_operator.py                                             1           0  0.17s           2025-07-14T22:40:56
/home/airflow/.local/lib/python3.7/site-packages/airflow/example_dags/tutorial_taskflow_api.py                                             1           0  0.19s           2025-07-14T22:40:57
/home/airflow/.local/lib/python3.7/site-packages/airflow/example_dags/example_latest_only_with_trigger.py                                  1           0  0.18s           2025-07-14T22:40:57
/home/airflow/.local/lib/python3.7/site-packages/airflow/example_dags/tutorial.py                                                          1           0  0.16s           2025-07-14T22:40:57
/home/airflow/.local/lib/python3.7/site-packages/airflow/example_dags/example_branch_operator_decorator.py                                 1           0  0.15s           2025-07-14T22:40:57
/home/airflow/.local/lib/python3.7/site-packages/airflow/example_dags/example_complex.py                                                   1           0  0.15s           2025-07-14T22:40:58
/home/airflow/.local/lib/python3.7/site-packages/airflow/example_dags/example_branch_operator.py                                           1           0  0.14s           2025-07-14T22:40:58
/home/airflow/.local/lib/python3.7/site-packages/airflow/example_dags/example_python_operator.py                                           1           0  0.15s           2025-07-14T22:40:59
/home/airflow/.local/lib/python3.7/site-packages/airflow/example_dags/example_branch_labels.py                                             1           0  0.13s           2025-07-14T22:40:59
/home/airflow/.local/lib/python3.7/site-packages/airflow/example_dags/example_latest_only.py                                               1           0  0.14s           2025-07-14T22:41:00
/home/airflow/.local/lib/python3.7/site-packages/airflow/example_dags/example_kubernetes_executor.py                                       1           0  0.15s           2025-07-14T22:41:00
/home/airflow/.local/lib/python3.7/site-packages/airflow/example_dags/example_short_circuit_operator.py                                    1           0  0.14s           2025-07-14T22:41:00
/home/airflow/.local/lib/python3.7/site-packages/airflow/example_dags/example_dag_decorator.py                                             1           0  0.19s           2025-07-14T22:41:00
/home/airflow/.local/lib/python3.7/site-packages/airflow/example_dags/example_trigger_target_dag.py                                        1           0  0.16s           2025-07-14T22:41:01
/home/airflow/.local/lib/python3.7/site-packages/airflow/example_dags/example_xcom.py                                                      1           0  0.16s           2025-07-14T22:41:01
/home/airflow/.local/lib/python3.7/site-packages/airflow/example_dags/example_local_kubernetes_executor.py                                 1           0  0.15s           2025-07-14T22:40:45
/home/airflow/.local/lib/python3.7/site-packages/airflow/example_dags/example_branch_day_of_week_operator.py       1095  0.00s             1           0  0.14s           2025-07-14T22:40:32
/home/airflow/.local/lib/python3.7/site-packages/airflow/example_dags/example_time_delta_sensor_async.py                                   1           0  0.25s           2025-07-14T22:40:49
/home/airflow/.local/lib/python3.7/site-packages/airflow/example_dags/example_trigger_controller_dag.py                                    1           0  0.14s           2025-07-14T22:40:47
/home/airflow/.local/lib/python3.7/site-packages/airflow/example_dags/tutorial_dag.py                                                      1           0  0.14s           2025-07-14T22:40:47
/home/airflow/.local/lib/python3.7/site-packages/airflow/example_dags/tutorial_taskflow_api_virtualenv.py                                  1           0  0.14s           2025-07-14T22:40:48
/home/airflow/.local/lib/python3.7/site-packages/airflow/example_dags/example_passing_params_via_test_command.py                           1           0  0.15s           2025-07-14T22:40:50
/home/airflow/.local/lib/python3.7/site-packages/airflow/example_dags/example_task_group_decorator.py                                      1           0  0.16s           2025-07-14T22:40:52
/home/airflow/.local/lib/python3.7/site-packages/airflow/example_dags/example_branch_python_dop_operator_3.py                              1           0  0.15s           2025-07-14T22:40:52
/home/airflow/.local/lib/python3.7/site-packages/airflow/example_dags/example_sla_dag.py                                                   1           0  0.17s           2025-07-14T22:40:53
/home/airflow/.local/lib/python3.7/site-packages/airflow/example_dags/example_nested_branch_dag.py                                         1           0  0.19s           2025-07-14T22:40:55
/home/airflow/.local/lib/python3.7/site-packages/airflow/example_dags/example_task_group.py                                                1           0  0.18s           2025-07-14T22:40:55
/home/airflow/.local/lib/python3.7/site-packages/airflow/example_dags/example_skip_dag.py                                                  1           0  0.18s           2025-07-14T22:40:56
/home/airflow/.local/lib/python3.7/site-packages/airflow/example_dags/example_external_task_marker_dag.py                                  2           0  0.29s           2025-07-14T22:41:00
/home/airflow/.local/lib/python3.7/site-packages/airflow/example_dags/example_xcomargs.py                                                  2           0  0.17s           2025-07-14T22:40:53
/home/airflow/.local/lib/python3.7/site-packages/airflow/example_dags/example_subdag_operator.py                                           3           0  0.33s           2025-07-14T22:41:00
/home/airflow/.local/lib/python3.7/site-packages/airflow/example_dags/example_branch_datetime_operator.py                                  3           0  0.16s           2025-07-14T22:40:50
/home/airflow/.local/lib/python3.7/site-packages/airflow/example_dags/example_datasets.py                                                  6           0  0.17s           2025-07-14T22:41:00
================================================================================
[2025-07-14T22:41:33.155+0000] {manager.py:846} INFO - 
================================================================================
DAG File Processing Stats

File Path                                                                                                           PID  Runtime      # DAGs    # Errors  Last Runtime    Last Run
----------------------------------------------------------------------------------------------------------------  -----  ---------  --------  ----------  --------------  -------------------
/opt/airflow/dags/ckan_sdmx_pipeline.py                                                                                                    0           1  0.09s           2025-07-14T22:41:25
/home/airflow/.local/lib/python3.7/site-packages/airflow/example_dags/plugins/workday.py                                                   0           0  0.05s           2025-07-14T22:41:26
/home/airflow/.local/lib/python3.7/site-packages/airflow/example_dags/subdags/subdag.py                                                    0           0  0.05s           2025-07-14T22:41:27
/home/airflow/.local/lib/python3.7/site-packages/airflow/example_dags/example_short_circuit_decorator.py                                   1           0  0.19s           2025-07-14T22:41:27
/home/airflow/.local/lib/python3.7/site-packages/airflow/example_dags/example_bash_operator.py                                             1           0  0.20s           2025-07-14T22:41:27
/home/airflow/.local/lib/python3.7/site-packages/airflow/example_dags/tutorial_taskflow_api.py                                             1           0  0.15s           2025-07-14T22:41:28
/home/airflow/.local/lib/python3.7/site-packages/airflow/example_dags/example_latest_only_with_trigger.py                                  1           0  0.14s           2025-07-14T22:41:28
/home/airflow/.local/lib/python3.7/site-packages/airflow/example_dags/tutorial.py                                                          1           0  0.13s           2025-07-14T22:41:28
/home/airflow/.local/lib/python3.7/site-packages/airflow/example_dags/example_branch_operator_decorator.py                                 1           0  0.15s           2025-07-14T22:41:29
/home/airflow/.local/lib/python3.7/site-packages/airflow/example_dags/example_complex.py                                                   1           0  0.15s           2025-07-14T22:41:29
/home/airflow/.local/lib/python3.7/site-packages/airflow/example_dags/example_branch_operator.py                                           1           0  0.14s           2025-07-14T22:41:29
/home/airflow/.local/lib/python3.7/site-packages/airflow/example_dags/example_python_operator.py                                           1           0  0.16s           2025-07-14T22:41:29
/home/airflow/.local/lib/python3.7/site-packages/airflow/example_dags/example_branch_labels.py                                             1           0  0.14s           2025-07-14T22:41:29
/home/airflow/.local/lib/python3.7/site-packages/airflow/example_dags/example_latest_only.py                                               1           0  0.14s           2025-07-14T22:41:30
/home/airflow/.local/lib/python3.7/site-packages/airflow/example_dags/example_kubernetes_executor.py                                       1           0  0.18s           2025-07-14T22:41:30
/home/airflow/.local/lib/python3.7/site-packages/airflow/example_dags/example_short_circuit_operator.py                                    1           0  0.12s           2025-07-14T22:41:30
/home/airflow/.local/lib/python3.7/site-packages/airflow/example_dags/example_dag_decorator.py                                             1           0  0.17s           2025-07-14T22:41:30
/home/airflow/.local/lib/python3.7/site-packages/airflow/example_dags/example_trigger_target_dag.py                                        1           0  0.13s           2025-07-14T22:41:32
/home/airflow/.local/lib/python3.7/site-packages/airflow/example_dags/example_xcom.py                                                      1           0  0.13s           2025-07-14T22:41:32
/home/airflow/.local/lib/python3.7/site-packages/airflow/example_dags/example_local_kubernetes_executor.py                                 1           0  0.17s           2025-07-14T22:41:16
/home/airflow/.local/lib/python3.7/site-packages/airflow/example_dags/example_branch_day_of_week_operator.py       1159  0.00s             1           0  0.15s           2025-07-14T22:41:03
/home/airflow/.local/lib/python3.7/site-packages/airflow/example_dags/example_time_delta_sensor_async.py                                   1           0  0.30s           2025-07-14T22:41:19
/home/airflow/.local/lib/python3.7/site-packages/airflow/example_dags/example_trigger_controller_dag.py                                    1           0  0.19s           2025-07-14T22:41:18
/home/airflow/.local/lib/python3.7/site-packages/airflow/example_dags/tutorial_dag.py                                                      1           0  0.18s           2025-07-14T22:41:18
/home/airflow/.local/lib/python3.7/site-packages/airflow/example_dags/tutorial_taskflow_api_virtualenv.py                                  1           0  0.17s           2025-07-14T22:41:19
/home/airflow/.local/lib/python3.7/site-packages/airflow/example_dags/example_passing_params_via_test_command.py                           1           0  0.17s           2025-07-14T22:41:20
/home/airflow/.local/lib/python3.7/site-packages/airflow/example_dags/example_task_group_decorator.py                                      1           0  0.16s           2025-07-14T22:41:22
/home/airflow/.local/lib/python3.7/site-packages/airflow/example_dags/example_branch_python_dop_operator_3.py                              1           0  0.15s           2025-07-14T22:41:22
/home/airflow/.local/lib/python3.7/site-packages/airflow/example_dags/example_sla_dag.py                                                   1           0  0.14s           2025-07-14T22:41:24
/home/airflow/.local/lib/python3.7/site-packages/airflow/example_dags/example_nested_branch_dag.py                                         1           0  0.14s           2025-07-14T22:41:26
/home/airflow/.local/lib/python3.7/site-packages/airflow/example_dags/example_task_group.py                                                1           0  0.13s           2025-07-14T22:41:26
/home/airflow/.local/lib/python3.7/site-packages/airflow/example_dags/example_skip_dag.py                                                  1           0  0.18s           2025-07-14T22:41:27
/home/airflow/.local/lib/python3.7/site-packages/airflow/example_dags/example_external_task_marker_dag.py                                  2           0  0.26s           2025-07-14T22:41:31
/home/airflow/.local/lib/python3.7/site-packages/airflow/example_dags/example_xcomargs.py                                                  2           0  0.14s           2025-07-14T22:41:24
/home/airflow/.local/lib/python3.7/site-packages/airflow/example_dags/example_subdag_operator.py                                           3           0  0.32s           2025-07-14T22:41:30
/home/airflow/.local/lib/python3.7/site-packages/airflow/example_dags/example_branch_datetime_operator.py                                  3           0  0.18s           2025-07-14T22:41:20
/home/airflow/.local/lib/python3.7/site-packages/airflow/example_dags/example_datasets.py                                                  6           0  0.15s           2025-07-14T22:41:31
================================================================================
[2025-07-14T22:42:03.750+0000] {manager.py:846} INFO - 
================================================================================
DAG File Processing Stats

File Path                                                                                                           PID  Runtime      # DAGs    # Errors  Last Runtime    Last Run
----------------------------------------------------------------------------------------------------------------  -----  ---------  --------  ----------  --------------  -------------------
/opt/airflow/dags/ckan_sdmx_pipeline.py                                                                                                    0           1  0.06s           2025-07-14T22:41:55
/home/airflow/.local/lib/python3.7/site-packages/airflow/example_dags/plugins/workday.py                                                   0           0  0.04s           2025-07-14T22:41:57
/home/airflow/.local/lib/python3.7/site-packages/airflow/example_dags/subdags/subdag.py                                                    0           0  0.04s           2025-07-14T22:41:58
/home/airflow/.local/lib/python3.7/site-packages/airflow/example_dags/example_short_circuit_decorator.py                                   1           0  0.13s           2025-07-14T22:41:58
/home/airflow/.local/lib/python3.7/site-packages/airflow/example_dags/example_bash_operator.py                                             1           0  0.13s           2025-07-14T22:41:58
/home/airflow/.local/lib/python3.7/site-packages/airflow/example_dags/tutorial_taskflow_api.py                                             1           0  0.13s           2025-07-14T22:41:59
/home/airflow/.local/lib/python3.7/site-packages/airflow/example_dags/example_latest_only_with_trigger.py                                  1           0  0.12s           2025-07-14T22:41:59
/home/airflow/.local/lib/python3.7/site-packages/airflow/example_dags/tutorial.py                                                          1           0  0.12s           2025-07-14T22:41:59
/home/airflow/.local/lib/python3.7/site-packages/airflow/example_dags/example_branch_operator_decorator.py                                 1           0  0.13s           2025-07-14T22:41:59
/home/airflow/.local/lib/python3.7/site-packages/airflow/example_dags/example_complex.py                                                   1           0  0.14s           2025-07-14T22:41:59
/home/airflow/.local/lib/python3.7/site-packages/airflow/example_dags/example_branch_operator.py                                           1           0  0.13s           2025-07-14T22:41:59
/home/airflow/.local/lib/python3.7/site-packages/airflow/example_dags/example_python_operator.py                                           1           0  0.15s           2025-07-14T22:41:59
/home/airflow/.local/lib/python3.7/site-packages/airflow/example_dags/example_branch_labels.py                                             1           0  0.13s           2025-07-14T22:41:59
/home/airflow/.local/lib/python3.7/site-packages/airflow/example_dags/example_latest_only.py                                               1           0  0.15s           2025-07-14T22:42:01
/home/airflow/.local/lib/python3.7/site-packages/airflow/example_dags/example_kubernetes_executor.py                                       1           0  0.14s           2025-07-14T22:42:01
/home/airflow/.local/lib/python3.7/site-packages/airflow/example_dags/example_short_circuit_operator.py                                    1           0  0.13s           2025-07-14T22:42:01
/home/airflow/.local/lib/python3.7/site-packages/airflow/example_dags/example_dag_decorator.py                                             1           0  0.18s           2025-07-14T22:42:01
/home/airflow/.local/lib/python3.7/site-packages/airflow/example_dags/example_trigger_target_dag.py                                        1           0  0.16s           2025-07-14T22:42:02
/home/airflow/.local/lib/python3.7/site-packages/airflow/example_dags/example_xcom.py                                                      1           0  0.15s           2025-07-14T22:42:02
/home/airflow/.local/lib/python3.7/site-packages/airflow/example_dags/example_local_kubernetes_executor.py                                 1           0  0.13s           2025-07-14T22:41:46
/home/airflow/.local/lib/python3.7/site-packages/airflow/example_dags/example_branch_day_of_week_operator.py       1223  0.00s             1           0  0.12s           2025-07-14T22:41:33
/home/airflow/.local/lib/python3.7/site-packages/airflow/example_dags/example_time_delta_sensor_async.py                                   1           0  0.27s           2025-07-14T22:41:50
/home/airflow/.local/lib/python3.7/site-packages/airflow/example_dags/example_trigger_controller_dag.py                                    1           0  0.13s           2025-07-14T22:41:48
/home/airflow/.local/lib/python3.7/site-packages/airflow/example_dags/tutorial_dag.py                                                      1           0  0.13s           2025-07-14T22:41:48
/home/airflow/.local/lib/python3.7/site-packages/airflow/example_dags/tutorial_taskflow_api_virtualenv.py                                  1           0  0.14s           2025-07-14T22:41:49
/home/airflow/.local/lib/python3.7/site-packages/airflow/example_dags/example_passing_params_via_test_command.py                           1           0  0.16s           2025-07-14T22:41:51
/home/airflow/.local/lib/python3.7/site-packages/airflow/example_dags/example_task_group_decorator.py                                      1           0  0.16s           2025-07-14T22:41:53
/home/airflow/.local/lib/python3.7/site-packages/airflow/example_dags/example_branch_python_dop_operator_3.py                              1           0  0.15s           2025-07-14T22:41:53
/home/airflow/.local/lib/python3.7/site-packages/airflow/example_dags/example_sla_dag.py                                                   1           0  0.19s           2025-07-14T22:41:54
/home/airflow/.local/lib/python3.7/site-packages/airflow/example_dags/example_nested_branch_dag.py                                         1           0  0.13s           2025-07-14T22:41:56
/home/airflow/.local/lib/python3.7/site-packages/airflow/example_dags/example_task_group.py                                                1           0  0.12s           2025-07-14T22:41:56
/home/airflow/.local/lib/python3.7/site-packages/airflow/example_dags/example_skip_dag.py                                                  1           0  0.11s           2025-07-14T22:41:58
/home/airflow/.local/lib/python3.7/site-packages/airflow/example_dags/example_external_task_marker_dag.py                                  2           0  0.28s           2025-07-14T22:42:01
/home/airflow/.local/lib/python3.7/site-packages/airflow/example_dags/example_xcomargs.py                                                  2           0  0.19s           2025-07-14T22:41:54
/home/airflow/.local/lib/python3.7/site-packages/airflow/example_dags/example_subdag_operator.py                                           3           0  0.30s           2025-07-14T22:42:01
/home/airflow/.local/lib/python3.7/site-packages/airflow/example_dags/example_branch_datetime_operator.py                                  3           0  0.17s           2025-07-14T22:41:51
/home/airflow/.local/lib/python3.7/site-packages/airflow/example_dags/example_datasets.py                                                  6           0  0.19s           2025-07-14T22:42:01
================================================================================
[2025-07-14T22:42:33.857+0000] {manager.py:846} INFO - 
================================================================================
DAG File Processing Stats

File Path                                                                                                         PID    Runtime      # DAGs    # Errors  Last Runtime    Last Run
----------------------------------------------------------------------------------------------------------------  -----  ---------  --------  ----------  --------------  -------------------
/opt/airflow/dags/ckan_sdmx_pipeline.py                                                                                                    0           1  0.07s           2025-07-14T22:42:26
/home/airflow/.local/lib/python3.7/site-packages/airflow/example_dags/plugins/workday.py                                                   0           0  0.04s           2025-07-14T22:42:27
/home/airflow/.local/lib/python3.7/site-packages/airflow/example_dags/subdags/subdag.py                                                    0           0  0.05s           2025-07-14T22:42:29
/home/airflow/.local/lib/python3.7/site-packages/airflow/example_dags/example_short_circuit_decorator.py                                   1           0  0.20s           2025-07-14T22:42:29
/home/airflow/.local/lib/python3.7/site-packages/airflow/example_dags/example_bash_operator.py                                             1           0  0.20s           2025-07-14T22:42:29
/home/airflow/.local/lib/python3.7/site-packages/airflow/example_dags/tutorial_taskflow_api.py                                             1           0  0.16s           2025-07-14T22:42:30
/home/airflow/.local/lib/python3.7/site-packages/airflow/example_dags/example_latest_only_with_trigger.py                                  1           0  0.15s           2025-07-14T22:42:30
/home/airflow/.local/lib/python3.7/site-packages/airflow/example_dags/tutorial.py                                                          1           0  0.16s           2025-07-14T22:42:30
/home/airflow/.local/lib/python3.7/site-packages/airflow/example_dags/example_branch_operator_decorator.py                                 1           0  0.17s           2025-07-14T22:42:30
/home/airflow/.local/lib/python3.7/site-packages/airflow/example_dags/example_complex.py                                                   1           0  0.16s           2025-07-14T22:42:30
/home/airflow/.local/lib/python3.7/site-packages/airflow/example_dags/example_branch_operator.py                                           1           0  0.14s           2025-07-14T22:42:30
/home/airflow/.local/lib/python3.7/site-packages/airflow/example_dags/example_python_operator.py                                           1           0  0.14s           2025-07-14T22:42:31
/home/airflow/.local/lib/python3.7/site-packages/airflow/example_dags/example_branch_labels.py                                             1           0  0.13s           2025-07-14T22:42:31
/home/airflow/.local/lib/python3.7/site-packages/airflow/example_dags/example_latest_only.py                                               1           0  0.14s           2025-07-14T22:42:32
/home/airflow/.local/lib/python3.7/site-packages/airflow/example_dags/example_kubernetes_executor.py                                       1           0  0.18s           2025-07-14T22:42:32
/home/airflow/.local/lib/python3.7/site-packages/airflow/example_dags/example_short_circuit_operator.py                                    1           0  0.14s           2025-07-14T22:42:32
/home/airflow/.local/lib/python3.7/site-packages/airflow/example_dags/example_dag_decorator.py                                             1           0  0.19s           2025-07-14T22:42:32
/home/airflow/.local/lib/python3.7/site-packages/airflow/example_dags/example_trigger_target_dag.py                                        1           0  0.13s           2025-07-14T22:42:32
/home/airflow/.local/lib/python3.7/site-packages/airflow/example_dags/example_xcom.py                                                      1           0  0.13s           2025-07-14T22:42:32
/home/airflow/.local/lib/python3.7/site-packages/airflow/example_dags/example_local_kubernetes_executor.py                                 1           0  0.16s           2025-07-14T22:42:16
/home/airflow/.local/lib/python3.7/site-packages/airflow/example_dags/example_branch_day_of_week_operator.py                               1           0  0.14s           2025-07-14T22:42:03
/home/airflow/.local/lib/python3.7/site-packages/airflow/example_dags/example_time_delta_sensor_async.py                                   1           0  0.27s           2025-07-14T22:42:21
/home/airflow/.local/lib/python3.7/site-packages/airflow/example_dags/example_trigger_controller_dag.py                                    1           0  0.16s           2025-07-14T22:42:19
/home/airflow/.local/lib/python3.7/site-packages/airflow/example_dags/tutorial_dag.py                                                      1           0  0.15s           2025-07-14T22:42:19
/home/airflow/.local/lib/python3.7/site-packages/airflow/example_dags/tutorial_taskflow_api_virtualenv.py                                  1           0  0.13s           2025-07-14T22:42:20
/home/airflow/.local/lib/python3.7/site-packages/airflow/example_dags/example_passing_params_via_test_command.py                           1           0  0.15s           2025-07-14T22:42:22
/home/airflow/.local/lib/python3.7/site-packages/airflow/example_dags/example_task_group_decorator.py                                      1           0  0.19s           2025-07-14T22:42:24
/home/airflow/.local/lib/python3.7/site-packages/airflow/example_dags/example_branch_python_dop_operator_3.py                              1           0  0.18s           2025-07-14T22:42:24
/home/airflow/.local/lib/python3.7/site-packages/airflow/example_dags/example_sla_dag.py                                                   1           0  0.29s           2025-07-14T22:42:25
/home/airflow/.local/lib/python3.7/site-packages/airflow/example_dags/example_nested_branch_dag.py                                         1           0  0.21s           2025-07-14T22:42:27
/home/airflow/.local/lib/python3.7/site-packages/airflow/example_dags/example_task_group.py                                                1           0  0.19s           2025-07-14T22:42:27
/home/airflow/.local/lib/python3.7/site-packages/airflow/example_dags/example_skip_dag.py                                                  1           0  0.14s           2025-07-14T22:42:29
/home/airflow/.local/lib/python3.7/site-packages/airflow/example_dags/example_external_task_marker_dag.py                                  2           0  0.30s           2025-07-14T22:42:32
/home/airflow/.local/lib/python3.7/site-packages/airflow/example_dags/example_xcomargs.py                                                  2           0  0.27s           2025-07-14T22:42:25
/home/airflow/.local/lib/python3.7/site-packages/airflow/example_dags/example_subdag_operator.py                                           3           0  0.34s           2025-07-14T22:42:32
/home/airflow/.local/lib/python3.7/site-packages/airflow/example_dags/example_branch_datetime_operator.py                                  3           0  0.16s           2025-07-14T22:42:22
/home/airflow/.local/lib/python3.7/site-packages/airflow/example_dags/example_datasets.py                                                  6           0  0.17s           2025-07-14T22:42:32
================================================================================
[2025-07-14T22:42:43.045+0000] {manager.py:724} INFO - Searching for files in /opt/airflow/dags
[2025-07-14T22:42:43.067+0000] {manager.py:727} INFO - There are 37 files in /opt/airflow/dags
[2025-07-14T22:43:04.190+0000] {manager.py:846} INFO - 
================================================================================
DAG File Processing Stats

File Path                                                                                                           PID  Runtime      # DAGs    # Errors  Last Runtime    Last Run
----------------------------------------------------------------------------------------------------------------  -----  ---------  --------  ----------  --------------  -------------------
/opt/airflow/dags/ckan_sdmx_pipeline.py                                                                                                    0           1  0.08s           2025-07-14T22:42:57
/home/airflow/.local/lib/python3.7/site-packages/airflow/example_dags/plugins/workday.py                                                   0           0  0.04s           2025-07-14T22:42:58
/home/airflow/.local/lib/python3.7/site-packages/airflow/example_dags/subdags/subdag.py                                                    0           0  0.04s           2025-07-14T22:42:59
/home/airflow/.local/lib/python3.7/site-packages/airflow/example_dags/example_short_circuit_decorator.py                                   1           0  0.16s           2025-07-14T22:42:59
/home/airflow/.local/lib/python3.7/site-packages/airflow/example_dags/example_bash_operator.py                                             1           0  0.16s           2025-07-14T22:42:59
/home/airflow/.local/lib/python3.7/site-packages/airflow/example_dags/tutorial_taskflow_api.py                                             1           0  0.16s           2025-07-14T22:43:00
/home/airflow/.local/lib/python3.7/site-packages/airflow/example_dags/example_latest_only_with_trigger.py                                  1           0  0.15s           2025-07-14T22:43:00
/home/airflow/.local/lib/python3.7/site-packages/airflow/example_dags/tutorial.py                                                          1           0  0.14s           2025-07-14T22:43:00
/home/airflow/.local/lib/python3.7/site-packages/airflow/example_dags/example_branch_operator_decorator.py                                 1           0  0.17s           2025-07-14T22:43:01
/home/airflow/.local/lib/python3.7/site-packages/airflow/example_dags/example_complex.py                                                   1           0  0.20s           2025-07-14T22:43:01
/home/airflow/.local/lib/python3.7/site-packages/airflow/example_dags/example_branch_operator.py                                           1           0  0.16s           2025-07-14T22:43:01
/home/airflow/.local/lib/python3.7/site-packages/airflow/example_dags/example_python_operator.py                                           1           0  0.16s           2025-07-14T22:43:01
/home/airflow/.local/lib/python3.7/site-packages/airflow/example_dags/example_branch_labels.py                                             1           0  0.12s           2025-07-14T22:43:01
/home/airflow/.local/lib/python3.7/site-packages/airflow/example_dags/example_latest_only.py                                               1           0  0.13s           2025-07-14T22:43:02
/home/airflow/.local/lib/python3.7/site-packages/airflow/example_dags/example_kubernetes_executor.py                                       1           0  0.16s           2025-07-14T22:43:02
/home/airflow/.local/lib/python3.7/site-packages/airflow/example_dags/example_short_circuit_operator.py                                    1           0  0.13s           2025-07-14T22:43:02
/home/airflow/.local/lib/python3.7/site-packages/airflow/example_dags/example_dag_decorator.py                                             1           0  0.19s           2025-07-14T22:43:02
/home/airflow/.local/lib/python3.7/site-packages/airflow/example_dags/example_trigger_target_dag.py                                        1           0  0.14s           2025-07-14T22:43:03
/home/airflow/.local/lib/python3.7/site-packages/airflow/example_dags/example_xcom.py                                                      1           0  0.13s           2025-07-14T22:43:03
/home/airflow/.local/lib/python3.7/site-packages/airflow/example_dags/example_local_kubernetes_executor.py                                 1           0  0.35s           2025-07-14T22:42:47
/home/airflow/.local/lib/python3.7/site-packages/airflow/example_dags/example_branch_day_of_week_operator.py       1342  0.00s             1           0  0.16s           2025-07-14T22:42:34
/home/airflow/.local/lib/python3.7/site-packages/airflow/example_dags/example_time_delta_sensor_async.py                                   1           0  0.27s           2025-07-14T22:42:51
/home/airflow/.local/lib/python3.7/site-packages/airflow/example_dags/example_trigger_controller_dag.py                                    1           0  0.19s           2025-07-14T22:42:49
/home/airflow/.local/lib/python3.7/site-packages/airflow/example_dags/tutorial_dag.py                                                      1           0  0.20s           2025-07-14T22:42:49
/home/airflow/.local/lib/python3.7/site-packages/airflow/example_dags/tutorial_taskflow_api_virtualenv.py                                  1           0  0.13s           2025-07-14T22:42:50
/home/airflow/.local/lib/python3.7/site-packages/airflow/example_dags/example_passing_params_via_test_command.py                           1           0  0.16s           2025-07-14T22:42:52
/home/airflow/.local/lib/python3.7/site-packages/airflow/example_dags/example_task_group_decorator.py                                      1           0  0.29s           2025-07-14T22:42:55
/home/airflow/.local/lib/python3.7/site-packages/airflow/example_dags/example_branch_python_dop_operator_3.py                              1           0  0.27s           2025-07-14T22:42:55
/home/airflow/.local/lib/python3.7/site-packages/airflow/example_dags/example_sla_dag.py                                                   1           0  0.26s           2025-07-14T22:42:56
/home/airflow/.local/lib/python3.7/site-packages/airflow/example_dags/example_nested_branch_dag.py                                         1           0  0.16s           2025-07-14T22:42:58
/home/airflow/.local/lib/python3.7/site-packages/airflow/example_dags/example_task_group.py                                                1           0  0.14s           2025-07-14T22:42:58
/home/airflow/.local/lib/python3.7/site-packages/airflow/example_dags/example_skip_dag.py                                                  1           0  0.13s           2025-07-14T22:42:59
/home/airflow/.local/lib/python3.7/site-packages/airflow/example_dags/example_external_task_marker_dag.py                                  2           0  0.31s           2025-07-14T22:43:03
/home/airflow/.local/lib/python3.7/site-packages/airflow/example_dags/example_xcomargs.py                                                  2           0  0.26s           2025-07-14T22:42:56
/home/airflow/.local/lib/python3.7/site-packages/airflow/example_dags/example_subdag_operator.py                                           3           0  0.33s           2025-07-14T22:43:02
/home/airflow/.local/lib/python3.7/site-packages/airflow/example_dags/example_branch_datetime_operator.py                                  3           0  0.16s           2025-07-14T22:42:52
/home/airflow/.local/lib/python3.7/site-packages/airflow/example_dags/example_datasets.py                                                  6           0  0.19s           2025-07-14T22:43:03
================================================================================
[2025-07-14T22:43:34.532+0000] {manager.py:846} INFO - 
================================================================================
DAG File Processing Stats

File Path                                                                                                           PID  Runtime      # DAGs    # Errors  Last Runtime    Last Run
----------------------------------------------------------------------------------------------------------------  -----  ---------  --------  ----------  --------------  -------------------
/opt/airflow/dags/ckan_sdmx_pipeline.py                                                                                                    0           1  0.07s           2025-07-14T22:43:27
/home/airflow/.local/lib/python3.7/site-packages/airflow/example_dags/plugins/workday.py                                                   0           0  0.05s           2025-07-14T22:43:28
/home/airflow/.local/lib/python3.7/site-packages/airflow/example_dags/subdags/subdag.py                                                    0           0  0.05s           2025-07-14T22:43:29
/home/airflow/.local/lib/python3.7/site-packages/airflow/example_dags/example_short_circuit_decorator.py                                   1           0  0.13s           2025-07-14T22:43:29
/home/airflow/.local/lib/python3.7/site-packages/airflow/example_dags/example_bash_operator.py                                             1           0  0.13s           2025-07-14T22:43:29
/home/airflow/.local/lib/python3.7/site-packages/airflow/example_dags/tutorial_taskflow_api.py                                             1           0  0.18s           2025-07-14T22:43:31
/home/airflow/.local/lib/python3.7/site-packages/airflow/example_dags/example_latest_only_with_trigger.py                                  1           0  0.17s           2025-07-14T22:43:31
/home/airflow/.local/lib/python3.7/site-packages/airflow/example_dags/tutorial.py                                                          1           0  0.14s           2025-07-14T22:43:31
/home/airflow/.local/lib/python3.7/site-packages/airflow/example_dags/example_branch_operator_decorator.py                                 1           0  0.17s           2025-07-14T22:43:31
/home/airflow/.local/lib/python3.7/site-packages/airflow/example_dags/example_complex.py                                                   1           0  0.16s           2025-07-14T22:43:31
/home/airflow/.local/lib/python3.7/site-packages/airflow/example_dags/example_branch_operator.py                                           1           0  0.13s           2025-07-14T22:43:31
/home/airflow/.local/lib/python3.7/site-packages/airflow/example_dags/example_python_operator.py                                           1           0  0.15s           2025-07-14T22:43:31
/home/airflow/.local/lib/python3.7/site-packages/airflow/example_dags/example_branch_labels.py                                             1           0  0.13s           2025-07-14T22:43:31
/home/airflow/.local/lib/python3.7/site-packages/airflow/example_dags/example_latest_only.py                                               1           0  0.17s           2025-07-14T22:43:32
/home/airflow/.local/lib/python3.7/site-packages/airflow/example_dags/example_kubernetes_executor.py                                       1           0  0.19s           2025-07-14T22:43:32
/home/airflow/.local/lib/python3.7/site-packages/airflow/example_dags/example_short_circuit_operator.py                                    1           0  0.16s           2025-07-14T22:43:32
/home/airflow/.local/lib/python3.7/site-packages/airflow/example_dags/example_dag_decorator.py                                             1           0  0.19s           2025-07-14T22:43:33
/home/airflow/.local/lib/python3.7/site-packages/airflow/example_dags/example_trigger_target_dag.py                                        1           0  0.14s           2025-07-14T22:43:33
/home/airflow/.local/lib/python3.7/site-packages/airflow/example_dags/example_xcom.py                                                      1           0  0.13s           2025-07-14T22:43:33
/home/airflow/.local/lib/python3.7/site-packages/airflow/example_dags/example_local_kubernetes_executor.py                                 1           0  0.13s           2025-07-14T22:43:18
/home/airflow/.local/lib/python3.7/site-packages/airflow/example_dags/example_branch_day_of_week_operator.py       1407  0.00s             1           0  0.14s           2025-07-14T22:43:04
/home/airflow/.local/lib/python3.7/site-packages/airflow/example_dags/example_time_delta_sensor_async.py                                   1           0  0.31s           2025-07-14T22:43:22
/home/airflow/.local/lib/python3.7/site-packages/airflow/example_dags/example_trigger_controller_dag.py                                    1           0  0.14s           2025-07-14T22:43:20
/home/airflow/.local/lib/python3.7/site-packages/airflow/example_dags/tutorial_dag.py                                                      1           0  0.14s           2025-07-14T22:43:20
/home/airflow/.local/lib/python3.7/site-packages/airflow/example_dags/tutorial_taskflow_api_virtualenv.py                                  1           0  0.15s           2025-07-14T22:43:21
/home/airflow/.local/lib/python3.7/site-packages/airflow/example_dags/example_passing_params_via_test_command.py                           1           0  0.17s           2025-07-14T22:43:23
/home/airflow/.local/lib/python3.7/site-packages/airflow/example_dags/example_task_group_decorator.py                                      1           0  0.17s           2025-07-14T22:43:25
/home/airflow/.local/lib/python3.7/site-packages/airflow/example_dags/example_branch_python_dop_operator_3.py                              1           0  0.15s           2025-07-14T22:43:25
/home/airflow/.local/lib/python3.7/site-packages/airflow/example_dags/example_sla_dag.py                                                   1           0  0.15s           2025-07-14T22:43:26
/home/airflow/.local/lib/python3.7/site-packages/airflow/example_dags/example_nested_branch_dag.py                                         1           0  0.14s           2025-07-14T22:43:28
/home/airflow/.local/lib/python3.7/site-packages/airflow/example_dags/example_task_group.py                                                1           0  0.13s           2025-07-14T22:43:28
/home/airflow/.local/lib/python3.7/site-packages/airflow/example_dags/example_skip_dag.py                                                  1           0  0.13s           2025-07-14T22:43:29
/home/airflow/.local/lib/python3.7/site-packages/airflow/example_dags/example_external_task_marker_dag.py                                  2           0  0.27s           2025-07-14T22:43:33
/home/airflow/.local/lib/python3.7/site-packages/airflow/example_dags/example_xcomargs.py                                                  2           0  0.15s           2025-07-14T22:43:26
/home/airflow/.local/lib/python3.7/site-packages/airflow/example_dags/example_subdag_operator.py                                           3           0  0.38s           2025-07-14T22:43:33
/home/airflow/.local/lib/python3.7/site-packages/airflow/example_dags/example_branch_datetime_operator.py                                  3           0  0.18s           2025-07-14T22:43:23
/home/airflow/.local/lib/python3.7/site-packages/airflow/example_dags/example_datasets.py                                                  6           0  0.16s           2025-07-14T22:43:33
================================================================================
[2025-07-14T22:44:04.598+0000] {manager.py:846} INFO - 
================================================================================
DAG File Processing Stats

File Path                                                                                                           PID  Runtime      # DAGs    # Errors  Last Runtime    Last Run
----------------------------------------------------------------------------------------------------------------  -----  ---------  --------  ----------  --------------  -------------------
/opt/airflow/dags/ckan_sdmx_pipeline.py                                                                                                    0           1  0.11s           2025-07-14T22:43:57
/home/airflow/.local/lib/python3.7/site-packages/airflow/example_dags/plugins/workday.py                                                   0           0  0.04s           2025-07-14T22:43:58
/home/airflow/.local/lib/python3.7/site-packages/airflow/example_dags/subdags/subdag.py                                                    0           0  0.06s           2025-07-14T22:44:00
/home/airflow/.local/lib/python3.7/site-packages/airflow/example_dags/example_short_circuit_decorator.py                                   1           0  0.14s           2025-07-14T22:43:59
/home/airflow/.local/lib/python3.7/site-packages/airflow/example_dags/example_bash_operator.py                                             1           0  0.15s           2025-07-14T22:43:59
/home/airflow/.local/lib/python3.7/site-packages/airflow/example_dags/tutorial_taskflow_api.py                                             1           0  0.14s           2025-07-14T22:44:01
/home/airflow/.local/lib/python3.7/site-packages/airflow/example_dags/example_latest_only_with_trigger.py                                  1           0  0.13s           2025-07-14T22:44:01
/home/airflow/.local/lib/python3.7/site-packages/airflow/example_dags/tutorial.py                                                          1           0  0.12s           2025-07-14T22:44:01
/home/airflow/.local/lib/python3.7/site-packages/airflow/example_dags/example_branch_operator_decorator.py                                 1           0  0.15s           2025-07-14T22:44:01
/home/airflow/.local/lib/python3.7/site-packages/airflow/example_dags/example_complex.py                                                   1           0  0.14s           2025-07-14T22:44:01
/home/airflow/.local/lib/python3.7/site-packages/airflow/example_dags/example_branch_operator.py                                           1           0  0.14s           2025-07-14T22:44:01
/home/airflow/.local/lib/python3.7/site-packages/airflow/example_dags/example_python_operator.py                                           1           0  0.14s           2025-07-14T22:44:01
/home/airflow/.local/lib/python3.7/site-packages/airflow/example_dags/example_branch_labels.py                                             1           0  0.12s           2025-07-14T22:44:01
/home/airflow/.local/lib/python3.7/site-packages/airflow/example_dags/example_latest_only.py                                               1           0  0.12s           2025-07-14T22:44:03
/home/airflow/.local/lib/python3.7/site-packages/airflow/example_dags/example_kubernetes_executor.py                                       1           0  0.14s           2025-07-14T22:44:03
/home/airflow/.local/lib/python3.7/site-packages/airflow/example_dags/example_short_circuit_operator.py                                    1           0  0.12s           2025-07-14T22:44:03
/home/airflow/.local/lib/python3.7/site-packages/airflow/example_dags/example_dag_decorator.py                     1458  0.20s             1           0  0.19s           2025-07-14T22:43:33
/home/airflow/.local/lib/python3.7/site-packages/airflow/example_dags/example_trigger_target_dag.py                1460  0.00s             1           0  0.14s           2025-07-14T22:43:33
/home/airflow/.local/lib/python3.7/site-packages/airflow/example_dags/example_xcom.py                                                      1           0  0.13s           2025-07-14T22:43:33
/home/airflow/.local/lib/python3.7/site-packages/airflow/example_dags/example_local_kubernetes_executor.py                                 1           0  0.13s           2025-07-14T22:43:48
/home/airflow/.local/lib/python3.7/site-packages/airflow/example_dags/example_branch_day_of_week_operator.py                               1           0  0.15s           2025-07-14T22:43:34
/home/airflow/.local/lib/python3.7/site-packages/airflow/example_dags/example_time_delta_sensor_async.py                                   1           0  0.32s           2025-07-14T22:43:53
/home/airflow/.local/lib/python3.7/site-packages/airflow/example_dags/example_trigger_controller_dag.py                                    1           0  0.14s           2025-07-14T22:43:50
/home/airflow/.local/lib/python3.7/site-packages/airflow/example_dags/tutorial_dag.py                                                      1           0  0.13s           2025-07-14T22:43:50
/home/airflow/.local/lib/python3.7/site-packages/airflow/example_dags/tutorial_taskflow_api_virtualenv.py                                  1           0  0.13s           2025-07-14T22:43:51
/home/airflow/.local/lib/python3.7/site-packages/airflow/example_dags/example_passing_params_via_test_command.py                           1           0  0.19s           2025-07-14T22:43:53
/home/airflow/.local/lib/python3.7/site-packages/airflow/example_dags/example_task_group_decorator.py                                      1           0  0.18s           2025-07-14T22:43:55
/home/airflow/.local/lib/python3.7/site-packages/airflow/example_dags/example_branch_python_dop_operator_3.py                              1           0  0.17s           2025-07-14T22:43:55
/home/airflow/.local/lib/python3.7/site-packages/airflow/example_dags/example_sla_dag.py                                                   1           0  0.17s           2025-07-14T22:43:56
/home/airflow/.local/lib/python3.7/site-packages/airflow/example_dags/example_nested_branch_dag.py                                         1           0  0.15s           2025-07-14T22:43:58
/home/airflow/.local/lib/python3.7/site-packages/airflow/example_dags/example_task_group.py                                                1           0  0.13s           2025-07-14T22:43:58
/home/airflow/.local/lib/python3.7/site-packages/airflow/example_dags/example_skip_dag.py                                                  1           0  0.13s           2025-07-14T22:43:59
/home/airflow/.local/lib/python3.7/site-packages/airflow/example_dags/example_external_task_marker_dag.py                                  2           0  0.33s           2025-07-14T22:44:04
/home/airflow/.local/lib/python3.7/site-packages/airflow/example_dags/example_xcomargs.py                                                  2           0  0.17s           2025-07-14T22:43:56
/home/airflow/.local/lib/python3.7/site-packages/airflow/example_dags/example_subdag_operator.py                                           3           0  0.34s           2025-07-14T22:44:04
/home/airflow/.local/lib/python3.7/site-packages/airflow/example_dags/example_branch_datetime_operator.py                                  3           0  0.19s           2025-07-14T22:43:53
/home/airflow/.local/lib/python3.7/site-packages/airflow/example_dags/example_datasets.py                                                  6           0  0.18s           2025-07-14T22:44:04
================================================================================
[2025-07-14T22:44:34.857+0000] {manager.py:846} INFO - 
================================================================================
DAG File Processing Stats

File Path                                                                                                           PID  Runtime      # DAGs    # Errors  Last Runtime    Last Run
----------------------------------------------------------------------------------------------------------------  -----  ---------  --------  ----------  --------------  -------------------
/opt/airflow/dags/ckan_sdmx_pipeline.py                                                                                                    0           1  0.07s           2025-07-14T22:44:27
/home/airflow/.local/lib/python3.7/site-packages/airflow/example_dags/plugins/workday.py                                                   0           0  0.04s           2025-07-14T22:44:29
/home/airflow/.local/lib/python3.7/site-packages/airflow/example_dags/subdags/subdag.py                                                    0           0  0.05s           2025-07-14T22:44:30
/home/airflow/.local/lib/python3.7/site-packages/airflow/example_dags/example_short_circuit_decorator.py                                   1           0  0.14s           2025-07-14T22:44:30
/home/airflow/.local/lib/python3.7/site-packages/airflow/example_dags/example_bash_operator.py                                             1           0  0.14s           2025-07-14T22:44:30
/home/airflow/.local/lib/python3.7/site-packages/airflow/example_dags/tutorial_taskflow_api.py                                             1           0  0.16s           2025-07-14T22:44:31
/home/airflow/.local/lib/python3.7/site-packages/airflow/example_dags/example_latest_only_with_trigger.py                                  1           0  0.14s           2025-07-14T22:44:31
/home/airflow/.local/lib/python3.7/site-packages/airflow/example_dags/tutorial.py                                                          1           0  0.15s           2025-07-14T22:44:31
/home/airflow/.local/lib/python3.7/site-packages/airflow/example_dags/example_branch_operator_decorator.py                                 1           0  0.18s           2025-07-14T22:44:31
/home/airflow/.local/lib/python3.7/site-packages/airflow/example_dags/example_complex.py                                                   1           0  0.18s           2025-07-14T22:44:31
/home/airflow/.local/lib/python3.7/site-packages/airflow/example_dags/example_branch_operator.py                                           1           0  0.16s           2025-07-14T22:44:31
/home/airflow/.local/lib/python3.7/site-packages/airflow/example_dags/example_python_operator.py                                           1           0  0.16s           2025-07-14T22:44:32
/home/airflow/.local/lib/python3.7/site-packages/airflow/example_dags/example_branch_labels.py                                             1           0  0.15s           2025-07-14T22:44:32
/home/airflow/.local/lib/python3.7/site-packages/airflow/example_dags/example_latest_only.py                                               1           0  0.17s           2025-07-14T22:44:33
/home/airflow/.local/lib/python3.7/site-packages/airflow/example_dags/example_kubernetes_executor.py                                       1           0  0.18s           2025-07-14T22:44:33
/home/airflow/.local/lib/python3.7/site-packages/airflow/example_dags/example_short_circuit_operator.py                                    1           0  0.12s           2025-07-14T22:44:33
/home/airflow/.local/lib/python3.7/site-packages/airflow/example_dags/example_dag_decorator.py                     1522  0.01s             1           0  0.21s           2025-07-14T22:44:04
/home/airflow/.local/lib/python3.7/site-packages/airflow/example_dags/example_trigger_target_dag.py                                        1           0  0.14s           2025-07-14T22:44:04
/home/airflow/.local/lib/python3.7/site-packages/airflow/example_dags/example_xcom.py                                                      1           0  0.14s           2025-07-14T22:44:04
/home/airflow/.local/lib/python3.7/site-packages/airflow/example_dags/example_local_kubernetes_executor.py                                 1           0  0.12s           2025-07-14T22:44:18
/home/airflow/.local/lib/python3.7/site-packages/airflow/example_dags/example_branch_day_of_week_operator.py                               1           0  0.17s           2025-07-14T22:44:04
/home/airflow/.local/lib/python3.7/site-packages/airflow/example_dags/example_time_delta_sensor_async.py                                   1           0  0.27s           2025-07-14T22:44:24
/home/airflow/.local/lib/python3.7/site-packages/airflow/example_dags/example_trigger_controller_dag.py                                    1           0  0.14s           2025-07-14T22:44:21
/home/airflow/.local/lib/python3.7/site-packages/airflow/example_dags/tutorial_dag.py                                                      1           0  0.13s           2025-07-14T22:44:21
/home/airflow/.local/lib/python3.7/site-packages/airflow/example_dags/tutorial_taskflow_api_virtualenv.py                                  1           0  0.13s           2025-07-14T22:44:22
/home/airflow/.local/lib/python3.7/site-packages/airflow/example_dags/example_passing_params_via_test_command.py                           1           0  0.13s           2025-07-14T22:44:24
/home/airflow/.local/lib/python3.7/site-packages/airflow/example_dags/example_task_group_decorator.py                                      1           0  0.16s           2025-07-14T22:44:25
/home/airflow/.local/lib/python3.7/site-packages/airflow/example_dags/example_branch_python_dop_operator_3.py                              1           0  0.15s           2025-07-14T22:44:25
/home/airflow/.local/lib/python3.7/site-packages/airflow/example_dags/example_sla_dag.py                                                   1           0  0.17s           2025-07-14T22:44:26
/home/airflow/.local/lib/python3.7/site-packages/airflow/example_dags/example_nested_branch_dag.py                                         1           0  0.16s           2025-07-14T22:44:28
/home/airflow/.local/lib/python3.7/site-packages/airflow/example_dags/example_task_group.py                                                1           0  0.17s           2025-07-14T22:44:28
/home/airflow/.local/lib/python3.7/site-packages/airflow/example_dags/example_skip_dag.py                                                  1           0  0.13s           2025-07-14T22:44:30
/home/airflow/.local/lib/python3.7/site-packages/airflow/example_dags/example_external_task_marker_dag.py                                  2           0  0.40s           2025-07-14T22:44:34
/home/airflow/.local/lib/python3.7/site-packages/airflow/example_dags/example_xcomargs.py                                                  2           0  0.17s           2025-07-14T22:44:26
/home/airflow/.local/lib/python3.7/site-packages/airflow/example_dags/example_subdag_operator.py                   1520  0.42s             3           0  0.34s           2025-07-14T22:44:04
/home/airflow/.local/lib/python3.7/site-packages/airflow/example_dags/example_branch_datetime_operator.py                                  3           0  0.15s           2025-07-14T22:44:24
/home/airflow/.local/lib/python3.7/site-packages/airflow/example_dags/example_datasets.py                                                  6           0  0.18s           2025-07-14T22:44:04
================================================================================
[2025-07-14T22:45:05.608+0000] {manager.py:846} INFO - 
================================================================================
DAG File Processing Stats

File Path                                                                                                           PID  Runtime      # DAGs    # Errors  Last Runtime    Last Run
----------------------------------------------------------------------------------------------------------------  -----  ---------  --------  ----------  --------------  -------------------
/opt/airflow/dags/ckan_sdmx_pipeline.py                                                                                                    0           1  0.07s           2025-07-14T22:44:58
/home/airflow/.local/lib/python3.7/site-packages/airflow/example_dags/plugins/workday.py                                                   0           0  0.04s           2025-07-14T22:44:59
/home/airflow/.local/lib/python3.7/site-packages/airflow/example_dags/subdags/subdag.py                                                    0           0  0.05s           2025-07-14T22:45:00
/home/airflow/.local/lib/python3.7/site-packages/airflow/example_dags/example_short_circuit_decorator.py                                   1           0  0.15s           2025-07-14T22:45:00
/home/airflow/.local/lib/python3.7/site-packages/airflow/example_dags/example_bash_operator.py                                             1           0  0.15s           2025-07-14T22:45:00
/home/airflow/.local/lib/python3.7/site-packages/airflow/example_dags/tutorial_taskflow_api.py                                             1           0  0.14s           2025-07-14T22:45:01
/home/airflow/.local/lib/python3.7/site-packages/airflow/example_dags/example_latest_only_with_trigger.py                                  1           0  0.14s           2025-07-14T22:45:01
/home/airflow/.local/lib/python3.7/site-packages/airflow/example_dags/tutorial.py                                                          1           0  0.12s           2025-07-14T22:45:01
/home/airflow/.local/lib/python3.7/site-packages/airflow/example_dags/example_branch_operator_decorator.py                                 1           0  0.15s           2025-07-14T22:45:02
/home/airflow/.local/lib/python3.7/site-packages/airflow/example_dags/example_complex.py                                                   1           0  0.15s           2025-07-14T22:45:01
/home/airflow/.local/lib/python3.7/site-packages/airflow/example_dags/example_branch_operator.py                                           1           0  0.13s           2025-07-14T22:45:02
/home/airflow/.local/lib/python3.7/site-packages/airflow/example_dags/example_python_operator.py                                           1           0  0.15s           2025-07-14T22:45:02
/home/airflow/.local/lib/python3.7/site-packages/airflow/example_dags/example_branch_labels.py                                             1           0  0.13s           2025-07-14T22:45:02
/home/airflow/.local/lib/python3.7/site-packages/airflow/example_dags/example_latest_only.py                                               1           0  0.13s           2025-07-14T22:45:03
/home/airflow/.local/lib/python3.7/site-packages/airflow/example_dags/example_kubernetes_executor.py                                       1           0  0.15s           2025-07-14T22:45:03
/home/airflow/.local/lib/python3.7/site-packages/airflow/example_dags/example_short_circuit_operator.py                                    1           0  0.13s           2025-07-14T22:45:03
/home/airflow/.local/lib/python3.7/site-packages/airflow/example_dags/example_dag_decorator.py                                             1           0  0.31s           2025-07-14T22:44:35
/home/airflow/.local/lib/python3.7/site-packages/airflow/example_dags/example_trigger_target_dag.py                                        1           0  0.14s           2025-07-14T22:44:35
/home/airflow/.local/lib/python3.7/site-packages/airflow/example_dags/example_xcom.py                                                      1           0  0.14s           2025-07-14T22:44:35
/home/airflow/.local/lib/python3.7/site-packages/airflow/example_dags/example_local_kubernetes_executor.py                                 1           0  0.17s           2025-07-14T22:44:49
/home/airflow/.local/lib/python3.7/site-packages/airflow/example_dags/example_branch_day_of_week_operator.py                               1           0  0.13s           2025-07-14T22:44:35
/home/airflow/.local/lib/python3.7/site-packages/airflow/example_dags/example_time_delta_sensor_async.py                                   1           0  0.40s           2025-07-14T22:44:55
/home/airflow/.local/lib/python3.7/site-packages/airflow/example_dags/example_trigger_controller_dag.py                                    1           0  0.15s           2025-07-14T22:44:51
/home/airflow/.local/lib/python3.7/site-packages/airflow/example_dags/tutorial_dag.py                                                      1           0  0.14s           2025-07-14T22:44:51
/home/airflow/.local/lib/python3.7/site-packages/airflow/example_dags/tutorial_taskflow_api_virtualenv.py                                  1           0  0.19s           2025-07-14T22:44:52
/home/airflow/.local/lib/python3.7/site-packages/airflow/example_dags/example_passing_params_via_test_command.py                           1           0  0.19s           2025-07-14T22:44:55
/home/airflow/.local/lib/python3.7/site-packages/airflow/example_dags/example_task_group_decorator.py                                      1           0  0.16s           2025-07-14T22:44:56
/home/airflow/.local/lib/python3.7/site-packages/airflow/example_dags/example_branch_python_dop_operator_3.py                              1           0  0.15s           2025-07-14T22:44:56
/home/airflow/.local/lib/python3.7/site-packages/airflow/example_dags/example_sla_dag.py                                                   1           0  0.13s           2025-07-14T22:44:57
/home/airflow/.local/lib/python3.7/site-packages/airflow/example_dags/example_nested_branch_dag.py                                         1           0  0.13s           2025-07-14T22:44:59
/home/airflow/.local/lib/python3.7/site-packages/airflow/example_dags/example_task_group.py                                                1           0  0.13s           2025-07-14T22:44:59
/home/airflow/.local/lib/python3.7/site-packages/airflow/example_dags/example_skip_dag.py                                                  1           0  0.15s           2025-07-14T22:45:00
/home/airflow/.local/lib/python3.7/site-packages/airflow/example_dags/example_external_task_marker_dag.py          1585  0.00s             2           0  0.40s           2025-07-14T22:44:34
/home/airflow/.local/lib/python3.7/site-packages/airflow/example_dags/example_xcomargs.py                                                  2           0  0.15s           2025-07-14T22:44:57
/home/airflow/.local/lib/python3.7/site-packages/airflow/example_dags/example_subdag_operator.py                   1584  0.01s             3           0  0.46s           2025-07-14T22:44:34
/home/airflow/.local/lib/python3.7/site-packages/airflow/example_dags/example_branch_datetime_operator.py                                  3           0  0.20s           2025-07-14T22:44:54
/home/airflow/.local/lib/python3.7/site-packages/airflow/example_dags/example_datasets.py                                                  6           0  0.29s           2025-07-14T22:44:35
================================================================================
[2025-07-14T22:45:36.000+0000] {manager.py:846} INFO - 
================================================================================
DAG File Processing Stats

File Path                                                                                                           PID  Runtime      # DAGs    # Errors  Last Runtime    Last Run
----------------------------------------------------------------------------------------------------------------  -----  ---------  --------  ----------  --------------  -------------------
/opt/airflow/dags/ckan_sdmx_pipeline.py                                                                                                    0           1  0.10s           2025-07-14T22:45:28
/home/airflow/.local/lib/python3.7/site-packages/airflow/example_dags/plugins/workday.py                                                   0           0  0.10s           2025-07-14T22:45:29
/home/airflow/.local/lib/python3.7/site-packages/airflow/example_dags/subdags/subdag.py                                                    0           0  0.08s           2025-07-14T22:45:31
/home/airflow/.local/lib/python3.7/site-packages/airflow/example_dags/example_short_circuit_decorator.py                                   1           0  0.29s           2025-07-14T22:45:31
/home/airflow/.local/lib/python3.7/site-packages/airflow/example_dags/example_bash_operator.py                                             1           0  0.29s           2025-07-14T22:45:31
/home/airflow/.local/lib/python3.7/site-packages/airflow/example_dags/tutorial_taskflow_api.py                                             1           0  0.20s           2025-07-14T22:45:32
/home/airflow/.local/lib/python3.7/site-packages/airflow/example_dags/example_latest_only_with_trigger.py                                  1           0  0.18s           2025-07-14T22:45:32
/home/airflow/.local/lib/python3.7/site-packages/airflow/example_dags/tutorial.py                                                          1           0  0.22s           2025-07-14T22:45:32
/home/airflow/.local/lib/python3.7/site-packages/airflow/example_dags/example_branch_operator_decorator.py                                 1           0  0.26s           2025-07-14T22:45:32
/home/airflow/.local/lib/python3.7/site-packages/airflow/example_dags/example_complex.py                                                   1           0  0.30s           2025-07-14T22:45:33
/home/airflow/.local/lib/python3.7/site-packages/airflow/example_dags/example_branch_operator.py                                           1           0  0.27s           2025-07-14T22:45:33
/home/airflow/.local/lib/python3.7/site-packages/airflow/example_dags/example_python_operator.py                                           1           0  0.28s           2025-07-14T22:45:33
/home/airflow/.local/lib/python3.7/site-packages/airflow/example_dags/example_branch_labels.py                                             1           0  0.25s           2025-07-14T22:45:33
/home/airflow/.local/lib/python3.7/site-packages/airflow/example_dags/example_latest_only.py                                               1           0  0.23s           2025-07-14T22:45:33
/home/airflow/.local/lib/python3.7/site-packages/airflow/example_dags/example_kubernetes_executor.py                                       1           0  0.26s           2025-07-14T22:45:33
/home/airflow/.local/lib/python3.7/site-packages/airflow/example_dags/example_short_circuit_operator.py                                    1           0  0.22s           2025-07-14T22:45:33
/home/airflow/.local/lib/python3.7/site-packages/airflow/example_dags/example_dag_decorator.py                                             1           0  0.17s           2025-07-14T22:45:06
/home/airflow/.local/lib/python3.7/site-packages/airflow/example_dags/example_trigger_target_dag.py                                        1           0  0.14s           2025-07-14T22:45:06
/home/airflow/.local/lib/python3.7/site-packages/airflow/example_dags/example_xcom.py                                                      1           0  0.15s           2025-07-14T22:45:06
/home/airflow/.local/lib/python3.7/site-packages/airflow/example_dags/example_local_kubernetes_executor.py                                 1           0  0.12s           2025-07-14T22:45:20
/home/airflow/.local/lib/python3.7/site-packages/airflow/example_dags/example_branch_day_of_week_operator.py                               1           0  0.14s           2025-07-14T22:45:06
/home/airflow/.local/lib/python3.7/site-packages/airflow/example_dags/example_time_delta_sensor_async.py                                   1           0  0.37s           2025-07-14T22:45:26
/home/airflow/.local/lib/python3.7/site-packages/airflow/example_dags/example_trigger_controller_dag.py                                    1           0  0.13s           2025-07-14T22:45:22
/home/airflow/.local/lib/python3.7/site-packages/airflow/example_dags/tutorial_dag.py                                                      1           0  0.13s           2025-07-14T22:45:22
/home/airflow/.local/lib/python3.7/site-packages/airflow/example_dags/tutorial_taskflow_api_virtualenv.py                                  1           0  0.14s           2025-07-14T22:45:23
/home/airflow/.local/lib/python3.7/site-packages/airflow/example_dags/example_passing_params_via_test_command.py                           1           0  0.19s           2025-07-14T22:45:26
/home/airflow/.local/lib/python3.7/site-packages/airflow/example_dags/example_task_group_decorator.py                                      1           0  0.17s           2025-07-14T22:45:27
/home/airflow/.local/lib/python3.7/site-packages/airflow/example_dags/example_branch_python_dop_operator_3.py                              1           0  0.15s           2025-07-14T22:45:27
/home/airflow/.local/lib/python3.7/site-packages/airflow/example_dags/example_sla_dag.py                                                   1           0  0.20s           2025-07-14T22:45:27
/home/airflow/.local/lib/python3.7/site-packages/airflow/example_dags/example_nested_branch_dag.py                                         1           0  0.48s           2025-07-14T22:45:29
/home/airflow/.local/lib/python3.7/site-packages/airflow/example_dags/example_task_group.py                                                1           0  0.46s           2025-07-14T22:45:29
/home/airflow/.local/lib/python3.7/site-packages/airflow/example_dags/example_skip_dag.py                                                  1           0  0.23s           2025-07-14T22:45:31
/home/airflow/.local/lib/python3.7/site-packages/airflow/example_dags/example_external_task_marker_dag.py          1650  0.01s             2           0  0.32s           2025-07-14T22:45:05
/home/airflow/.local/lib/python3.7/site-packages/airflow/example_dags/example_xcomargs.py                                                  2           0  0.18s           2025-07-14T22:45:27
/home/airflow/.local/lib/python3.7/site-packages/airflow/example_dags/example_subdag_operator.py                   1649  0.01s             3           0  0.34s           2025-07-14T22:45:05
/home/airflow/.local/lib/python3.7/site-packages/airflow/example_dags/example_branch_datetime_operator.py                                  3           0  0.19s           2025-07-14T22:45:25
/home/airflow/.local/lib/python3.7/site-packages/airflow/example_dags/example_datasets.py                                                  6           0  0.16s           2025-07-14T22:45:06
================================================================================
[2025-07-14T22:46:06.678+0000] {manager.py:846} INFO - 
================================================================================
DAG File Processing Stats

File Path                                                                                                           PID  Runtime      # DAGs    # Errors  Last Runtime    Last Run
----------------------------------------------------------------------------------------------------------------  -----  ---------  --------  ----------  --------------  -------------------
/opt/airflow/dags/ckan_sdmx_pipeline.py                                                                                                    0           1  0.33s           2025-07-14T22:45:59
/home/airflow/.local/lib/python3.7/site-packages/airflow/example_dags/plugins/workday.py                                                   0           0  0.12s           2025-07-14T22:46:00
/home/airflow/.local/lib/python3.7/site-packages/airflow/example_dags/subdags/subdag.py                                                    0           0  0.15s           2025-07-14T22:46:02
/home/airflow/.local/lib/python3.7/site-packages/airflow/example_dags/example_short_circuit_decorator.py                                   1           0  0.75s           2025-07-14T22:46:02
/home/airflow/.local/lib/python3.7/site-packages/airflow/example_dags/example_bash_operator.py                                             1           0  0.63s           2025-07-14T22:46:02
/home/airflow/.local/lib/python3.7/site-packages/airflow/example_dags/tutorial_taskflow_api.py                                             1           0  0.90s           2025-07-14T22:46:04
/home/airflow/.local/lib/python3.7/site-packages/airflow/example_dags/example_latest_only_with_trigger.py                                  1           0  0.92s           2025-07-14T22:46:04
/home/airflow/.local/lib/python3.7/site-packages/airflow/example_dags/tutorial.py                                                          1           0  0.70s           2025-07-14T22:46:04
/home/airflow/.local/lib/python3.7/site-packages/airflow/example_dags/example_branch_operator_decorator.py                                 1           0  0.69s           2025-07-14T22:46:05
/home/airflow/.local/lib/python3.7/site-packages/airflow/example_dags/example_complex.py                                                   1           0  0.91s           2025-07-14T22:46:05
/home/airflow/.local/lib/python3.7/site-packages/airflow/example_dags/example_branch_operator.py                                           1           0  0.72s           2025-07-14T22:46:05
/home/airflow/.local/lib/python3.7/site-packages/airflow/example_dags/example_python_operator.py                                           1           0  0.78s           2025-07-14T22:46:06
/home/airflow/.local/lib/python3.7/site-packages/airflow/example_dags/example_branch_labels.py                                             1           0  0.68s           2025-07-14T22:46:06
/home/airflow/.local/lib/python3.7/site-packages/airflow/example_dags/example_latest_only.py                       1701  0.03s             1           0  0.23s           2025-07-14T22:45:33
/home/airflow/.local/lib/python3.7/site-packages/airflow/example_dags/example_kubernetes_executor.py                                       1           0  0.26s           2025-07-14T22:45:33
/home/airflow/.local/lib/python3.7/site-packages/airflow/example_dags/example_short_circuit_operator.py                                    1           0  0.22s           2025-07-14T22:45:33
/home/airflow/.local/lib/python3.7/site-packages/airflow/example_dags/example_dag_decorator.py                                             1           0  0.31s           2025-07-14T22:45:36
/home/airflow/.local/lib/python3.7/site-packages/airflow/example_dags/example_trigger_target_dag.py                                        1           0  0.39s           2025-07-14T22:45:37
/home/airflow/.local/lib/python3.7/site-packages/airflow/example_dags/example_xcom.py                                                      1           0  0.39s           2025-07-14T22:45:37
/home/airflow/.local/lib/python3.7/site-packages/airflow/example_dags/example_local_kubernetes_executor.py                                 1           0  0.73s           2025-07-14T22:45:52
/home/airflow/.local/lib/python3.7/site-packages/airflow/example_dags/example_branch_day_of_week_operator.py                               1           0  0.21s           2025-07-14T22:45:37
/home/airflow/.local/lib/python3.7/site-packages/airflow/example_dags/example_time_delta_sensor_async.py                                   1           0  1.20s           2025-07-14T22:45:57
/home/airflow/.local/lib/python3.7/site-packages/airflow/example_dags/example_trigger_controller_dag.py                                    1           0  0.53s           2025-07-14T22:45:53
/home/airflow/.local/lib/python3.7/site-packages/airflow/example_dags/tutorial_dag.py                                                      1           0  0.47s           2025-07-14T22:45:53
/home/airflow/.local/lib/python3.7/site-packages/airflow/example_dags/tutorial_taskflow_api_virtualenv.py                                  1           0  0.55s           2025-07-14T22:45:55
/home/airflow/.local/lib/python3.7/site-packages/airflow/example_dags/example_passing_params_via_test_command.py                           1           0  0.57s           2025-07-14T22:45:57
/home/airflow/.local/lib/python3.7/site-packages/airflow/example_dags/example_task_group_decorator.py                                      1           0  0.70s           2025-07-14T22:45:58
/home/airflow/.local/lib/python3.7/site-packages/airflow/example_dags/example_branch_python_dop_operator_3.py                              1           0  0.68s           2025-07-14T22:45:58
/home/airflow/.local/lib/python3.7/site-packages/airflow/example_dags/example_sla_dag.py                                                   1           0  0.59s           2025-07-14T22:45:58
/home/airflow/.local/lib/python3.7/site-packages/airflow/example_dags/example_nested_branch_dag.py                                         1           0  0.52s           2025-07-14T22:46:00
/home/airflow/.local/lib/python3.7/site-packages/airflow/example_dags/example_task_group.py                                                1           0  0.39s           2025-07-14T22:46:00
/home/airflow/.local/lib/python3.7/site-packages/airflow/example_dags/example_skip_dag.py                                                  1           0  0.49s           2025-07-14T22:46:02
/home/airflow/.local/lib/python3.7/site-packages/airflow/example_dags/example_external_task_marker_dag.py                                  2           0  0.50s           2025-07-14T22:45:36
/home/airflow/.local/lib/python3.7/site-packages/airflow/example_dags/example_xcomargs.py                                                  2           0  0.65s           2025-07-14T22:45:58
/home/airflow/.local/lib/python3.7/site-packages/airflow/example_dags/example_subdag_operator.py                                           3           0  0.53s           2025-07-14T22:45:36
/home/airflow/.local/lib/python3.7/site-packages/airflow/example_dags/example_branch_datetime_operator.py                                  3           0  0.71s           2025-07-14T22:45:56
/home/airflow/.local/lib/python3.7/site-packages/airflow/example_dags/example_datasets.py                                                  6           0  0.27s           2025-07-14T22:45:36
================================================================================
[2025-07-14T22:46:37.081+0000] {manager.py:846} INFO - 
================================================================================
DAG File Processing Stats

File Path                                                                                                           PID  Runtime      # DAGs    # Errors  Last Runtime    Last Run
----------------------------------------------------------------------------------------------------------------  -----  ---------  --------  ----------  --------------  -------------------
/opt/airflow/dags/ckan_sdmx_pipeline.py                                                                                                    0           1  0.07s           2025-07-14T22:46:29
/home/airflow/.local/lib/python3.7/site-packages/airflow/example_dags/plugins/workday.py                                                   0           0  0.05s           2025-07-14T22:46:30
/home/airflow/.local/lib/python3.7/site-packages/airflow/example_dags/subdags/subdag.py                                                    0           0  0.04s           2025-07-14T22:46:32
/home/airflow/.local/lib/python3.7/site-packages/airflow/example_dags/example_short_circuit_decorator.py                                   1           0  0.15s           2025-07-14T22:46:32
/home/airflow/.local/lib/python3.7/site-packages/airflow/example_dags/example_bash_operator.py                                             1           0  0.15s           2025-07-14T22:46:32
/home/airflow/.local/lib/python3.7/site-packages/airflow/example_dags/tutorial_taskflow_api.py                                             1           0  0.14s           2025-07-14T22:46:34
/home/airflow/.local/lib/python3.7/site-packages/airflow/example_dags/example_latest_only_with_trigger.py                                  1           0  0.13s           2025-07-14T22:46:34
/home/airflow/.local/lib/python3.7/site-packages/airflow/example_dags/tutorial.py                                                          1           0  0.14s           2025-07-14T22:46:35
/home/airflow/.local/lib/python3.7/site-packages/airflow/example_dags/example_branch_operator_decorator.py                                 1           0  0.14s           2025-07-14T22:46:35
/home/airflow/.local/lib/python3.7/site-packages/airflow/example_dags/example_complex.py                                                   1           0  0.15s           2025-07-14T22:46:36
/home/airflow/.local/lib/python3.7/site-packages/airflow/example_dags/example_branch_operator.py                                           1           0  0.14s           2025-07-14T22:46:36
/home/airflow/.local/lib/python3.7/site-packages/airflow/example_dags/example_python_operator.py                   1754  0.01s             1           0  0.78s           2025-07-14T22:46:06
/home/airflow/.local/lib/python3.7/site-packages/airflow/example_dags/example_branch_labels.py                     1755  0.00s             1           0  0.68s           2025-07-14T22:46:06
/home/airflow/.local/lib/python3.7/site-packages/airflow/example_dags/example_latest_only.py                                               1           0  0.81s           2025-07-14T22:46:07
/home/airflow/.local/lib/python3.7/site-packages/airflow/example_dags/example_kubernetes_executor.py                                       1           0  0.75s           2025-07-14T22:46:07
/home/airflow/.local/lib/python3.7/site-packages/airflow/example_dags/example_short_circuit_operator.py                                    1           0  0.59s           2025-07-14T22:46:08
/home/airflow/.local/lib/python3.7/site-packages/airflow/example_dags/example_dag_decorator.py                                             1           0  0.59s           2025-07-14T22:46:09
/home/airflow/.local/lib/python3.7/site-packages/airflow/example_dags/example_trigger_target_dag.py                                        1           0  0.29s           2025-07-14T22:46:10
/home/airflow/.local/lib/python3.7/site-packages/airflow/example_dags/example_xcom.py                                                      1           0  0.33s           2025-07-14T22:46:10
/home/airflow/.local/lib/python3.7/site-packages/airflow/example_dags/example_local_kubernetes_executor.py                                 1           0  0.14s           2025-07-14T22:46:22
/home/airflow/.local/lib/python3.7/site-packages/airflow/example_dags/example_branch_day_of_week_operator.py                               1           0  0.34s           2025-07-14T22:46:10
/home/airflow/.local/lib/python3.7/site-packages/airflow/example_dags/example_time_delta_sensor_async.py                                   1           0  0.34s           2025-07-14T22:46:27
/home/airflow/.local/lib/python3.7/site-packages/airflow/example_dags/example_trigger_controller_dag.py                                    1           0  0.15s           2025-07-14T22:46:24
/home/airflow/.local/lib/python3.7/site-packages/airflow/example_dags/tutorial_dag.py                                                      1           0  0.13s           2025-07-14T22:46:24
/home/airflow/.local/lib/python3.7/site-packages/airflow/example_dags/tutorial_taskflow_api_virtualenv.py                                  1           0  0.16s           2025-07-14T22:46:25
/home/airflow/.local/lib/python3.7/site-packages/airflow/example_dags/example_passing_params_via_test_command.py                           1           0  0.18s           2025-07-14T22:46:27
/home/airflow/.local/lib/python3.7/site-packages/airflow/example_dags/example_task_group_decorator.py                                      1           0  0.14s           2025-07-14T22:46:28
/home/airflow/.local/lib/python3.7/site-packages/airflow/example_dags/example_branch_python_dop_operator_3.py                              1           0  0.14s           2025-07-14T22:46:28
/home/airflow/.local/lib/python3.7/site-packages/airflow/example_dags/example_sla_dag.py                                                   1           0  0.13s           2025-07-14T22:46:29
/home/airflow/.local/lib/python3.7/site-packages/airflow/example_dags/example_nested_branch_dag.py                                         1           0  0.14s           2025-07-14T22:46:31
/home/airflow/.local/lib/python3.7/site-packages/airflow/example_dags/example_task_group.py                                                1           0  0.15s           2025-07-14T22:46:30
/home/airflow/.local/lib/python3.7/site-packages/airflow/example_dags/example_skip_dag.py                                                  1           0  0.14s           2025-07-14T22:46:32
/home/airflow/.local/lib/python3.7/site-packages/airflow/example_dags/example_external_task_marker_dag.py                                  2           0  1.28s           2025-07-14T22:46:09
/home/airflow/.local/lib/python3.7/site-packages/airflow/example_dags/example_xcomargs.py                                                  2           0  0.14s           2025-07-14T22:46:29
/home/airflow/.local/lib/python3.7/site-packages/airflow/example_dags/example_subdag_operator.py                                           3           0  1.36s           2025-07-14T22:46:09
/home/airflow/.local/lib/python3.7/site-packages/airflow/example_dags/example_branch_datetime_operator.py                                  3           0  0.17s           2025-07-14T22:46:27
/home/airflow/.local/lib/python3.7/site-packages/airflow/example_dags/example_datasets.py                                                  6           0  0.45s           2025-07-14T22:46:09
================================================================================
[2025-07-14T22:47:07.468+0000] {manager.py:846} INFO - 
================================================================================
DAG File Processing Stats

File Path                                                                                                           PID  Runtime      # DAGs    # Errors  Last Runtime    Last Run
----------------------------------------------------------------------------------------------------------------  -----  ---------  --------  ----------  --------------  -------------------
/opt/airflow/dags/ckan_sdmx_pipeline.py                                                                                                    0           1  0.11s           2025-07-14T22:46:59
/home/airflow/.local/lib/python3.7/site-packages/airflow/example_dags/plugins/workday.py                                                   0           0  0.04s           2025-07-14T22:47:00
/home/airflow/.local/lib/python3.7/site-packages/airflow/example_dags/subdags/subdag.py                                                    0           0  0.05s           2025-07-14T22:47:03
/home/airflow/.local/lib/python3.7/site-packages/airflow/example_dags/example_short_circuit_decorator.py                                   1           0  0.15s           2025-07-14T22:47:02
/home/airflow/.local/lib/python3.7/site-packages/airflow/example_dags/example_bash_operator.py                                             1           0  0.16s           2025-07-14T22:47:02
/home/airflow/.local/lib/python3.7/site-packages/airflow/example_dags/tutorial_taskflow_api.py                                             1           0  0.20s           2025-07-14T22:47:05
/home/airflow/.local/lib/python3.7/site-packages/airflow/example_dags/example_latest_only_with_trigger.py                                  1           0  0.19s           2025-07-14T22:47:05
/home/airflow/.local/lib/python3.7/site-packages/airflow/example_dags/tutorial.py                                                          1           0  0.15s           2025-07-14T22:47:06
/home/airflow/.local/lib/python3.7/site-packages/airflow/example_dags/example_branch_operator_decorator.py                                 1           0  0.17s           2025-07-14T22:47:06
/home/airflow/.local/lib/python3.7/site-packages/airflow/example_dags/example_complex.py                                                   1           0  0.15s           2025-07-14T22:47:06
/home/airflow/.local/lib/python3.7/site-packages/airflow/example_dags/example_branch_operator.py                                           1           0  0.15s           2025-07-14T22:47:06
/home/airflow/.local/lib/python3.7/site-packages/airflow/example_dags/example_python_operator.py                   1818  0.01s             1           0  0.22s           2025-07-14T22:46:37
/home/airflow/.local/lib/python3.7/site-packages/airflow/example_dags/example_branch_labels.py                     1819  0.00s             1           0  0.17s           2025-07-14T22:46:37
/home/airflow/.local/lib/python3.7/site-packages/airflow/example_dags/example_latest_only.py                                               1           0  0.13s           2025-07-14T22:46:38
/home/airflow/.local/lib/python3.7/site-packages/airflow/example_dags/example_kubernetes_executor.py                                       1           0  0.15s           2025-07-14T22:46:38
/home/airflow/.local/lib/python3.7/site-packages/airflow/example_dags/example_short_circuit_operator.py                                    1           0  0.13s           2025-07-14T22:46:38
/home/airflow/.local/lib/python3.7/site-packages/airflow/example_dags/example_dag_decorator.py                                             1           0  0.16s           2025-07-14T22:46:39
/home/airflow/.local/lib/python3.7/site-packages/airflow/example_dags/example_trigger_target_dag.py                                        1           0  0.14s           2025-07-14T22:46:40
/home/airflow/.local/lib/python3.7/site-packages/airflow/example_dags/example_xcom.py                                                      1           0  0.14s           2025-07-14T22:46:40
/home/airflow/.local/lib/python3.7/site-packages/airflow/example_dags/example_local_kubernetes_executor.py                                 1           0  0.14s           2025-07-14T22:46:52
/home/airflow/.local/lib/python3.7/site-packages/airflow/example_dags/example_branch_day_of_week_operator.py                               1           0  0.15s           2025-07-14T22:46:40
/home/airflow/.local/lib/python3.7/site-packages/airflow/example_dags/example_time_delta_sensor_async.py                                   1           0  0.28s           2025-07-14T22:46:58
/home/airflow/.local/lib/python3.7/site-packages/airflow/example_dags/example_trigger_controller_dag.py                                    1           0  0.14s           2025-07-14T22:46:54
/home/airflow/.local/lib/python3.7/site-packages/airflow/example_dags/tutorial_dag.py                                                      1           0  0.13s           2025-07-14T22:46:54
/home/airflow/.local/lib/python3.7/site-packages/airflow/example_dags/tutorial_taskflow_api_virtualenv.py                                  1           0  0.15s           2025-07-14T22:46:55
/home/airflow/.local/lib/python3.7/site-packages/airflow/example_dags/example_passing_params_via_test_command.py                           1           0  0.17s           2025-07-14T22:46:57
/home/airflow/.local/lib/python3.7/site-packages/airflow/example_dags/example_task_group_decorator.py                                      1           0  0.15s           2025-07-14T22:46:59
/home/airflow/.local/lib/python3.7/site-packages/airflow/example_dags/example_branch_python_dop_operator_3.py                              1           0  0.14s           2025-07-14T22:46:59
/home/airflow/.local/lib/python3.7/site-packages/airflow/example_dags/example_sla_dag.py                                                   1           0  0.21s           2025-07-14T22:46:59
/home/airflow/.local/lib/python3.7/site-packages/airflow/example_dags/example_nested_branch_dag.py                                         1           0  0.13s           2025-07-14T22:47:01
/home/airflow/.local/lib/python3.7/site-packages/airflow/example_dags/example_task_group.py                                                1           0  0.13s           2025-07-14T22:47:00
/home/airflow/.local/lib/python3.7/site-packages/airflow/example_dags/example_skip_dag.py                                                  1           0  0.12s           2025-07-14T22:47:03
/home/airflow/.local/lib/python3.7/site-packages/airflow/example_dags/example_external_task_marker_dag.py                                  2           0  0.30s           2025-07-14T22:46:39
/home/airflow/.local/lib/python3.7/site-packages/airflow/example_dags/example_xcomargs.py                                                  2           0  0.14s           2025-07-14T22:46:59
/home/airflow/.local/lib/python3.7/site-packages/airflow/example_dags/example_subdag_operator.py                                           3           0  0.32s           2025-07-14T22:46:39
/home/airflow/.local/lib/python3.7/site-packages/airflow/example_dags/example_branch_datetime_operator.py                                  3           0  0.18s           2025-07-14T22:46:57
/home/airflow/.local/lib/python3.7/site-packages/airflow/example_dags/example_datasets.py                                                  6           0  0.19s           2025-07-14T22:46:40
================================================================================
[2025-07-14T22:47:37.839+0000] {manager.py:846} INFO - 
================================================================================
DAG File Processing Stats

File Path                                                                                                           PID  Runtime      # DAGs    # Errors  Last Runtime    Last Run
----------------------------------------------------------------------------------------------------------------  -----  ---------  --------  ----------  --------------  -------------------
/opt/airflow/dags/ckan_sdmx_pipeline.py                                                                                                    0           1  0.07s           2025-07-14T22:47:29
/home/airflow/.local/lib/python3.7/site-packages/airflow/example_dags/plugins/workday.py                                                   0           0  0.07s           2025-07-14T22:47:30
/home/airflow/.local/lib/python3.7/site-packages/airflow/example_dags/subdags/subdag.py                                                    0           0  0.05s           2025-07-14T22:47:33
/home/airflow/.local/lib/python3.7/site-packages/airflow/example_dags/example_short_circuit_decorator.py                                   1           0  0.17s           2025-07-14T22:47:33
/home/airflow/.local/lib/python3.7/site-packages/airflow/example_dags/example_bash_operator.py                                             1           0  0.17s           2025-07-14T22:47:33
/home/airflow/.local/lib/python3.7/site-packages/airflow/example_dags/tutorial_taskflow_api.py                                             1           0  0.15s           2025-07-14T22:47:35
/home/airflow/.local/lib/python3.7/site-packages/airflow/example_dags/example_latest_only_with_trigger.py                                  1           0  0.15s           2025-07-14T22:47:35
/home/airflow/.local/lib/python3.7/site-packages/airflow/example_dags/tutorial.py                                                          1           0  0.18s           2025-07-14T22:47:36
/home/airflow/.local/lib/python3.7/site-packages/airflow/example_dags/example_branch_operator_decorator.py                                 1           0  0.20s           2025-07-14T22:47:36
/home/airflow/.local/lib/python3.7/site-packages/airflow/example_dags/example_complex.py                                                   1           0  0.17s           2025-07-14T22:47:36
/home/airflow/.local/lib/python3.7/site-packages/airflow/example_dags/example_branch_operator.py                                           1           0  0.16s           2025-07-14T22:47:36
/home/airflow/.local/lib/python3.7/site-packages/airflow/example_dags/example_python_operator.py                   1882  0.02s             1           0  0.21s           2025-07-14T22:47:07
/home/airflow/.local/lib/python3.7/site-packages/airflow/example_dags/example_branch_labels.py                     1883  0.01s             1           0  0.19s           2025-07-14T22:47:07
/home/airflow/.local/lib/python3.7/site-packages/airflow/example_dags/example_latest_only.py                                               1           0  0.14s           2025-07-14T22:47:08
/home/airflow/.local/lib/python3.7/site-packages/airflow/example_dags/example_kubernetes_executor.py                                       1           0  0.16s           2025-07-14T22:47:08
/home/airflow/.local/lib/python3.7/site-packages/airflow/example_dags/example_short_circuit_operator.py                                    1           0  0.13s           2025-07-14T22:47:08
/home/airflow/.local/lib/python3.7/site-packages/airflow/example_dags/example_dag_decorator.py                                             1           0  0.20s           2025-07-14T22:47:10
/home/airflow/.local/lib/python3.7/site-packages/airflow/example_dags/example_trigger_target_dag.py                                        1           0  0.22s           2025-07-14T22:47:10
/home/airflow/.local/lib/python3.7/site-packages/airflow/example_dags/example_xcom.py                                                      1           0  0.23s           2025-07-14T22:47:10
/home/airflow/.local/lib/python3.7/site-packages/airflow/example_dags/example_local_kubernetes_executor.py                                 1           0  0.16s           2025-07-14T22:47:22
/home/airflow/.local/lib/python3.7/site-packages/airflow/example_dags/example_branch_day_of_week_operator.py                               1           0  0.15s           2025-07-14T22:47:10
/home/airflow/.local/lib/python3.7/site-packages/airflow/example_dags/example_time_delta_sensor_async.py                                   1           0  0.40s           2025-07-14T22:47:29
/home/airflow/.local/lib/python3.7/site-packages/airflow/example_dags/example_trigger_controller_dag.py                                    1           0  0.18s           2025-07-14T22:47:25
/home/airflow/.local/lib/python3.7/site-packages/airflow/example_dags/tutorial_dag.py                                                      1           0  0.17s           2025-07-14T22:47:25
/home/airflow/.local/lib/python3.7/site-packages/airflow/example_dags/tutorial_taskflow_api_virtualenv.py                                  1           0  0.22s           2025-07-14T22:47:26
/home/airflow/.local/lib/python3.7/site-packages/airflow/example_dags/example_passing_params_via_test_command.py                           1           0  0.14s           2025-07-14T22:47:28
/home/airflow/.local/lib/python3.7/site-packages/airflow/example_dags/example_task_group_decorator.py                                      1           0  0.20s           2025-07-14T22:47:29
/home/airflow/.local/lib/python3.7/site-packages/airflow/example_dags/example_branch_python_dop_operator_3.py                              1           0  0.21s           2025-07-14T22:47:29
/home/airflow/.local/lib/python3.7/site-packages/airflow/example_dags/example_sla_dag.py                                                   1           0  0.17s           2025-07-14T22:47:29
/home/airflow/.local/lib/python3.7/site-packages/airflow/example_dags/example_nested_branch_dag.py                                         1           0  0.16s           2025-07-14T22:47:32
/home/airflow/.local/lib/python3.7/site-packages/airflow/example_dags/example_task_group.py                                                1           0  0.18s           2025-07-14T22:47:30
/home/airflow/.local/lib/python3.7/site-packages/airflow/example_dags/example_skip_dag.py                                                  1           0  0.15s           2025-07-14T22:47:33
/home/airflow/.local/lib/python3.7/site-packages/airflow/example_dags/example_external_task_marker_dag.py                                  2           0  0.33s           2025-07-14T22:47:10
/home/airflow/.local/lib/python3.7/site-packages/airflow/example_dags/example_xcomargs.py                                                  2           0  0.19s           2025-07-14T22:47:29
/home/airflow/.local/lib/python3.7/site-packages/airflow/example_dags/example_subdag_operator.py                                           3           0  0.35s           2025-07-14T22:47:10
/home/airflow/.local/lib/python3.7/site-packages/airflow/example_dags/example_branch_datetime_operator.py                                  3           0  0.15s           2025-07-14T22:47:28
/home/airflow/.local/lib/python3.7/site-packages/airflow/example_dags/example_datasets.py                                                  6           0  0.19s           2025-07-14T22:47:10
================================================================================
[2025-07-14T22:47:43.185+0000] {manager.py:724} INFO - Searching for files in /opt/airflow/dags
[2025-07-14T22:47:43.212+0000] {manager.py:727} INFO - There are 37 files in /opt/airflow/dags
[2025-07-14T22:48:08.035+0000] {manager.py:846} INFO - 
================================================================================
DAG File Processing Stats

File Path                                                                                                         PID    Runtime      # DAGs    # Errors  Last Runtime    Last Run
----------------------------------------------------------------------------------------------------------------  -----  ---------  --------  ----------  --------------  -------------------
/opt/airflow/dags/ckan_sdmx_pipeline.py                                                                                                    0           1  0.07s           2025-07-14T22:48:00
/home/airflow/.local/lib/python3.7/site-packages/airflow/example_dags/plugins/workday.py                                                   0           0  0.04s           2025-07-14T22:48:01
/home/airflow/.local/lib/python3.7/site-packages/airflow/example_dags/subdags/subdag.py                                                    0           0  0.04s           2025-07-14T22:48:03
/home/airflow/.local/lib/python3.7/site-packages/airflow/example_dags/example_short_circuit_decorator.py                                   1           0  0.13s           2025-07-14T22:48:03
/home/airflow/.local/lib/python3.7/site-packages/airflow/example_dags/example_bash_operator.py                                             1           0  0.13s           2025-07-14T22:48:03
/home/airflow/.local/lib/python3.7/site-packages/airflow/example_dags/tutorial_taskflow_api.py                                             1           0  0.20s           2025-07-14T22:48:05
/home/airflow/.local/lib/python3.7/site-packages/airflow/example_dags/example_latest_only_with_trigger.py                                  1           0  0.18s           2025-07-14T22:48:05
/home/airflow/.local/lib/python3.7/site-packages/airflow/example_dags/tutorial.py                                                          1           0  0.16s           2025-07-14T22:48:06
/home/airflow/.local/lib/python3.7/site-packages/airflow/example_dags/example_branch_operator_decorator.py                                 1           0  0.17s           2025-07-14T22:48:06
/home/airflow/.local/lib/python3.7/site-packages/airflow/example_dags/example_complex.py                                                   1           0  0.15s           2025-07-14T22:48:07
/home/airflow/.local/lib/python3.7/site-packages/airflow/example_dags/example_branch_operator.py                                           1           0  0.14s           2025-07-14T22:48:07
/home/airflow/.local/lib/python3.7/site-packages/airflow/example_dags/example_python_operator.py                                           1           0  0.36s           2025-07-14T22:47:38
/home/airflow/.local/lib/python3.7/site-packages/airflow/example_dags/example_branch_labels.py                                             1           0  0.33s           2025-07-14T22:47:38
/home/airflow/.local/lib/python3.7/site-packages/airflow/example_dags/example_latest_only.py                                               1           0  0.15s           2025-07-14T22:47:39
/home/airflow/.local/lib/python3.7/site-packages/airflow/example_dags/example_kubernetes_executor.py                                       1           0  0.17s           2025-07-14T22:47:39
/home/airflow/.local/lib/python3.7/site-packages/airflow/example_dags/example_short_circuit_operator.py                                    1           0  0.14s           2025-07-14T22:47:39
/home/airflow/.local/lib/python3.7/site-packages/airflow/example_dags/example_dag_decorator.py                                             1           0  0.19s           2025-07-14T22:47:40
/home/airflow/.local/lib/python3.7/site-packages/airflow/example_dags/example_trigger_target_dag.py                                        1           0  0.14s           2025-07-14T22:47:41
/home/airflow/.local/lib/python3.7/site-packages/airflow/example_dags/example_xcom.py                                                      1           0  0.17s           2025-07-14T22:47:41
/home/airflow/.local/lib/python3.7/site-packages/airflow/example_dags/example_local_kubernetes_executor.py                                 1           0  0.15s           2025-07-14T22:47:53
/home/airflow/.local/lib/python3.7/site-packages/airflow/example_dags/example_branch_day_of_week_operator.py                               1           0  0.16s           2025-07-14T22:47:41
/home/airflow/.local/lib/python3.7/site-packages/airflow/example_dags/example_time_delta_sensor_async.py                                   1           0  0.32s           2025-07-14T22:47:59
/home/airflow/.local/lib/python3.7/site-packages/airflow/example_dags/example_trigger_controller_dag.py                                    1           0  0.15s           2025-07-14T22:47:55
/home/airflow/.local/lib/python3.7/site-packages/airflow/example_dags/tutorial_dag.py                                                      1           0  0.13s           2025-07-14T22:47:55
/home/airflow/.local/lib/python3.7/site-packages/airflow/example_dags/tutorial_taskflow_api_virtualenv.py                                  1           0  0.14s           2025-07-14T22:47:56
/home/airflow/.local/lib/python3.7/site-packages/airflow/example_dags/example_passing_params_via_test_command.py                           1           0  0.15s           2025-07-14T22:47:58
/home/airflow/.local/lib/python3.7/site-packages/airflow/example_dags/example_task_group_decorator.py                                      1           0  0.16s           2025-07-14T22:47:59
/home/airflow/.local/lib/python3.7/site-packages/airflow/example_dags/example_branch_python_dop_operator_3.py                              1           0  0.16s           2025-07-14T22:48:00
/home/airflow/.local/lib/python3.7/site-packages/airflow/example_dags/example_sla_dag.py                                                   1           0  0.14s           2025-07-14T22:48:00
/home/airflow/.local/lib/python3.7/site-packages/airflow/example_dags/example_nested_branch_dag.py                                         1           0  0.13s           2025-07-14T22:48:02
/home/airflow/.local/lib/python3.7/site-packages/airflow/example_dags/example_task_group.py                                                1           0  0.13s           2025-07-14T22:48:01
/home/airflow/.local/lib/python3.7/site-packages/airflow/example_dags/example_skip_dag.py                                                  1           0  0.11s           2025-07-14T22:48:03
/home/airflow/.local/lib/python3.7/site-packages/airflow/example_dags/example_external_task_marker_dag.py                                  2           0  0.33s           2025-07-14T22:47:40
/home/airflow/.local/lib/python3.7/site-packages/airflow/example_dags/example_xcomargs.py                                                  2           0  0.15s           2025-07-14T22:48:00
/home/airflow/.local/lib/python3.7/site-packages/airflow/example_dags/example_subdag_operator.py                                           3           0  0.36s           2025-07-14T22:47:40
/home/airflow/.local/lib/python3.7/site-packages/airflow/example_dags/example_branch_datetime_operator.py                                  3           0  0.16s           2025-07-14T22:47:58
/home/airflow/.local/lib/python3.7/site-packages/airflow/example_dags/example_datasets.py                                                  6           0  0.17s           2025-07-14T22:47:40
================================================================================
[2025-07-14T22:48:38.047+0000] {manager.py:846} INFO - 
================================================================================
DAG File Processing Stats

File Path                                                                                                         PID    Runtime      # DAGs    # Errors  Last Runtime    Last Run
----------------------------------------------------------------------------------------------------------------  -----  ---------  --------  ----------  --------------  -------------------
/opt/airflow/dags/ckan_sdmx_pipeline.py                                                                                                    0           1  0.07s           2025-07-14T22:48:30
/home/airflow/.local/lib/python3.7/site-packages/airflow/example_dags/plugins/workday.py                                                   0           0  0.04s           2025-07-14T22:48:32
/home/airflow/.local/lib/python3.7/site-packages/airflow/example_dags/subdags/subdag.py                                                    0           0  0.06s           2025-07-14T22:48:34
/home/airflow/.local/lib/python3.7/site-packages/airflow/example_dags/example_short_circuit_decorator.py                                   1           0  0.14s           2025-07-14T22:48:34
/home/airflow/.local/lib/python3.7/site-packages/airflow/example_dags/example_bash_operator.py                                             1           0  0.14s           2025-07-14T22:48:34
/home/airflow/.local/lib/python3.7/site-packages/airflow/example_dags/tutorial_taskflow_api.py                                             1           0  0.15s           2025-07-14T22:48:36
/home/airflow/.local/lib/python3.7/site-packages/airflow/example_dags/example_latest_only_with_trigger.py                                  1           0  0.13s           2025-07-14T22:48:36
/home/airflow/.local/lib/python3.7/site-packages/airflow/example_dags/tutorial.py                                                          1           0  0.16s           2025-07-14T22:48:37
/home/airflow/.local/lib/python3.7/site-packages/airflow/example_dags/example_branch_operator_decorator.py                                 1           0  0.17s           2025-07-14T22:48:37
/home/airflow/.local/lib/python3.7/site-packages/airflow/example_dags/example_complex.py                                                   1           0  0.13s           2025-07-14T22:48:38
/home/airflow/.local/lib/python3.7/site-packages/airflow/example_dags/example_branch_operator.py                                           1           0  0.12s           2025-07-14T22:48:38
/home/airflow/.local/lib/python3.7/site-packages/airflow/example_dags/example_python_operator.py                                           1           0  0.13s           2025-07-14T22:48:09
/home/airflow/.local/lib/python3.7/site-packages/airflow/example_dags/example_branch_labels.py                                             1           0  0.12s           2025-07-14T22:48:09
/home/airflow/.local/lib/python3.7/site-packages/airflow/example_dags/example_latest_only.py                                               1           0  0.14s           2025-07-14T22:48:10
/home/airflow/.local/lib/python3.7/site-packages/airflow/example_dags/example_kubernetes_executor.py                                       1           0  0.14s           2025-07-14T22:48:10
/home/airflow/.local/lib/python3.7/site-packages/airflow/example_dags/example_short_circuit_operator.py                                    1           0  0.12s           2025-07-14T22:48:10
/home/airflow/.local/lib/python3.7/site-packages/airflow/example_dags/example_dag_decorator.py                                             1           0  0.21s           2025-07-14T22:48:11
/home/airflow/.local/lib/python3.7/site-packages/airflow/example_dags/example_trigger_target_dag.py                                        1           0  0.13s           2025-07-14T22:48:12
/home/airflow/.local/lib/python3.7/site-packages/airflow/example_dags/example_xcom.py                                                      1           0  0.14s           2025-07-14T22:48:12
/home/airflow/.local/lib/python3.7/site-packages/airflow/example_dags/example_local_kubernetes_executor.py                                 1           0  0.13s           2025-07-14T22:48:24
/home/airflow/.local/lib/python3.7/site-packages/airflow/example_dags/example_branch_day_of_week_operator.py                               1           0  0.13s           2025-07-14T22:48:12
/home/airflow/.local/lib/python3.7/site-packages/airflow/example_dags/example_time_delta_sensor_async.py                                   1           0  0.26s           2025-07-14T22:48:30
/home/airflow/.local/lib/python3.7/site-packages/airflow/example_dags/example_trigger_controller_dag.py                                    1           0  0.14s           2025-07-14T22:48:26
/home/airflow/.local/lib/python3.7/site-packages/airflow/example_dags/tutorial_dag.py                                                      1           0  0.13s           2025-07-14T22:48:26
/home/airflow/.local/lib/python3.7/site-packages/airflow/example_dags/tutorial_taskflow_api_virtualenv.py                                  1           0  0.15s           2025-07-14T22:48:27
/home/airflow/.local/lib/python3.7/site-packages/airflow/example_dags/example_passing_params_via_test_command.py                           1           0  0.25s           2025-07-14T22:48:29
/home/airflow/.local/lib/python3.7/site-packages/airflow/example_dags/example_task_group_decorator.py                                      1           0  0.14s           2025-07-14T22:48:30
/home/airflow/.local/lib/python3.7/site-packages/airflow/example_dags/example_branch_python_dop_operator_3.py                              1           0  0.13s           2025-07-14T22:48:31
/home/airflow/.local/lib/python3.7/site-packages/airflow/example_dags/example_sla_dag.py                                                   1           0  0.13s           2025-07-14T22:48:31
/home/airflow/.local/lib/python3.7/site-packages/airflow/example_dags/example_nested_branch_dag.py                                         1           0  0.15s           2025-07-14T22:48:33
/home/airflow/.local/lib/python3.7/site-packages/airflow/example_dags/example_task_group.py                                                1           0  0.12s           2025-07-14T22:48:32
/home/airflow/.local/lib/python3.7/site-packages/airflow/example_dags/example_skip_dag.py                                                  1           0  0.14s           2025-07-14T22:48:34
/home/airflow/.local/lib/python3.7/site-packages/airflow/example_dags/example_external_task_marker_dag.py                                  2           0  0.38s           2025-07-14T22:48:11
/home/airflow/.local/lib/python3.7/site-packages/airflow/example_dags/example_xcomargs.py                                                  2           0  0.14s           2025-07-14T22:48:31
/home/airflow/.local/lib/python3.7/site-packages/airflow/example_dags/example_subdag_operator.py                                           3           0  0.41s           2025-07-14T22:48:11
/home/airflow/.local/lib/python3.7/site-packages/airflow/example_dags/example_branch_datetime_operator.py                                  3           0  0.25s           2025-07-14T22:48:29
/home/airflow/.local/lib/python3.7/site-packages/airflow/example_dags/example_datasets.py                                                  6           0  0.20s           2025-07-14T22:48:11
================================================================================
[2025-07-14T22:49:08.387+0000] {manager.py:846} INFO - 
================================================================================
DAG File Processing Stats

File Path                                                                                                           PID  Runtime      # DAGs    # Errors  Last Runtime    Last Run
----------------------------------------------------------------------------------------------------------------  -----  ---------  --------  ----------  --------------  -------------------
/opt/airflow/dags/ckan_sdmx_pipeline.py                                                                                                    0           1  0.07s           2025-07-14T22:49:01
/home/airflow/.local/lib/python3.7/site-packages/airflow/example_dags/plugins/workday.py                                                   0           0  0.04s           2025-07-14T22:49:02
/home/airflow/.local/lib/python3.7/site-packages/airflow/example_dags/subdags/subdag.py                                                    0           0  0.04s           2025-07-14T22:49:05
/home/airflow/.local/lib/python3.7/site-packages/airflow/example_dags/example_short_circuit_decorator.py                                   1           0  0.19s           2025-07-14T22:49:05
/home/airflow/.local/lib/python3.7/site-packages/airflow/example_dags/example_bash_operator.py                                             1           0  0.20s           2025-07-14T22:49:05
/home/airflow/.local/lib/python3.7/site-packages/airflow/example_dags/tutorial_taskflow_api.py                                             1           0  0.13s           2025-07-14T22:49:07
/home/airflow/.local/lib/python3.7/site-packages/airflow/example_dags/example_latest_only_with_trigger.py                                  1           0  0.12s           2025-07-14T22:49:07
/home/airflow/.local/lib/python3.7/site-packages/airflow/example_dags/tutorial.py                                  2061  0.01s             1           0  0.16s           2025-07-14T22:48:37
/home/airflow/.local/lib/python3.7/site-packages/airflow/example_dags/example_branch_operator_decorator.py         2062  0.00s             1           0  0.17s           2025-07-14T22:48:37
/home/airflow/.local/lib/python3.7/site-packages/airflow/example_dags/example_complex.py                                                   1           0  0.13s           2025-07-14T22:48:38
/home/airflow/.local/lib/python3.7/site-packages/airflow/example_dags/example_branch_operator.py                                           1           0  0.12s           2025-07-14T22:48:38
/home/airflow/.local/lib/python3.7/site-packages/airflow/example_dags/example_python_operator.py                                           1           0  0.17s           2025-07-14T22:48:40
/home/airflow/.local/lib/python3.7/site-packages/airflow/example_dags/example_branch_labels.py                                             1           0  0.15s           2025-07-14T22:48:40
/home/airflow/.local/lib/python3.7/site-packages/airflow/example_dags/example_latest_only.py                                               1           0  0.15s           2025-07-14T22:48:41
/home/airflow/.local/lib/python3.7/site-packages/airflow/example_dags/example_kubernetes_executor.py                                       1           0  0.17s           2025-07-14T22:48:41
/home/airflow/.local/lib/python3.7/site-packages/airflow/example_dags/example_short_circuit_operator.py                                    1           0  0.14s           2025-07-14T22:48:41
/home/airflow/.local/lib/python3.7/site-packages/airflow/example_dags/example_dag_decorator.py                                             1           0  0.19s           2025-07-14T22:48:42
/home/airflow/.local/lib/python3.7/site-packages/airflow/example_dags/example_trigger_target_dag.py                                        1           0  0.13s           2025-07-14T22:48:42
/home/airflow/.local/lib/python3.7/site-packages/airflow/example_dags/example_xcom.py                                                      1           0  0.15s           2025-07-14T22:48:43
/home/airflow/.local/lib/python3.7/site-packages/airflow/example_dags/example_local_kubernetes_executor.py                                 1           0  0.20s           2025-07-14T22:48:55
/home/airflow/.local/lib/python3.7/site-packages/airflow/example_dags/example_branch_day_of_week_operator.py                               1           0  0.14s           2025-07-14T22:48:43
/home/airflow/.local/lib/python3.7/site-packages/airflow/example_dags/example_time_delta_sensor_async.py                                   1           0  0.29s           2025-07-14T22:49:01
/home/airflow/.local/lib/python3.7/site-packages/airflow/example_dags/example_trigger_controller_dag.py                                    1           0  0.11s           2025-07-14T22:48:57
/home/airflow/.local/lib/python3.7/site-packages/airflow/example_dags/tutorial_dag.py                                                      1           0  0.12s           2025-07-14T22:48:57
/home/airflow/.local/lib/python3.7/site-packages/airflow/example_dags/tutorial_taskflow_api_virtualenv.py                                  1           0  0.13s           2025-07-14T22:48:58
/home/airflow/.local/lib/python3.7/site-packages/airflow/example_dags/example_passing_params_via_test_command.py                           1           0  0.13s           2025-07-14T22:49:00
/home/airflow/.local/lib/python3.7/site-packages/airflow/example_dags/example_task_group_decorator.py                                      1           0  0.15s           2025-07-14T22:49:01
/home/airflow/.local/lib/python3.7/site-packages/airflow/example_dags/example_branch_python_dop_operator_3.py                              1           0  0.14s           2025-07-14T22:49:01
/home/airflow/.local/lib/python3.7/site-packages/airflow/example_dags/example_sla_dag.py                                                   1           0  0.14s           2025-07-14T22:49:01
/home/airflow/.local/lib/python3.7/site-packages/airflow/example_dags/example_nested_branch_dag.py                                         1           0  0.13s           2025-07-14T22:49:04
/home/airflow/.local/lib/python3.7/site-packages/airflow/example_dags/example_task_group.py                                                1           0  0.14s           2025-07-14T22:49:03
/home/airflow/.local/lib/python3.7/site-packages/airflow/example_dags/example_skip_dag.py                                                  1           0  0.12s           2025-07-14T22:49:05
/home/airflow/.local/lib/python3.7/site-packages/airflow/example_dags/example_external_task_marker_dag.py                                  2           0  0.29s           2025-07-14T22:48:42
/home/airflow/.local/lib/python3.7/site-packages/airflow/example_dags/example_xcomargs.py                                                  2           0  0.15s           2025-07-14T22:49:01
/home/airflow/.local/lib/python3.7/site-packages/airflow/example_dags/example_subdag_operator.py                                           3           0  0.31s           2025-07-14T22:48:42
/home/airflow/.local/lib/python3.7/site-packages/airflow/example_dags/example_branch_datetime_operator.py                                  3           0  0.14s           2025-07-14T22:49:00
/home/airflow/.local/lib/python3.7/site-packages/airflow/example_dags/example_datasets.py                                                  6           0  0.18s           2025-07-14T22:48:42
================================================================================
[2025-07-14T22:49:39.393+0000] {manager.py:846} INFO - 
================================================================================
DAG File Processing Stats

File Path                                                                                                           PID  Runtime      # DAGs    # Errors  Last Runtime    Last Run
----------------------------------------------------------------------------------------------------------------  -----  ---------  --------  ----------  --------------  -------------------
/opt/airflow/dags/ckan_sdmx_pipeline.py                                                                                                    0           1  0.07s           2025-07-14T22:49:32
/home/airflow/.local/lib/python3.7/site-packages/airflow/example_dags/plugins/workday.py                                                   0           0  0.04s           2025-07-14T22:49:33
/home/airflow/.local/lib/python3.7/site-packages/airflow/example_dags/subdags/subdag.py                                                    0           0  0.05s           2025-07-14T22:49:36
/home/airflow/.local/lib/python3.7/site-packages/airflow/example_dags/example_short_circuit_decorator.py                                   1           0  0.26s           2025-07-14T22:49:36
/home/airflow/.local/lib/python3.7/site-packages/airflow/example_dags/example_bash_operator.py                                             1           0  0.26s           2025-07-14T22:49:36
/home/airflow/.local/lib/python3.7/site-packages/airflow/example_dags/tutorial_taskflow_api.py                                             1           0  0.13s           2025-07-14T22:49:38
/home/airflow/.local/lib/python3.7/site-packages/airflow/example_dags/example_latest_only_with_trigger.py                                  1           0  0.12s           2025-07-14T22:49:38
/home/airflow/.local/lib/python3.7/site-packages/airflow/example_dags/tutorial.py                                  2124  0.01s             1           0  0.14s           2025-07-14T22:49:08
/home/airflow/.local/lib/python3.7/site-packages/airflow/example_dags/example_branch_operator_decorator.py         2125  0.01s             1           0  0.14s           2025-07-14T22:49:08
/home/airflow/.local/lib/python3.7/site-packages/airflow/example_dags/example_complex.py                                                   1           0  0.21s           2025-07-14T22:49:08
/home/airflow/.local/lib/python3.7/site-packages/airflow/example_dags/example_branch_operator.py                                           1           0  0.19s           2025-07-14T22:49:08
/home/airflow/.local/lib/python3.7/site-packages/airflow/example_dags/example_python_operator.py                                           1           0  0.16s           2025-07-14T22:49:10
/home/airflow/.local/lib/python3.7/site-packages/airflow/example_dags/example_branch_labels.py                                             1           0  0.14s           2025-07-14T22:49:10
/home/airflow/.local/lib/python3.7/site-packages/airflow/example_dags/example_latest_only.py                                               1           0  0.13s           2025-07-14T22:49:12
/home/airflow/.local/lib/python3.7/site-packages/airflow/example_dags/example_kubernetes_executor.py                                       1           0  0.14s           2025-07-14T22:49:12
/home/airflow/.local/lib/python3.7/site-packages/airflow/example_dags/example_short_circuit_operator.py                                    1           0  0.13s           2025-07-14T22:49:12
/home/airflow/.local/lib/python3.7/site-packages/airflow/example_dags/example_dag_decorator.py                                             1           0  0.18s           2025-07-14T22:49:13
/home/airflow/.local/lib/python3.7/site-packages/airflow/example_dags/example_trigger_target_dag.py                                        1           0  0.14s           2025-07-14T22:49:13
/home/airflow/.local/lib/python3.7/site-packages/airflow/example_dags/example_xcom.py                                                      1           0  0.14s           2025-07-14T22:49:13
/home/airflow/.local/lib/python3.7/site-packages/airflow/example_dags/example_local_kubernetes_executor.py                                 1           0  0.19s           2025-07-14T22:49:25
/home/airflow/.local/lib/python3.7/site-packages/airflow/example_dags/example_branch_day_of_week_operator.py                               1           0  0.13s           2025-07-14T22:49:13
/home/airflow/.local/lib/python3.7/site-packages/airflow/example_dags/example_time_delta_sensor_async.py                                   1           0  0.31s           2025-07-14T22:49:32
/home/airflow/.local/lib/python3.7/site-packages/airflow/example_dags/example_trigger_controller_dag.py                                    1           0  0.13s           2025-07-14T22:49:28
/home/airflow/.local/lib/python3.7/site-packages/airflow/example_dags/tutorial_dag.py                                                      1           0  0.12s           2025-07-14T22:49:28
/home/airflow/.local/lib/python3.7/site-packages/airflow/example_dags/tutorial_taskflow_api_virtualenv.py                                  1           0  0.15s           2025-07-14T22:49:29
/home/airflow/.local/lib/python3.7/site-packages/airflow/example_dags/example_passing_params_via_test_command.py                           1           0  0.14s           2025-07-14T22:49:31
/home/airflow/.local/lib/python3.7/site-packages/airflow/example_dags/example_task_group_decorator.py                                      1           0  0.16s           2025-07-14T22:49:32
/home/airflow/.local/lib/python3.7/site-packages/airflow/example_dags/example_branch_python_dop_operator_3.py                              1           0  0.14s           2025-07-14T22:49:32
/home/airflow/.local/lib/python3.7/site-packages/airflow/example_dags/example_sla_dag.py                                                   1           0  0.14s           2025-07-14T22:49:32
/home/airflow/.local/lib/python3.7/site-packages/airflow/example_dags/example_nested_branch_dag.py                                         1           0  0.17s           2025-07-14T22:49:34
/home/airflow/.local/lib/python3.7/site-packages/airflow/example_dags/example_task_group.py                                                1           0  0.12s           2025-07-14T22:49:33
/home/airflow/.local/lib/python3.7/site-packages/airflow/example_dags/example_skip_dag.py                                                  1           0  0.18s           2025-07-14T22:49:36
/home/airflow/.local/lib/python3.7/site-packages/airflow/example_dags/example_external_task_marker_dag.py                                  2           0  0.32s           2025-07-14T22:49:13
/home/airflow/.local/lib/python3.7/site-packages/airflow/example_dags/example_xcomargs.py                                                  2           0  0.14s           2025-07-14T22:49:32
/home/airflow/.local/lib/python3.7/site-packages/airflow/example_dags/example_subdag_operator.py                                           3           0  0.35s           2025-07-14T22:49:13
/home/airflow/.local/lib/python3.7/site-packages/airflow/example_dags/example_branch_datetime_operator.py                                  3           0  0.18s           2025-07-14T22:49:31
/home/airflow/.local/lib/python3.7/site-packages/airflow/example_dags/example_datasets.py                                                  6           0  0.17s           2025-07-14T22:49:13
================================================================================
[2025-07-14T22:50:10.269+0000] {manager.py:846} INFO - 
================================================================================
DAG File Processing Stats

File Path                                                                                                           PID  Runtime      # DAGs    # Errors  Last Runtime    Last Run
----------------------------------------------------------------------------------------------------------------  -----  ---------  --------  ----------  --------------  -------------------
/opt/airflow/dags/ckan_sdmx_pipeline.py                                                                                                    0           1  0.07s           2025-07-14T22:50:02
/home/airflow/.local/lib/python3.7/site-packages/airflow/example_dags/plugins/workday.py                                                   0           0  0.05s           2025-07-14T22:50:03
/home/airflow/.local/lib/python3.7/site-packages/airflow/example_dags/subdags/subdag.py                                                    0           0  0.04s           2025-07-14T22:50:07
/home/airflow/.local/lib/python3.7/site-packages/airflow/example_dags/example_short_circuit_decorator.py                                   1           0  0.13s           2025-07-14T22:50:07
/home/airflow/.local/lib/python3.7/site-packages/airflow/example_dags/example_bash_operator.py                                             1           0  0.12s           2025-07-14T22:50:07
/home/airflow/.local/lib/python3.7/site-packages/airflow/example_dags/tutorial_taskflow_api.py                                             1           0  0.12s           2025-07-14T22:50:09
/home/airflow/.local/lib/python3.7/site-packages/airflow/example_dags/example_latest_only_with_trigger.py                                  1           0  0.11s           2025-07-14T22:50:09
/home/airflow/.local/lib/python3.7/site-packages/airflow/example_dags/tutorial.py                                  2181  0.01s             1           0  0.21s           2025-07-14T22:49:39
/home/airflow/.local/lib/python3.7/site-packages/airflow/example_dags/example_branch_operator_decorator.py         2182  0.00s             1           0  0.21s           2025-07-14T22:49:39
/home/airflow/.local/lib/python3.7/site-packages/airflow/example_dags/example_complex.py                                                   1           0  0.18s           2025-07-14T22:49:39
/home/airflow/.local/lib/python3.7/site-packages/airflow/example_dags/example_branch_operator.py                                           1           0  0.17s           2025-07-14T22:49:39
/home/airflow/.local/lib/python3.7/site-packages/airflow/example_dags/example_python_operator.py                                           1           0  0.14s           2025-07-14T22:49:41
/home/airflow/.local/lib/python3.7/site-packages/airflow/example_dags/example_branch_labels.py                                             1           0  0.13s           2025-07-14T22:49:41
/home/airflow/.local/lib/python3.7/site-packages/airflow/example_dags/example_latest_only.py                                               1           0  0.23s           2025-07-14T22:49:43
/home/airflow/.local/lib/python3.7/site-packages/airflow/example_dags/example_kubernetes_executor.py                                       1           0  0.26s           2025-07-14T22:49:43
/home/airflow/.local/lib/python3.7/site-packages/airflow/example_dags/example_short_circuit_operator.py                                    1           0  0.22s           2025-07-14T22:49:43
/home/airflow/.local/lib/python3.7/site-packages/airflow/example_dags/example_dag_decorator.py                                             1           0  0.22s           2025-07-14T22:49:44
/home/airflow/.local/lib/python3.7/site-packages/airflow/example_dags/example_trigger_target_dag.py                                        1           0  0.19s           2025-07-14T22:49:44
/home/airflow/.local/lib/python3.7/site-packages/airflow/example_dags/example_xcom.py                                                      1           0  0.22s           2025-07-14T22:49:45
/home/airflow/.local/lib/python3.7/site-packages/airflow/example_dags/example_local_kubernetes_executor.py                                 1           0  0.15s           2025-07-14T22:49:56
/home/airflow/.local/lib/python3.7/site-packages/airflow/example_dags/example_branch_day_of_week_operator.py                               1           0  0.27s           2025-07-14T22:49:45
/home/airflow/.local/lib/python3.7/site-packages/airflow/example_dags/example_time_delta_sensor_async.py                                   1           0  0.28s           2025-07-14T22:50:03
/home/airflow/.local/lib/python3.7/site-packages/airflow/example_dags/example_trigger_controller_dag.py                                    1           0  0.16s           2025-07-14T22:49:58
/home/airflow/.local/lib/python3.7/site-packages/airflow/example_dags/tutorial_dag.py                                                      1           0  0.16s           2025-07-14T22:49:58
/home/airflow/.local/lib/python3.7/site-packages/airflow/example_dags/tutorial_taskflow_api_virtualenv.py                                  1           0  0.14s           2025-07-14T22:49:59
/home/airflow/.local/lib/python3.7/site-packages/airflow/example_dags/example_passing_params_via_test_command.py                           1           0  0.13s           2025-07-14T22:50:01
/home/airflow/.local/lib/python3.7/site-packages/airflow/example_dags/example_task_group_decorator.py                                      1           0  0.14s           2025-07-14T22:50:03
/home/airflow/.local/lib/python3.7/site-packages/airflow/example_dags/example_branch_python_dop_operator_3.py                              1           0  0.14s           2025-07-14T22:50:03
/home/airflow/.local/lib/python3.7/site-packages/airflow/example_dags/example_sla_dag.py                                                   1           0  0.14s           2025-07-14T22:50:03
/home/airflow/.local/lib/python3.7/site-packages/airflow/example_dags/example_nested_branch_dag.py                                         1           0  0.14s           2025-07-14T22:50:05
/home/airflow/.local/lib/python3.7/site-packages/airflow/example_dags/example_task_group.py                                                1           0  0.14s           2025-07-14T22:50:04
/home/airflow/.local/lib/python3.7/site-packages/airflow/example_dags/example_skip_dag.py                                                  1           0  0.12s           2025-07-14T22:50:07
/home/airflow/.local/lib/python3.7/site-packages/airflow/example_dags/example_external_task_marker_dag.py                                  2           0  0.35s           2025-07-14T22:49:44
/home/airflow/.local/lib/python3.7/site-packages/airflow/example_dags/example_xcomargs.py                                                  2           0  0.13s           2025-07-14T22:50:03
/home/airflow/.local/lib/python3.7/site-packages/airflow/example_dags/example_subdag_operator.py                                           3           0  0.37s           2025-07-14T22:49:44
/home/airflow/.local/lib/python3.7/site-packages/airflow/example_dags/example_branch_datetime_operator.py                                  3           0  0.13s           2025-07-14T22:50:01
/home/airflow/.local/lib/python3.7/site-packages/airflow/example_dags/example_datasets.py                                                  6           0  0.20s           2025-07-14T22:49:44
================================================================================
[2025-07-14T22:50:40.297+0000] {manager.py:846} INFO - 
================================================================================
DAG File Processing Stats

File Path                                                                                                           PID  Runtime      # DAGs    # Errors  Last Runtime    Last Run
----------------------------------------------------------------------------------------------------------------  -----  ---------  --------  ----------  --------------  -------------------
/opt/airflow/dags/ckan_sdmx_pipeline.py                                                                                                    0           1  0.07s           2025-07-14T22:50:33
/home/airflow/.local/lib/python3.7/site-packages/airflow/example_dags/plugins/workday.py                                                   0           0  0.04s           2025-07-14T22:50:34
/home/airflow/.local/lib/python3.7/site-packages/airflow/example_dags/subdags/subdag.py                                                    0           0  0.04s           2025-07-14T22:50:38
/home/airflow/.local/lib/python3.7/site-packages/airflow/example_dags/example_short_circuit_decorator.py                                   1           0  0.16s           2025-07-14T22:50:37
/home/airflow/.local/lib/python3.7/site-packages/airflow/example_dags/example_bash_operator.py                                             1           0  0.16s           2025-07-14T22:50:37
/home/airflow/.local/lib/python3.7/site-packages/airflow/example_dags/tutorial_taskflow_api.py                     2243  0.14s             1           0  0.12s           2025-07-14T22:50:09
/home/airflow/.local/lib/python3.7/site-packages/airflow/example_dags/example_latest_only_with_trigger.py                                  1           0  0.13s           2025-07-14T22:50:40
/home/airflow/.local/lib/python3.7/site-packages/airflow/example_dags/tutorial.py                                                          1           0  0.15s           2025-07-14T22:50:10
/home/airflow/.local/lib/python3.7/site-packages/airflow/example_dags/example_branch_operator_decorator.py                                 1           0  0.16s           2025-07-14T22:50:10
/home/airflow/.local/lib/python3.7/site-packages/airflow/example_dags/example_complex.py                                                   1           0  0.18s           2025-07-14T22:50:10
/home/airflow/.local/lib/python3.7/site-packages/airflow/example_dags/example_branch_operator.py                                           1           0  0.13s           2025-07-14T22:50:10
/home/airflow/.local/lib/python3.7/site-packages/airflow/example_dags/example_python_operator.py                                           1           0  0.15s           2025-07-14T22:50:12
/home/airflow/.local/lib/python3.7/site-packages/airflow/example_dags/example_branch_labels.py                                             1           0  0.14s           2025-07-14T22:50:12
/home/airflow/.local/lib/python3.7/site-packages/airflow/example_dags/example_latest_only.py                                               1           0  0.15s           2025-07-14T22:50:13
/home/airflow/.local/lib/python3.7/site-packages/airflow/example_dags/example_kubernetes_executor.py                                       1           0  0.16s           2025-07-14T22:50:13
/home/airflow/.local/lib/python3.7/site-packages/airflow/example_dags/example_short_circuit_operator.py                                    1           0  0.13s           2025-07-14T22:50:14
/home/airflow/.local/lib/python3.7/site-packages/airflow/example_dags/example_dag_decorator.py                                             1           0  0.19s           2025-07-14T22:50:15
/home/airflow/.local/lib/python3.7/site-packages/airflow/example_dags/example_trigger_target_dag.py                                        1           0  0.14s           2025-07-14T22:50:15
/home/airflow/.local/lib/python3.7/site-packages/airflow/example_dags/example_xcom.py                                                      1           0  0.14s           2025-07-14T22:50:15
/home/airflow/.local/lib/python3.7/site-packages/airflow/example_dags/example_local_kubernetes_executor.py                                 1           0  0.13s           2025-07-14T22:50:26
/home/airflow/.local/lib/python3.7/site-packages/airflow/example_dags/example_branch_day_of_week_operator.py                               1           0  0.13s           2025-07-14T22:50:15
/home/airflow/.local/lib/python3.7/site-packages/airflow/example_dags/example_time_delta_sensor_async.py                                   1           0  0.27s           2025-07-14T22:50:34
/home/airflow/.local/lib/python3.7/site-packages/airflow/example_dags/example_trigger_controller_dag.py                                    1           0  0.12s           2025-07-14T22:50:28
/home/airflow/.local/lib/python3.7/site-packages/airflow/example_dags/tutorial_dag.py                                                      1           0  0.11s           2025-07-14T22:50:28
/home/airflow/.local/lib/python3.7/site-packages/airflow/example_dags/tutorial_taskflow_api_virtualenv.py                                  1           0  0.14s           2025-07-14T22:50:30
/home/airflow/.local/lib/python3.7/site-packages/airflow/example_dags/example_passing_params_via_test_command.py                           1           0  0.20s           2025-07-14T22:50:32
/home/airflow/.local/lib/python3.7/site-packages/airflow/example_dags/example_task_group_decorator.py                                      1           0  0.14s           2025-07-14T22:50:34
/home/airflow/.local/lib/python3.7/site-packages/airflow/example_dags/example_branch_python_dop_operator_3.py                              1           0  0.13s           2025-07-14T22:50:34
/home/airflow/.local/lib/python3.7/site-packages/airflow/example_dags/example_sla_dag.py                                                   1           0  0.13s           2025-07-14T22:50:34
/home/airflow/.local/lib/python3.7/site-packages/airflow/example_dags/example_nested_branch_dag.py                                         1           0  0.15s           2025-07-14T22:50:35
/home/airflow/.local/lib/python3.7/site-packages/airflow/example_dags/example_task_group.py                                                1           0  0.12s           2025-07-14T22:50:35
/home/airflow/.local/lib/python3.7/site-packages/airflow/example_dags/example_skip_dag.py                                                  1           0  0.14s           2025-07-14T22:50:38
/home/airflow/.local/lib/python3.7/site-packages/airflow/example_dags/example_external_task_marker_dag.py                                  2           0  0.36s           2025-07-14T22:50:15
/home/airflow/.local/lib/python3.7/site-packages/airflow/example_dags/example_xcomargs.py                                                  2           0  0.13s           2025-07-14T22:50:34
/home/airflow/.local/lib/python3.7/site-packages/airflow/example_dags/example_subdag_operator.py                                           3           0  0.39s           2025-07-14T22:50:15
/home/airflow/.local/lib/python3.7/site-packages/airflow/example_dags/example_branch_datetime_operator.py                                  3           0  0.22s           2025-07-14T22:50:32
/home/airflow/.local/lib/python3.7/site-packages/airflow/example_dags/example_datasets.py                                                  6           0  0.16s           2025-07-14T22:50:15
================================================================================
[2025-07-14T22:51:01.268+0000] {manager.py:465} INFO - Exiting gracefully upon receiving signal 15
